Actual,Predicted,Residual,Absolute_Error,GaugeID,Target,T1d,T2d,T3d,T4d,T5d,T6d,T7d,T8d,T9d,T10d,Stream Order,Maximal Flow Length,Downvalley Length,Drainage Area,Catchment Relief,Catchment Length,Catchment Perimeter,Sinuosity Index,Form Factor,Relief Ratio,Elongation Ratio,Circularity Ratio,Lemniscates Value,Drainage Texture,Drainage Density,Compactness Coefficient,Wandering Ratio,Fitness Ratio,Basin Magnitude,Channel Frequency,Drainage Intensity,Infiltration Number,Ruggedness Number,No. of Firstorder Streams,No. of Secondorder Streams,No. of Thirdorder Streams,No. of Fourthorder Streams,No. of Fifthorder Streams,Firstorder Streams Length,Secondorder Streams Length,Thirdorder Streams Length,Fourthorder Streams Length,Fifthorder Streams Length,Firstorder Streams  Mean  Length,Secondorder Streams  Mean Length,Thirdorder Streams Mean Length,Fourthorder Streams Mean Length,Fifthorder Streams Mean Length,FirstSecond Stream Length Ratio,SecondThird Stream Length Ratio,ThirdForth Stream Length Ratio,FourthFifth Stream Length Ratio,FirstSecond Bifurcation Ratio,SecondThird Bifurcation Ratio,ThirdForth Bifurcation Ratio,FourthFifth Bifurcation Ratio,Annual Mean Temperature,Mean Diurnal Range,Isothermality,Temperature Seasonality,Max Temperature of Warmest Month,Min Temperature of Coldest Month,Temperature Annual Range,Mean Temperature of Wettest Quarter,Mean Temperature of Driest Quarter,Mean Temperature of Warmest Quarter,Mean Temperature of Coldest Quarter,Annual Precipitation,Precipitation of Wettest Month,Precipitation of Driest Month,Precipitation Seasonality,Precipitation of Wettest Quarter,Precipitation of Driest Quarter,Precipitation of Warmest Quarter,Precipitation of Coldest Quarter,KoppenGeiger Climate Type,2015_GDP_PPP,2010_GDP_PPP,2005_GDP_PPP,2000_GDP_PPP,1995_GDP_PPP,1990_GDP_PPP,2010_GDP_PC_PPP,2015_GDP_PC_PPP,2005_GDP_PC_PPP,2000_GDP_PC_PPP,1995_GDP_PC_PPP,1990_GDP_PC_PPP,Night Light,Road Density,Urban percentage,2010_HDI,2015_HDI,2005_HDI,2000_HDI,1995_HDI,1990_HDI,Population Count,Population Density,Land cover,Soil type,lithology type,Latitude,Longitude,Basin,State,Source Catchment Area,Catchment Area,Area variation (%),Event_Start_Year,Event_Start_Month,Event_Start_DayOfYear,Event_Season
1172.36,333.39107478648697,838.9689252135129,838.9689252135129,INDOFLOODS-gauge-472,1172.36,0.294252259,1.353017712,1.448412461,1.449897119,1.450887236,1.456121988,1.464014942,1.5304337680000002,1.670444839,1.861936969,6,650388.9375,378736.5625,44652.65625,913,411680.4063,1664588.375,1.717259407,0.263467401,0.00221774,4.07e-11,0.202508584,3.795535803,0.000451163,0.000167508,2.237970829,1.579839468,0.390720576,581,1.68e-08,0.000100405,2.82e-12,0.152935132,581,126.0,31.0,9.0,3.0,3671381.5,1916652.625,965564.375,357243.875,345153.2813,6319.073242,15211.52832,31147.23828,39693.76563,115051.0938,0.522052169,0.503776431,0.369984537,0.966155887,4.611111164,4.064516068,3.444444418,3.0,24.964161,12.751767,41.11585,504.492075,41.046781,10.038858,31.007923,25.90896,24.431836,31.598482,18.730509,1267.92929,405.424048,4.618662,142.814047,1031.16188,27.087191,135.854057,34.012834,Tropical,62070252.02,44784344.93,31091858.92,24356314.02,23683134.33,20921424.15,2990.2112,3889.343,2227.44,1882.7871,1810.0876,1581.1671,1.487467,288.432099,5.58474887,0.474407538,0.510397127,0.438418027,0.40406436,0.376254261,0.350080065,8364153.0,186.969563,Cropland,Vertisols,Basic volcanic rocks,22.7561,77.7328,Narmada,Madhya Pradesh,44548.0,44652.65625,0.234929178,2019,12,361,Winter
25.26,414.5744745548898,-389.3144745548898,389.3144745548898,INDOFLOODS-gauge-944,25.26,33.83777473,44.41872991,47.93197145,54.1743313,63.64939276,64.00308577,67.65345754,74.35248569,79.2199431,85.64684169,3,74233.51563,51657.87109,1246.797119,320,56497.32031,189178.1875,1.437022328,0.390607059,0.005663985,1.78e-09,0.437787682,2.560117483,0.000163867,0.000161295,1.522104263,1.313929796,0.392399967,26,2.49e-08,0.000154151,4.01e-12,0.051614247,26,4.0,1.0,,,123321.2813,44967.64844,32812.61719,,,4743.125977,11241.91211,32812.61719,,,0.36463818,0.72969389,,,6.5,4.0,,,24.369713,10.271347,46.011247,381.059207,32.347634,10.024035,22.323599,27.394417,18.60138,27.412993,18.60138,2194.139477,458.129514,5.202989,83.868398,1144.525529,41.776463,1139.770859,41.776463,Tropical,160471366.0,115493434.9,93828384.0,67207706.59,35211597.46,28517917.83,3643.4976,4739.0674,3189.4104,2475.652,1429.769,1289.9675,2.758793,285.0,22.76159655,0.58,0.624,0.536,0.494,0.46,0.428,317448.1608,251.280174,Mosaic vegetation,Acrisols,Siliciclastic sedimentary rocks,24.0789,91.5919,Ganga - Brahmaputra - Meghna/Barak,Tripura,1310.0,1246.7971189999998,4.824647405,2018,5,138,Pre-Monsoon
26.2,414.61982713174535,-388.41982713174536,388.41982713174536,INDOFLOODS-gauge-944,26.2,18.42514918,42.56983109,97.61385964,144.2738444,209.1070882,243.4770516,262.08312,271.30595550000004,272.8119421,274.5086618,3,74233.51563,51657.87109,1246.797119,320,56497.32031,189178.1875,1.437022328,0.390607059,0.005663985,1.78e-09,0.437787682,2.560117483,0.000163867,0.000161295,1.522104263,1.313929796,0.392399967,26,2.49e-08,0.000154151,4.01e-12,0.051614247,26,4.0,1.0,,,123321.2813,44967.64844,32812.61719,,,4743.125977,11241.91211,32812.61719,,,0.36463818,0.72969389,,,6.5,4.0,,,24.369713,10.271347,46.011247,381.059207,32.347634,10.024035,22.323599,27.394417,18.60138,27.412993,18.60138,2194.139477,458.129514,5.202989,83.868398,1144.525529,41.776463,1139.770859,41.776463,Tropical,160471366.0,115493434.9,93828384.0,67207706.59,35211597.46,28517917.83,3643.4976,4739.0674,3189.4104,2475.652,1429.769,1289.9675,2.758793,285.0,22.76159655,0.58,0.624,0.536,0.494,0.46,0.428,317448.1608,251.280174,Mosaic vegetation,Acrisols,Siliciclastic sedimentary rocks,24.0789,91.5919,Ganga - Brahmaputra - Meghna/Barak,Tripura,1310.0,1246.7971189999998,4.824647405,2019,7,195,Monsoon
602.63,309.8264131962366,292.8035868037634,292.8035868037634,INDOFLOODS-gauge-472,602.63,3.479252486,6.675003133,14.45648522,16.97675294,23.78613869,37.72050106,48.07460132,61.20616784,65.45763663,69.7110607,6,650388.9375,378736.5625,44652.65625,913,411680.4063,1664588.375,1.717259407,0.263467401,0.00221774,4.07e-11,0.202508584,3.795535803,0.000451163,0.000167508,2.237970829,1.579839468,0.390720576,581,1.68e-08,0.000100405,2.82e-12,0.152935132,581,126.0,31.0,9.0,3.0,3671381.5,1916652.625,965564.375,357243.875,345153.2813,6319.073242,15211.52832,31147.23828,39693.76563,115051.0938,0.522052169,0.503776431,0.369984537,0.966155887,4.611111164,4.064516068,3.444444418,3.0,24.964161,12.751767,41.11585,504.492075,41.046781,10.038858,31.007923,25.90896,24.431836,31.598482,18.730509,1267.92929,405.424048,4.618662,142.814047,1031.16188,27.087191,135.854057,34.012834,Tropical,62070252.02,44784344.93,31091858.92,24356314.02,23683134.33,20921424.15,2990.2112,3889.343,2227.44,1882.7871,1810.0876,1581.1671,1.487467,288.432099,5.58474887,0.474407538,0.510397127,0.438418027,0.40406436,0.376254261,0.350080065,8364153.0,186.969563,Cropland,Vertisols,Basic volcanic rocks,22.7561,77.7328,Narmada,Madhya Pradesh,44548.0,44652.65625,0.234929178,1978,6,178,Monsoon
545.0,309.8264131962366,235.17358680376336,235.17358680376336,INDOFLOODS-gauge-472,545.0,1.813620289,3.04152178,3.77606409,4.168180709,4.196299216,4.207860588,4.233936569,4.241364867,4.315760808,4.467591704,6,650388.9375,378736.5625,44652.65625,913,411680.4063,1664588.375,1.717259407,0.263467401,0.00221774,4.07e-11,0.202508584,3.795535803,0.000451163,0.000167508,2.237970829,1.579839468,0.390720576,581,1.68e-08,0.000100405,2.82e-12,0.152935132,581,126.0,31.0,9.0,3.0,3671381.5,1916652.625,965564.375,357243.875,345153.2813,6319.073242,15211.52832,31147.23828,39693.76563,115051.0938,0.522052169,0.503776431,0.369984537,0.966155887,4.611111164,4.064516068,3.444444418,3.0,24.964161,12.751767,41.11585,504.492075,41.046781,10.038858,31.007923,25.90896,24.431836,31.598482,18.730509,1267.92929,405.424048,4.618662,142.814047,1031.16188,27.087191,135.854057,34.012834,Tropical,62070252.02,44784344.93,31091858.92,24356314.02,23683134.33,20921424.15,2990.2112,3889.343,2227.44,1882.7871,1810.0876,1581.1671,1.487467,288.432099,5.58474887,0.474407538,0.510397127,0.438418027,0.40406436,0.376254261,0.350080065,8364153.0,186.969563,Cropland,Vertisols,Basic volcanic rocks,22.7561,77.7328,Narmada,Madhya Pradesh,44548.0,44652.65625,0.234929178,1979,8,243,Monsoon
566.1,332.5716935185517,233.52830648144837,233.52830648144837,INDOFLOODS-gauge-472,566.1,7.6009336639999985,14.11779228,33.41149335,57.91524286,73.25453607,79.20925007,81.22883932,83.66794498,85.43902835,90.08892407,6,650388.9375,378736.5625,44652.65625,913,411680.4063,1664588.375,1.717259407,0.263467401,0.00221774,4.07e-11,0.202508584,3.795535803,0.000451163,0.000167508,2.237970829,1.579839468,0.390720576,581,1.68e-08,0.000100405,2.82e-12,0.152935132,581,126.0,31.0,9.0,3.0,3671381.5,1916652.625,965564.375,357243.875,345153.2813,6319.073242,15211.52832,31147.23828,39693.76563,115051.0938,0.522052169,0.503776431,0.369984537,0.966155887,4.611111164,4.064516068,3.444444418,3.0,24.964161,12.751767,41.11585,504.492075,41.046781,10.038858,31.007923,25.90896,24.431836,31.598482,18.730509,1267.92929,405.424048,4.618662,142.814047,1031.16188,27.087191,135.854057,34.012834,Tropical,62070252.02,44784344.93,31091858.92,24356314.02,23683134.33,20921424.15,2990.2112,3889.343,2227.44,1882.7871,1810.0876,1581.1671,1.487467,288.432099,5.58474887,0.474407538,0.510397127,0.438418027,0.40406436,0.376254261,0.350080065,8364153.0,186.969563,Cropland,Vertisols,Basic volcanic rocks,22.7561,77.7328,Narmada,Madhya Pradesh,44548.0,44652.65625,0.234929178,2017,8,223,Monsoon
10.0,237.1731757716281,-227.1731757716281,227.1731757716281,INDOFLOODS-gauge-180,10.0,16.78686712,30.57172723,39.61513531,79.83709711,134.0970543,180.7077189,204.0573521,232.7198295,257.8334551,273.71628639999994,5,750349.125,566346.3125,63694.52734,1256,570237.4375,1835279.0,1.324894547,0.195880264,0.002202591,2.46e-11,0.237633571,5.10515976,0.000589556,0.000174341,2.065961599,1.315853834,0.408847451,828,1.7e-08,9.74e-05,2.96e-12,0.218971848,828,207.0,39.0,7.0,1.0,5933836.0,2776032.75,1316217.625,497981.1875,580477.3125,7166.46875,13410.78613,33749.16797,71140.17188,580477.3125,0.467831045,0.474136204,0.378342599,1.165661097,4.0,5.307692528,5.571428776,7.0,26.644081,13.454998,47.622782,395.537198,41.079145,12.812237,28.266908,26.601947,26.8302,32.059281,21.931086,838.95258,248.13808,2.162785,127.462213,618.816838,10.939145,142.659974,23.16041,Arid,223100910.2,161785150.5,111455085.7,74877175.42,63905979.75,45529916.38,6438.921964,8375.05314,4718.821926,3442.631849,3265.356644,2597.590006,1.705076,380.47401,7.989958449,0.681918726,0.733650546,0.630187034,0.580806697,0.540832114,0.503209005,18379050.0,286.74663,Cropland,Vertisols,Basic volcanic rocks,21.2,72.82,Tapi,Gujarat,63973.0,63694.52734,0.435297172,2019,8,216,Monsoon
6.68,197.1854609138947,-190.5054609138947,190.5054609138947,INDOFLOODS-gauge-428,6.68,79.680008,141.33954540000005,221.44667740000003,265.6543722,337.931731,352.5197464,358.33889689999995,362.1586486,368.4937564,370.9049592,3,38148.5,29320.65039,606.7544556,1047,33947.90625,108006.2656,1.301079631,0.526486218,0.030841371,4.24e-09,0.653619409,1.899385095,0.000138881,0.000162495,1.245700717,1.123736501,0.353206366,11,2.47e-08,0.000152138,4.02e-12,0.170132369,11,3.0,1.0,,,57420.03516,19538.83594,21635.75391,,,5220.003418,6512.945313,21635.75391,,,0.340279073,1.107320547,,,3.666666746,3.0,,,26.609558,7.849422,67.779863,100.953824,32.618031,21.036477,11.581553,25.954739,26.273023,28.193134,25.832663,3111.134535,693.987517,19.435506,84.127547,1716.042996,111.50208,482.119279,647.848821,Tropical,415998738.8,304982317.5,210000386.3,137441409.5,88002185.25,62222018.5,6329.4634,8232.682,4635.839,3245.9465,2198.1104,1649.214,3.156056,443.75,30.9352518,0.9958371,1.0,0.9202909,0.8481785,0.7898019,0.7348591,334714.7972,547.297098,No dominant class,Cambisols,Acid plutonic rocks,9.6756,76.6056,West Flowing Rivers From Tadri to Kanyakumari,Kerala,615.0,606.7544556,1.340738927,1991,6,157,Monsoon
6.74,197.2308134907502,-190.49081349075016,190.49081349075016,INDOFLOODS-gauge-428,6.74,114.870543,251.924501,296.426597,312.3596474,333.6774156,351.870884,359.730348,361.0411898,361.6058443,385.6329913,3,38148.5,29320.65039,606.7544556,1047,33947.90625,108006.2656,1.301079631,0.526486218,0.030841371,4.24e-09,0.653619409,1.899385095,0.000138881,0.000162495,1.245700717,1.123736501,0.353206366,11,2.47e-08,0.000152138,4.02e-12,0.170132369,11,3.0,1.0,,,57420.03516,19538.83594,21635.75391,,,5220.003418,6512.945313,21635.75391,,,0.340279073,1.107320547,,,3.666666746,3.0,,,26.609558,7.849422,67.779863,100.953824,32.618031,21.036477,11.581553,25.954739,26.273023,28.193134,25.832663,3111.134535,693.987517,19.435506,84.127547,1716.042996,111.50208,482.119279,647.848821,Tropical,415998738.8,304982317.5,210000386.3,137441409.5,88002185.25,62222018.5,6329.4634,8232.682,4635.839,3245.9465,2198.1104,1649.214,3.156056,443.75,30.9352518,0.9958371,1.0,0.9202909,0.8481785,0.7898019,0.7348591,334714.7972,547.297098,No dominant class,Cambisols,Acid plutonic rocks,9.6756,76.6056,West Flowing Rivers From Tadri to Kanyakumari,Kerala,615.0,606.7544556,1.340738927,2019,7,201,Monsoon
6.17,196.33259620527224,-190.16259620527225,190.16259620527225,INDOFLOODS-gauge-428,6.17,143.426131,192.6211344,205.1903348,233.7435554,271.4267118,291.297261,297.3589623000001,298.6546316,315.27223,325.78043239999994,3,38148.5,29320.65039,606.7544556,1047,33947.90625,108006.2656,1.301079631,0.526486218,0.030841371,4.24e-09,0.653619409,1.899385095,0.000138881,0.000162495,1.245700717,1.123736501,0.353206366,11,2.47e-08,0.000152138,4.02e-12,0.170132369,11,3.0,1.0,,,57420.03516,19538.83594,21635.75391,,,5220.003418,6512.945313,21635.75391,,,0.340279073,1.107320547,,,3.666666746,3.0,,,26.609558,7.849422,67.779863,100.953824,32.618031,21.036477,11.581553,25.954739,26.273023,28.193134,25.832663,3111.134535,693.987517,19.435506,84.127547,1716.042996,111.50208,482.119279,647.848821,Tropical,415998738.8,304982317.5,210000386.3,137441409.5,88002185.25,62222018.5,6329.4634,8232.682,4635.839,3245.9465,2198.1104,1649.214,3.156056,443.75,30.9352518,0.9958371,1.0,0.9202909,0.8481785,0.7898019,0.7348591,334714.7972,547.297098,No dominant class,Cambisols,Acid plutonic rocks,9.6756,76.6056,West Flowing Rivers From Tadri to Kanyakumari,Kerala,615.0,606.7544556,1.340738927,2017,9,261,Monsoon
6.17,196.33259620527224,-190.16259620527225,190.16259620527225,INDOFLOODS-gauge-428,6.17,103.289093,162.0478732,213.5903958,249.9976866,263.1701085,265.3296931,272.1657285,275.0896078,277.3397287,280.0615126,3,38148.5,29320.65039,606.7544556,1047,33947.90625,108006.2656,1.301079631,0.526486218,0.030841371,4.24e-09,0.653619409,1.899385095,0.000138881,0.000162495,1.245700717,1.123736501,0.353206366,11,2.47e-08,0.000152138,4.02e-12,0.170132369,11,3.0,1.0,,,57420.03516,19538.83594,21635.75391,,,5220.003418,6512.945313,21635.75391,,,0.340279073,1.107320547,,,3.666666746,3.0,,,26.609558,7.849422,67.779863,100.953824,32.618031,21.036477,11.581553,25.954739,26.273023,28.193134,25.832663,3111.134535,693.987517,19.435506,84.127547,1716.042996,111.50208,482.119279,647.848821,Tropical,415998738.8,304982317.5,210000386.3,137441409.5,88002185.25,62222018.5,6329.4634,8232.682,4635.839,3245.9465,2198.1104,1649.214,3.156056,443.75,30.9352518,0.9958371,1.0,0.9202909,0.8481785,0.7898019,0.7348591,334714.7972,547.297098,No dominant class,Cambisols,Acid plutonic rocks,9.6756,76.6056,West Flowing Rivers From Tadri to Kanyakumari,Kerala,615.0,606.7544556,1.340738927,2017,6,179,Monsoon
6.18,196.33259620527224,-190.15259620527223,190.15259620527223,INDOFLOODS-gauge-428,6.18,171.962114,205.2549062,226.0556594,251.4031796,272.468046,281.684577,287.1293929,293.25655730000005,303.2019275,331.24431789999994,3,38148.5,29320.65039,606.7544556,1047,33947.90625,108006.2656,1.301079631,0.526486218,0.030841371,4.24e-09,0.653619409,1.899385095,0.000138881,0.000162495,1.245700717,1.123736501,0.353206366,11,2.47e-08,0.000152138,4.02e-12,0.170132369,11,3.0,1.0,,,57420.03516,19538.83594,21635.75391,,,5220.003418,6512.945313,21635.75391,,,0.340279073,1.107320547,,,3.666666746,3.0,,,26.609558,7.849422,67.779863,100.953824,32.618031,21.036477,11.581553,25.954739,26.273023,28.193134,25.832663,3111.134535,693.987517,19.435506,84.127547,1716.042996,111.50208,482.119279,647.848821,Tropical,415998738.8,304982317.5,210000386.3,137441409.5,88002185.25,62222018.5,6329.4634,8232.682,4635.839,3245.9465,2198.1104,1649.214,3.156056,443.75,30.9352518,0.9958371,1.0,0.9202909,0.8481785,0.7898019,0.7348591,334714.7972,547.297098,No dominant class,Cambisols,Acid plutonic rocks,9.6756,76.6056,West Flowing Rivers From Tadri to Kanyakumari,Kerala,615.0,606.7544556,1.340738927,2014,8,214,Monsoon
6.27,196.33259620527224,-190.06259620527223,190.06259620527223,INDOFLOODS-gauge-428,6.27,88.064514,148.1242114,169.9208188,193.7035962,199.3100798,203.2679026,212.6592858,219.2278022,227.0089507,230.793498,3,38148.5,29320.65039,606.7544556,1047,33947.90625,108006.2656,1.301079631,0.526486218,0.030841371,4.24e-09,0.653619409,1.899385095,0.000138881,0.000162495,1.245700717,1.123736501,0.353206366,11,2.47e-08,0.000152138,4.02e-12,0.170132369,11,3.0,1.0,,,57420.03516,19538.83594,21635.75391,,,5220.003418,6512.945313,21635.75391,,,0.340279073,1.107320547,,,3.666666746,3.0,,,26.609558,7.849422,67.779863,100.953824,32.618031,21.036477,11.581553,25.954739,26.273023,28.193134,25.832663,3111.134535,693.987517,19.435506,84.127547,1716.042996,111.50208,482.119279,647.848821,Tropical,415998738.8,304982317.5,210000386.3,137441409.5,88002185.25,62222018.5,6329.4634,8232.682,4635.839,3245.9465,2198.1104,1649.214,3.156056,443.75,30.9352518,0.9958371,1.0,0.9202909,0.8481785,0.7898019,0.7348591,334714.7972,547.297098,No dominant class,Cambisols,Acid plutonic rocks,9.6756,76.6056,West Flowing Rivers From Tadri to Kanyakumari,Kerala,615.0,606.7544556,1.340738927,1996,9,273,Monsoon
6.28,196.33259620527224,-190.05259620527224,190.05259620527224,INDOFLOODS-gauge-428,6.28,58.3849904,131.81749720000002,197.0521812,242.104276,292.986956,301.73397989999995,304.51883819999995,307.4590517,308.6426092,313.9839247,3,38148.5,29320.65039,606.7544556,1047,33947.90625,108006.2656,1.301079631,0.526486218,0.030841371,4.24e-09,0.653619409,1.899385095,0.000138881,0.000162495,1.245700717,1.123736501,0.353206366,11,2.47e-08,0.000152138,4.02e-12,0.170132369,11,3.0,1.0,,,57420.03516,19538.83594,21635.75391,,,5220.003418,6512.945313,21635.75391,,,0.340279073,1.107320547,,,3.666666746,3.0,,,26.609558,7.849422,67.779863,100.953824,32.618031,21.036477,11.581553,25.954739,26.273023,28.193134,25.832663,3111.134535,693.987517,19.435506,84.127547,1716.042996,111.50208,482.119279,647.848821,Tropical,415998738.8,304982317.5,210000386.3,137441409.5,88002185.25,62222018.5,6329.4634,8232.682,4635.839,3245.9465,2198.1104,1649.214,3.156056,443.75,30.9352518,0.9958371,1.0,0.9202909,0.8481785,0.7898019,0.7348591,334714.7972,547.297098,No dominant class,Cambisols,Acid plutonic rocks,9.6756,76.6056,West Flowing Rivers From Tadri to Kanyakumari,Kerala,615.0,606.7544556,1.340738927,1998,10,286,Post-Monsoon
6.41,196.33259620527224,-189.92259620527224,189.92259620527224,INDOFLOODS-gauge-428,6.41,65.38022099999999,117.3870252,147.77960339999996,154.5575463,159.7509337,170.0391753,173.2308774,183.586272,212.7009046,243.1422622,3,38148.5,29320.65039,606.7544556,1047,33947.90625,108006.2656,1.301079631,0.526486218,0.030841371,4.24e-09,0.653619409,1.899385095,0.000138881,0.000162495,1.245700717,1.123736501,0.353206366,11,2.47e-08,0.000152138,4.02e-12,0.170132369,11,3.0,1.0,,,57420.03516,19538.83594,21635.75391,,,5220.003418,6512.945313,21635.75391,,,0.340279073,1.107320547,,,3.666666746,3.0,,,26.609558,7.849422,67.779863,100.953824,32.618031,21.036477,11.581553,25.954739,26.273023,28.193134,25.832663,3111.134535,693.987517,19.435506,84.127547,1716.042996,111.50208,482.119279,647.848821,Tropical,415998738.8,304982317.5,210000386.3,137441409.5,88002185.25,62222018.5,6329.4634,8232.682,4635.839,3245.9465,2198.1104,1649.214,3.156056,443.75,30.9352518,0.9958371,1.0,0.9202909,0.8481785,0.7898019,0.7348591,334714.7972,547.297098,No dominant class,Cambisols,Acid plutonic rocks,9.6756,76.6056,West Flowing Rivers From Tadri to Kanyakumari,Kerala,615.0,606.7544556,1.340738927,1999,6,159,Monsoon
6.5,196.33259620527224,-189.83259620527224,189.83259620527224,INDOFLOODS-gauge-428,6.5,42.6289818,93.9332516,104.658091,113.578547,118.6063129,125.3678975,138.4603197,161.6008905,183.8438327,199.5180767,3,38148.5,29320.65039,606.7544556,1047,33947.90625,108006.2656,1.301079631,0.526486218,0.030841371,4.24e-09,0.653619409,1.899385095,0.000138881,0.000162495,1.245700717,1.123736501,0.353206366,11,2.47e-08,0.000152138,4.02e-12,0.170132369,11,3.0,1.0,,,57420.03516,19538.83594,21635.75391,,,5220.003418,6512.945313,21635.75391,,,0.340279073,1.107320547,,,3.666666746,3.0,,,26.609558,7.849422,67.779863,100.953824,32.618031,21.036477,11.581553,25.954739,26.273023,28.193134,25.832663,3111.134535,693.987517,19.435506,84.127547,1716.042996,111.50208,482.119279,647.848821,Tropical,415998738.8,304982317.5,210000386.3,137441409.5,88002185.25,62222018.5,6329.4634,8232.682,4635.839,3245.9465,2198.1104,1649.214,3.156056,443.75,30.9352518,0.9958371,1.0,0.9202909,0.8481785,0.7898019,0.7348591,334714.7972,547.297098,No dominant class,Cambisols,Acid plutonic rocks,9.6756,76.6056,West Flowing Rivers From Tadri to Kanyakumari,Kerala,615.0,606.7544556,1.340738927,2002,8,230,Monsoon
6.5,196.33259620527224,-189.83259620527224,189.83259620527224,INDOFLOODS-gauge-428,6.5,118.38854,192.766442,223.8756402,279.94378660000007,304.3043008,316.182718,335.162811,341.8753104,352.5603376,359.4730389,3,38148.5,29320.65039,606.7544556,1047,33947.90625,108006.2656,1.301079631,0.526486218,0.030841371,4.24e-09,0.653619409,1.899385095,0.000138881,0.000162495,1.245700717,1.123736501,0.353206366,11,2.47e-08,0.000152138,4.02e-12,0.170132369,11,3.0,1.0,,,57420.03516,19538.83594,21635.75391,,,5220.003418,6512.945313,21635.75391,,,0.340279073,1.107320547,,,3.666666746,3.0,,,26.609558,7.849422,67.779863,100.953824,32.618031,21.036477,11.581553,25.954739,26.273023,28.193134,25.832663,3111.134535,693.987517,19.435506,84.127547,1716.042996,111.50208,482.119279,647.848821,Tropical,415998738.8,304982317.5,210000386.3,137441409.5,88002185.25,62222018.5,6329.4634,8232.682,4635.839,3245.9465,2198.1104,1649.214,3.156056,443.75,30.9352518,0.9958371,1.0,0.9202909,0.8481785,0.7898019,0.7348591,334714.7972,547.297098,No dominant class,Cambisols,Acid plutonic rocks,9.6756,76.6056,West Flowing Rivers From Tadri to Kanyakumari,Kerala,615.0,606.7544556,1.340738927,1997,7,206,Monsoon
6.53,196.33259620527224,-189.80259620527224,189.80259620527224,INDOFLOODS-gauge-428,6.53,116.390093,140.0920782,161.2296046,195.5269858,230.9164086,260.9343562,293.6214582,321.424139,352.5137892,370.4801106,3,38148.5,29320.65039,606.7544556,1047,33947.90625,108006.2656,1.301079631,0.526486218,0.030841371,4.24e-09,0.653619409,1.899385095,0.000138881,0.000162495,1.245700717,1.123736501,0.353206366,11,2.47e-08,0.000152138,4.02e-12,0.170132369,11,3.0,1.0,,,57420.03516,19538.83594,21635.75391,,,5220.003418,6512.945313,21635.75391,,,0.340279073,1.107320547,,,3.666666746,3.0,,,26.609558,7.849422,67.779863,100.953824,32.618031,21.036477,11.581553,25.954739,26.273023,28.193134,25.832663,3111.134535,693.987517,19.435506,84.127547,1716.042996,111.50208,482.119279,647.848821,Tropical,415998738.8,304982317.5,210000386.3,137441409.5,88002185.25,62222018.5,6329.4634,8232.682,4635.839,3245.9465,2198.1104,1649.214,3.156056,443.75,30.9352518,0.9958371,1.0,0.9202909,0.8481785,0.7898019,0.7348591,334714.7972,547.297098,No dominant class,Cambisols,Acid plutonic rocks,9.6756,76.6056,West Flowing Rivers From Tadri to Kanyakumari,Kerala,615.0,606.7544556,1.340738927,2007,7,198,Monsoon
6.6,196.33259620527224,-189.73259620527224,189.73259620527224,INDOFLOODS-gauge-428,6.6,72.9860648,162.77807980000003,243.69276180000003,307.85815,324.0736746,347.952407,370.146624,380.0528327,388.1215486,397.0894851000001,3,38148.5,29320.65039,606.7544556,1047,33947.90625,108006.2656,1.301079631,0.526486218,0.030841371,4.24e-09,0.653619409,1.899385095,0.000138881,0.000162495,1.245700717,1.123736501,0.353206366,11,2.47e-08,0.000152138,4.02e-12,0.170132369,11,3.0,1.0,,,57420.03516,19538.83594,21635.75391,,,5220.003418,6512.945313,21635.75391,,,0.340279073,1.107320547,,,3.666666746,3.0,,,26.609558,7.849422,67.779863,100.953824,32.618031,21.036477,11.581553,25.954739,26.273023,28.193134,25.832663,3111.134535,693.987517,19.435506,84.127547,1716.042996,111.50208,482.119279,647.848821,Tropical,415998738.8,304982317.5,210000386.3,137441409.5,88002185.25,62222018.5,6329.4634,8232.682,4635.839,3245.9465,2198.1104,1649.214,3.156056,443.75,30.9352518,0.9958371,1.0,0.9202909,0.8481785,0.7898019,0.7348591,334714.7972,547.297098,No dominant class,Cambisols,Acid plutonic rocks,9.6756,76.6056,West Flowing Rivers From Tadri to Kanyakumari,Kerala,615.0,606.7544556,1.340738927,1998,6,180,Monsoon
6.83,196.33259620527224,-189.50259620527223,189.50259620527223,INDOFLOODS-gauge-428,6.83,5.32636496,24.15062376,196.1127378,229.40553,250.2062832,275.5538034,296.6186698,305.8352008,311.2800166,317.4071811,3,38148.5,29320.65039,606.7544556,1047,33947.90625,108006.2656,1.301079631,0.526486218,0.030841371,4.24e-09,0.653619409,1.899385095,0.000138881,0.000162495,1.245700717,1.123736501,0.353206366,11,2.47e-08,0.000152138,4.02e-12,0.170132369,11,3.0,1.0,,,57420.03516,19538.83594,21635.75391,,,5220.003418,6512.945313,21635.75391,,,0.340279073,1.107320547,,,3.666666746,3.0,,,26.609558,7.849422,67.779863,100.953824,32.618031,21.036477,11.581553,25.954739,26.273023,28.193134,25.832663,3111.134535,693.987517,19.435506,84.127547,1716.042996,111.50208,482.119279,647.848821,Tropical,415998738.8,304982317.5,210000386.3,137441409.5,88002185.25,62222018.5,6329.4634,8232.682,4635.839,3245.9465,2198.1104,1649.214,3.156056,443.75,30.9352518,0.9958371,1.0,0.9202909,0.8481785,0.7898019,0.7348591,334714.7972,547.297098,No dominant class,Cambisols,Acid plutonic rocks,9.6756,76.6056,West Flowing Rivers From Tadri to Kanyakumari,Kerala,615.0,606.7544556,1.340738927,2014,8,216,Monsoon
6.91,196.33259620527224,-189.42259620527224,189.42259620527224,INDOFLOODS-gauge-428,6.91,58.944810200000006,145.3656002,230.620257,319.5429910000001,398.30284,458.670377,508.92176860000006,535.1602263999998,565.5944498,604.2292712000002,3,38148.5,29320.65039,606.7544556,1047,33947.90625,108006.2656,1.301079631,0.526486218,0.030841371,4.24e-09,0.653619409,1.899385095,0.000138881,0.000162495,1.245700717,1.123736501,0.353206366,11,2.47e-08,0.000152138,4.02e-12,0.170132369,11,3.0,1.0,,,57420.03516,19538.83594,21635.75391,,,5220.003418,6512.945313,21635.75391,,,0.340279073,1.107320547,,,3.666666746,3.0,,,26.609558,7.849422,67.779863,100.953824,32.618031,21.036477,11.581553,25.954739,26.273023,28.193134,25.832663,3111.134535,693.987517,19.435506,84.127547,1716.042996,111.50208,482.119279,647.848821,Tropical,415998738.8,304982317.5,210000386.3,137441409.5,88002185.25,62222018.5,6329.4634,8232.682,4635.839,3245.9465,2198.1104,1649.214,3.156056,443.75,30.9352518,0.9958371,1.0,0.9202909,0.8481785,0.7898019,0.7348591,334714.7972,547.297098,No dominant class,Cambisols,Acid plutonic rocks,9.6756,76.6056,West Flowing Rivers From Tadri to Kanyakumari,Kerala,615.0,606.7544556,1.340738927,2005,8,214,Monsoon
7.9,197.2308134907502,-189.3308134907502,189.3308134907502,INDOFLOODS-gauge-428,7.9,90.824062,126.98019840000002,135.941241,164.58274340000003,186.6815668,192.1042536,193.3776105,193.5256849,193.5699383,193.6511097,3,38148.5,29320.65039,606.7544556,1047,33947.90625,108006.2656,1.301079631,0.526486218,0.030841371,4.24e-09,0.653619409,1.899385095,0.000138881,0.000162495,1.245700717,1.123736501,0.353206366,11,2.47e-08,0.000152138,4.02e-12,0.170132369,11,3.0,1.0,,,57420.03516,19538.83594,21635.75391,,,5220.003418,6512.945313,21635.75391,,,0.340279073,1.107320547,,,3.666666746,3.0,,,26.609558,7.849422,67.779863,100.953824,32.618031,21.036477,11.581553,25.954739,26.273023,28.193134,25.832663,3111.134535,693.987517,19.435506,84.127547,1716.042996,111.50208,482.119279,647.848821,Tropical,415998738.8,304982317.5,210000386.3,137441409.5,88002185.25,62222018.5,6329.4634,8232.682,4635.839,3245.9465,2198.1104,1649.214,3.156056,443.75,30.9352518,0.9958371,1.0,0.9202909,0.8481785,0.7898019,0.7348591,334714.7972,547.297098,No dominant class,Cambisols,Acid plutonic rocks,9.6756,76.6056,West Flowing Rivers From Tadri to Kanyakumari,Kerala,615.0,606.7544556,1.340738927,2019,8,220,Monsoon
7.11,196.33259620527224,-189.22259620527225,189.22259620527225,INDOFLOODS-gauge-428,7.11,133.157614,213.090175,236.97027180000003,249.2255646,315.1767686,357.1790574,366.0102932,373.3829695,374.7858452,374.8244606,3,38148.5,29320.65039,606.7544556,1047,33947.90625,108006.2656,1.301079631,0.526486218,0.030841371,4.24e-09,0.653619409,1.899385095,0.000138881,0.000162495,1.245700717,1.123736501,0.353206366,11,2.47e-08,0.000152138,4.02e-12,0.170132369,11,3.0,1.0,,,57420.03516,19538.83594,21635.75391,,,5220.003418,6512.945313,21635.75391,,,0.340279073,1.107320547,,,3.666666746,3.0,,,26.609558,7.849422,67.779863,100.953824,32.618031,21.036477,11.581553,25.954739,26.273023,28.193134,25.832663,3111.134535,693.987517,19.435506,84.127547,1716.042996,111.50208,482.119279,647.848821,Tropical,415998738.8,304982317.5,210000386.3,137441409.5,88002185.25,62222018.5,6329.4634,8232.682,4635.839,3245.9465,2198.1104,1649.214,3.156056,443.75,30.9352518,0.9958371,1.0,0.9202909,0.8481785,0.7898019,0.7348591,334714.7972,547.297098,No dominant class,Cambisols,Acid plutonic rocks,9.6756,76.6056,West Flowing Rivers From Tadri to Kanyakumari,Kerala,615.0,606.7544556,1.340738927,1986,8,221,Monsoon
7.12,196.33259620527224,-189.21259620527223,189.21259620527223,INDOFLOODS-gauge-428,7.12,121.791568,202.291872,236.3378432,262.3224478,298.6046296,342.3795158000001,369.092106,377.9577147,387.6261121,409.8795009,3,38148.5,29320.65039,606.7544556,1047,33947.90625,108006.2656,1.301079631,0.526486218,0.030841371,4.24e-09,0.653619409,1.899385095,0.000138881,0.000162495,1.245700717,1.123736501,0.353206366,11,2.47e-08,0.000152138,4.02e-12,0.170132369,11,3.0,1.0,,,57420.03516,19538.83594,21635.75391,,,5220.003418,6512.945313,21635.75391,,,0.340279073,1.107320547,,,3.666666746,3.0,,,26.609558,7.849422,67.779863,100.953824,32.618031,21.036477,11.581553,25.954739,26.273023,28.193134,25.832663,3111.134535,693.987517,19.435506,84.127547,1716.042996,111.50208,482.119279,647.848821,Tropical,415998738.8,304982317.5,210000386.3,137441409.5,88002185.25,62222018.5,6329.4634,8232.682,4635.839,3245.9465,2198.1104,1649.214,3.156056,443.75,30.9352518,0.9958371,1.0,0.9202909,0.8481785,0.7898019,0.7348591,334714.7972,547.297098,No dominant class,Cambisols,Acid plutonic rocks,9.6756,76.6056,West Flowing Rivers From Tadri to Kanyakumari,Kerala,615.0,606.7544556,1.340738927,2000,8,238,Monsoon
7.17,196.33259620527224,-189.16259620527225,189.16259620527225,INDOFLOODS-gauge-428,7.17,94.0737292,143.3856272,169.3883062,197.3966126,217.7227348,229.303966,234.4658616,241.6132705,260.8184395,265.1127233,3,38148.5,29320.65039,606.7544556,1047,33947.90625,108006.2656,1.301079631,0.526486218,0.030841371,4.24e-09,0.653619409,1.899385095,0.000138881,0.000162495,1.245700717,1.123736501,0.353206366,11,2.47e-08,0.000152138,4.02e-12,0.170132369,11,3.0,1.0,,,57420.03516,19538.83594,21635.75391,,,5220.003418,6512.945313,21635.75391,,,0.340279073,1.107320547,,,3.666666746,3.0,,,26.609558,7.849422,67.779863,100.953824,32.618031,21.036477,11.581553,25.954739,26.273023,28.193134,25.832663,3111.134535,693.987517,19.435506,84.127547,1716.042996,111.50208,482.119279,647.848821,Tropical,415998738.8,304982317.5,210000386.3,137441409.5,88002185.25,62222018.5,6329.4634,8232.682,4635.839,3245.9465,2198.1104,1649.214,3.156056,443.75,30.9352518,0.9958371,1.0,0.9202909,0.8481785,0.7898019,0.7348591,334714.7972,547.297098,No dominant class,Cambisols,Acid plutonic rocks,9.6756,76.6056,West Flowing Rivers From Tadri to Kanyakumari,Kerala,615.0,606.7544556,1.340738927,2005,9,248,Monsoon
7.18,196.33259620527224,-189.15259620527223,189.15259620527223,INDOFLOODS-gauge-428,7.18,148.31038999999996,179.3947426,222.8332654,252.8746526,266.93021880000003,277.9755307,278.1782685,282.8265606,292.7070418,365.1557826,3,38148.5,29320.65039,606.7544556,1047,33947.90625,108006.2656,1.301079631,0.526486218,0.030841371,4.24e-09,0.653619409,1.899385095,0.000138881,0.000162495,1.245700717,1.123736501,0.353206366,11,2.47e-08,0.000152138,4.02e-12,0.170132369,11,3.0,1.0,,,57420.03516,19538.83594,21635.75391,,,5220.003418,6512.945313,21635.75391,,,0.340279073,1.107320547,,,3.666666746,3.0,,,26.609558,7.849422,67.779863,100.953824,32.618031,21.036477,11.581553,25.954739,26.273023,28.193134,25.832663,3111.134535,693.987517,19.435506,84.127547,1716.042996,111.50208,482.119279,647.848821,Tropical,415998738.8,304982317.5,210000386.3,137441409.5,88002185.25,62222018.5,6329.4634,8232.682,4635.839,3245.9465,2198.1104,1649.214,3.156056,443.75,30.9352518,0.9958371,1.0,0.9202909,0.8481785,0.7898019,0.7348591,334714.7972,547.297098,No dominant class,Cambisols,Acid plutonic rocks,9.6756,76.6056,West Flowing Rivers From Tadri to Kanyakumari,Kerala,615.0,606.7544556,1.340738927,2013,8,217,Monsoon
7.49,196.33259620527224,-188.84259620527223,188.84259620527223,INDOFLOODS-gauge-428,7.49,124.49652720000002,203.7348872,244.5051346,262.0011195,312.5924447,338.0336373,352.6646331,393.0327441,408.1095699,416.5530539,3,38148.5,29320.65039,606.7544556,1047,33947.90625,108006.2656,1.301079631,0.526486218,0.030841371,4.24e-09,0.653619409,1.899385095,0.000138881,0.000162495,1.245700717,1.123736501,0.353206366,11,2.47e-08,0.000152138,4.02e-12,0.170132369,11,3.0,1.0,,,57420.03516,19538.83594,21635.75391,,,5220.003418,6512.945313,21635.75391,,,0.340279073,1.107320547,,,3.666666746,3.0,,,26.609558,7.849422,67.779863,100.953824,32.618031,21.036477,11.581553,25.954739,26.273023,28.193134,25.832663,3111.134535,693.987517,19.435506,84.127547,1716.042996,111.50208,482.119279,647.848821,Tropical,415998738.8,304982317.5,210000386.3,137441409.5,88002185.25,62222018.5,6329.4634,8232.682,4635.839,3245.9465,2198.1104,1649.214,3.156056,443.75,30.9352518,0.9958371,1.0,0.9202909,0.8481785,0.7898019,0.7348591,334714.7972,547.297098,No dominant class,Cambisols,Acid plutonic rocks,9.6756,76.6056,West Flowing Rivers From Tadri to Kanyakumari,Kerala,615.0,606.7544556,1.340738927,2007,6,174,Monsoon
7.78,196.33259620527224,-188.55259620527224,188.55259620527224,INDOFLOODS-gauge-428,7.78,180.166434,246.9324992,320.9834502,364.9312756,471.3121802,510.5047534,529.808687,545.2745137999998,562.9539926,593.14275,3,38148.5,29320.65039,606.7544556,1047,33947.90625,108006.2656,1.301079631,0.526486218,0.030841371,4.24e-09,0.653619409,1.899385095,0.000138881,0.000162495,1.245700717,1.123736501,0.353206366,11,2.47e-08,0.000152138,4.02e-12,0.170132369,11,3.0,1.0,,,57420.03516,19538.83594,21635.75391,,,5220.003418,6512.945313,21635.75391,,,0.340279073,1.107320547,,,3.666666746,3.0,,,26.609558,7.849422,67.779863,100.953824,32.618031,21.036477,11.581553,25.954739,26.273023,28.193134,25.832663,3111.134535,693.987517,19.435506,84.127547,1716.042996,111.50208,482.119279,647.848821,Tropical,415998738.8,304982317.5,210000386.3,137441409.5,88002185.25,62222018.5,6329.4634,8232.682,4635.839,3245.9465,2198.1104,1649.214,3.156056,443.75,30.9352518,0.9958371,1.0,0.9202909,0.8481785,0.7898019,0.7348591,334714.7972,547.297098,No dominant class,Cambisols,Acid plutonic rocks,9.6756,76.6056,West Flowing Rivers From Tadri to Kanyakumari,Kerala,615.0,606.7544556,1.340738927,2001,7,190,Monsoon
7.85,196.33259620527224,-188.48259620527224,188.48259620527224,INDOFLOODS-gauge-428,7.85,36.8886106,100.7940194,163.5880644,219.1311188,257.1271592,271.70221580000003,303.0118582,325.208429,359.6009832,373.6720896,3,38148.5,29320.65039,606.7544556,1047,33947.90625,108006.2656,1.301079631,0.526486218,0.030841371,4.24e-09,0.653619409,1.899385095,0.000138881,0.000162495,1.245700717,1.123736501,0.353206366,11,2.47e-08,0.000152138,4.02e-12,0.170132369,11,3.0,1.0,,,57420.03516,19538.83594,21635.75391,,,5220.003418,6512.945313,21635.75391,,,0.340279073,1.107320547,,,3.666666746,3.0,,,26.609558,7.849422,67.779863,100.953824,32.618031,21.036477,11.581553,25.954739,26.273023,28.193134,25.832663,3111.134535,693.987517,19.435506,84.127547,1716.042996,111.50208,482.119279,647.848821,Tropical,415998738.8,304982317.5,210000386.3,137441409.5,88002185.25,62222018.5,6329.4634,8232.682,4635.839,3245.9465,2198.1104,1649.214,3.156056,443.75,30.9352518,0.9958371,1.0,0.9202909,0.8481785,0.7898019,0.7348591,334714.7972,547.297098,No dominant class,Cambisols,Acid plutonic rocks,9.6756,76.6056,West Flowing Rivers From Tadri to Kanyakumari,Kerala,615.0,606.7544556,1.340738927,2018,6,162,Monsoon
7.9,196.33259620527224,-188.43259620527223,188.43259620527223,INDOFLOODS-gauge-428,7.9,130.828399,234.932827,277.6155244,343.5572114,423.2975836,477.3201366,488.1821616,491.4665697,493.3900392,495.0638777,3,38148.5,29320.65039,606.7544556,1047,33947.90625,108006.2656,1.301079631,0.526486218,0.030841371,4.24e-09,0.653619409,1.899385095,0.000138881,0.000162495,1.245700717,1.123736501,0.353206366,11,2.47e-08,0.000152138,4.02e-12,0.170132369,11,3.0,1.0,,,57420.03516,19538.83594,21635.75391,,,5220.003418,6512.945313,21635.75391,,,0.340279073,1.107320547,,,3.666666746,3.0,,,26.609558,7.849422,67.779863,100.953824,32.618031,21.036477,11.581553,25.954739,26.273023,28.193134,25.832663,3111.134535,693.987517,19.435506,84.127547,1716.042996,111.50208,482.119279,647.848821,Tropical,415998738.8,304982317.5,210000386.3,137441409.5,88002185.25,62222018.5,6329.4634,8232.682,4635.839,3245.9465,2198.1104,1649.214,3.156056,443.75,30.9352518,0.9958371,1.0,0.9202909,0.8481785,0.7898019,0.7348591,334714.7972,547.297098,No dominant class,Cambisols,Acid plutonic rocks,9.6756,76.6056,West Flowing Rivers From Tadri to Kanyakumari,Kerala,615.0,606.7544556,1.340738927,1994,8,214,Monsoon
8.1,196.33259620527224,-188.23259620527224,188.23259620527224,INDOFLOODS-gauge-428,8.1,31.1087538,56.5637804,75.31661779999997,153.9382528,229.6178628,299.5172988,351.7902756000001,384.9769084,387.0113383,390.4447912,3,38148.5,29320.65039,606.7544556,1047,33947.90625,108006.2656,1.301079631,0.526486218,0.030841371,4.24e-09,0.653619409,1.899385095,0.000138881,0.000162495,1.245700717,1.123736501,0.353206366,11,2.47e-08,0.000152138,4.02e-12,0.170132369,11,3.0,1.0,,,57420.03516,19538.83594,21635.75391,,,5220.003418,6512.945313,21635.75391,,,0.340279073,1.107320547,,,3.666666746,3.0,,,26.609558,7.849422,67.779863,100.953824,32.618031,21.036477,11.581553,25.954739,26.273023,28.193134,25.832663,3111.134535,693.987517,19.435506,84.127547,1716.042996,111.50208,482.119279,647.848821,Tropical,415998738.8,304982317.5,210000386.3,137441409.5,88002185.25,62222018.5,6329.4634,8232.682,4635.839,3245.9465,2198.1104,1649.214,3.156056,443.75,30.9352518,0.9958371,1.0,0.9202909,0.8481785,0.7898019,0.7348591,334714.7972,547.297098,No dominant class,Cambisols,Acid plutonic rocks,9.6756,76.6056,West Flowing Rivers From Tadri to Kanyakumari,Kerala,615.0,606.7544556,1.340738927,2018,7,196,Monsoon
9.4,196.33259620527224,-186.93259620527223,186.93259620527223,INDOFLOODS-gauge-428,9.4,236.483592,281.363559,332.5920974,343.5134087,400.4354423,444.7124349,557.6538029,589.5561067000001,594.8378996,598.0395823,3,38148.5,29320.65039,606.7544556,1047,33947.90625,108006.2656,1.301079631,0.526486218,0.030841371,4.24e-09,0.653619409,1.899385095,0.000138881,0.000162495,1.245700717,1.123736501,0.353206366,11,2.47e-08,0.000152138,4.02e-12,0.170132369,11,3.0,1.0,,,57420.03516,19538.83594,21635.75391,,,5220.003418,6512.945313,21635.75391,,,0.340279073,1.107320547,,,3.666666746,3.0,,,26.609558,7.849422,67.779863,100.953824,32.618031,21.036477,11.581553,25.954739,26.273023,28.193134,25.832663,3111.134535,693.987517,19.435506,84.127547,1716.042996,111.50208,482.119279,647.848821,Tropical,415998738.8,304982317.5,210000386.3,137441409.5,88002185.25,62222018.5,6329.4634,8232.682,4635.839,3245.9465,2198.1104,1649.214,3.156056,443.75,30.9352518,0.9958371,1.0,0.9202909,0.8481785,0.7898019,0.7348591,334714.7972,547.297098,No dominant class,Cambisols,Acid plutonic rocks,9.6756,76.6056,West Flowing Rivers From Tadri to Kanyakumari,Kerala,615.0,606.7544556,1.340738927,2018,8,227,Monsoon
126.6,306.9098288755381,-180.30982887553816,180.30982887553816,INDOFLOODS-gauge-175,126.6,41.38692479,60.50317121,82.83260463,86.32413491,90.86735603,109.62543159999998,138.1791946,154.9782863,176.8059332,189.8467269,4,102817.5547,77464.82031,2308.24707,517,79989.875,251064.4688,1.327280641,0.360754907,0.006463318,9.22e-10,0.460173547,2.771965027,0.000175254,0.000171614,1.484620094,1.285382152,0.409526497,33,1.91e-08,0.000111075,3.27e-12,0.088724673,33,8.0,2.0,1.0,,206872.75,81737.95313,89281.51563,18236.33203,,6268.871094,10217.24414,44640.75781,18236.33203,,0.395112216,1.092289567,0.20425652,,4.125,4.0,2.0,,26.54454,13.190411,46.159654,417.186049,40.391985,11.818473,28.573512,27.181917,26.324292,31.930386,21.154994,902.152047,303.567251,0.359477,148.939301,754.125559,3.588923,114.381837,5.081183,Tropical,257966171.9,187405717.6,132375921.9,79648902.57,61798164.46,46441520.93,6431.701014,8365.660464,4836.338529,3127.716021,2704.879846,2292.262725,0.396864,319.642857,56.09318996,0.657468596,0.707345571,0.607591681,0.559981907,0.521440658,0.485166505,1072623.0,469.067879,Cropland,Vertisols,No dominant class,23.0542,73.7167,Mahi,Gujarat,2314.0,2308.24707,0.248614088,2019,7,186,Monsoon
126.4,305.15790517113027,-178.75790517113026,178.75790517113026,INDOFLOODS-gauge-175,126.4,20.03774816,162.6514421,208.6356163,228.9813988,232.8762746,242.5870426,294.5084061,338.0783377,359.6348756,407.3055157,4,102817.5547,77464.82031,2308.24707,517,79989.875,251064.4688,1.327280641,0.360754907,0.006463318,9.22e-10,0.460173547,2.771965027,0.000175254,0.000171614,1.484620094,1.285382152,0.409526497,33,1.91e-08,0.000111075,3.27e-12,0.088724673,33,8.0,2.0,1.0,,206872.75,81737.95313,89281.51563,18236.33203,,6268.871094,10217.24414,44640.75781,18236.33203,,0.395112216,1.092289567,0.20425652,,4.125,4.0,2.0,,26.54454,13.190411,46.159654,417.186049,40.391985,11.818473,28.573512,27.181917,26.324292,31.930386,21.154994,902.152047,303.567251,0.359477,148.939301,754.125559,3.588923,114.381837,5.081183,Tropical,257966171.9,187405717.6,132375921.9,79648902.57,61798164.46,46441520.93,6431.701014,8365.660464,4836.338529,3127.716021,2704.879846,2292.262725,0.396864,319.642857,56.09318996,0.657468596,0.707345571,0.607591681,0.559981907,0.521440658,0.485166505,1072623.0,469.067879,Cropland,Vertisols,No dominant class,23.0542,73.7167,Mahi,Gujarat,2314.0,2308.24707,0.248614088,2019,8,223,Monsoon
127.15,305.0790691535876,-177.92906915358756,177.92906915358756,INDOFLOODS-gauge-175,127.15,0.0,0.0,0.0,0.00126165,0.044410091,0.048973069,0.048973069,0.048973069,0.048973069,0.048973069,4,102817.5547,77464.82031,2308.24707,517,79989.875,251064.4688,1.327280641,0.360754907,0.006463318,9.22e-10,0.460173547,2.771965027,0.000175254,0.000171614,1.484620094,1.285382152,0.409526497,33,1.91e-08,0.000111075,3.27e-12,0.088724673,33,8.0,2.0,1.0,,206872.75,81737.95313,89281.51563,18236.33203,,6268.871094,10217.24414,44640.75781,18236.33203,,0.395112216,1.092289567,0.20425652,,4.125,4.0,2.0,,26.54454,13.190411,46.159654,417.186049,40.391985,11.818473,28.573512,27.181917,26.324292,31.930386,21.154994,902.152047,303.567251,0.359477,148.939301,754.125559,3.588923,114.381837,5.081183,Tropical,257966171.9,187405717.6,132375921.9,79648902.57,61798164.46,46441520.93,6431.701014,8365.660464,4836.338529,3127.716021,2704.879846,2292.262725,0.396864,319.642857,56.09318996,0.657468596,0.707345571,0.607591681,0.559981907,0.521440658,0.485166505,1072623.0,469.067879,Cropland,Vertisols,No dominant class,23.0542,73.7167,Mahi,Gujarat,2314.0,2308.24707,0.248614088,2018,11,305,Post-Monsoon
588.77,475.3110274212222,113.45897257877778,113.45897257877778,INDOFLOODS-gauge-324,588.77,10.35334413,22.27374819,86.04840293,107.9863424,114.6733496,126.25942659999998,148.0273186,152.8332461,157.0754757,159.7970307,3,129473.6406,84465.21875,2832.652344,781,89357.27344,303810.8125,1.532863379,0.354759037,0.008740195,7.45e-10,0.385652989,2.818814754,0.000177742,0.00016068,1.621727228,1.448943496,0.426165342,43,1.91e-08,0.000118642,3.06e-12,0.125490904,43,10.0,1.0,,,237443.5938,104671.9844,113034.3672,,,5521.943848,10467.19824,113034.3672,,,0.44082883,1.079891324,,,4.300000191,10.0,,,23.454827,9.48203,55.584655,174.344912,32.572852,15.485494,17.087358,22.565565,22.824148,26.129663,21.910312,3309.852607,1203.635887,0.893096,135.978678,2614.62074,10.092339,192.637635,644.07457,Tropical,141850432.8,102075114.8,71165699.65,48039057.64,33817932.03,24540718.37,5101.6587,6635.686,3835.7205,2808.6616,2185.2522,1772.2565,1.959886,416.393939,5.012658228,0.65422714,0.7038582,0.60459614,0.55722106,0.5188698,0.48277453,512144.9588,179.436443,No dominant class,No dominant class,Metamorphics,13.9269,75.585,Krishna,Karnataka,2831.0,2832.652344,0.05836609,1993,10,280,Post-Monsoon
588.33,475.3110274212222,113.01897257877783,113.01897257877783,INDOFLOODS-gauge-324,588.33,6.687007277999999,18.27308421,40.04097626,44.84690369,49.08913336,51.81068836,53.54145482,54.74099993,57.59931959,61.83031947,3,129473.6406,84465.21875,2832.652344,781,89357.27344,303810.8125,1.532863379,0.354759037,0.008740195,7.45e-10,0.385652989,2.818814754,0.000177742,0.00016068,1.621727228,1.448943496,0.426165342,43,1.91e-08,0.000118642,3.06e-12,0.125490904,43,10.0,1.0,,,237443.5938,104671.9844,113034.3672,,,5521.943848,10467.19824,113034.3672,,,0.44082883,1.079891324,,,4.300000191,10.0,,,23.454827,9.48203,55.584655,174.344912,32.572852,15.485494,17.087358,22.565565,22.824148,26.129663,21.910312,3309.852607,1203.635887,0.893096,135.978678,2614.62074,10.092339,192.637635,644.07457,Tropical,141850432.8,102075114.8,71165699.65,48039057.64,33817932.03,24540718.37,5101.6587,6635.686,3835.7205,2808.6616,2185.2522,1772.2565,1.959886,416.393939,5.012658228,0.65422714,0.7038582,0.60459614,0.55722106,0.5188698,0.48277453,512144.9588,179.436443,No dominant class,No dominant class,Metamorphics,13.9269,75.585,Krishna,Karnataka,2831.0,2832.652344,0.05836609,1993,10,276,Post-Monsoon
89.14,186.63478980278543,-97.49478980278543,97.49478980278543,INDOFLOODS-gauge-585,89.14,24.93390467,48.42657283,48.4950855,48.54591142,49.14929855,49.22240659,49.28595412,49.28595412,49.35966676,49.43852962,3,32559.68945,24827.61328,637.4835205,865,28620.43945,107773.3359,1.311430454,0.778245032,0.030223155,4.91e-09,0.68969357,1.284942269,0.000102066,0.000154753,1.212685227,1.137637615,0.302112669,8,1.73e-08,0.000111503,2.67e-12,0.133861199,8,2.0,1.0,,,64648.80859,28368.00977,5635.555176,,,8081.101074,14184.00488,5635.555176,,,0.438801736,0.198658809,,,4.0,2.0,,,25.50547,12.361441,51.864276,271.007403,36.735795,12.903129,23.832666,25.337338,23.737213,29.083709,22.156758,3025.142678,1228.79224,0.861076,162.405361,2550.290363,3.219024,361.259074,5.663329,Tropical,149816107.3,109000848.8,75196686.25,51240738.5,43968599.38,30744078.94,7055.1577,9176.586,5155.1304,3743.8674,3565.661,2801.1133,0.132043,503.875,7.373271889,0.72103643,0.7757358,0.6663372,0.6141242,0.5718565,0.53207517,119919.4851,185.756581,Mosaic vegetation,Leptosols,No dominant class,20.1006,73.2706,West flowing rivers from  Tapi to Tadri,Maharashtra,640.0,637.4835205,0.393199922,2019,6,163,Monsoon
367.24,463.8855651592215,-96.64556515922152,96.64556515922152,INDOFLOODS-gauge-879,367.24,16.1948027,26.63365803,40.3491307,51.87977079,76.95799658,83.66828424,95.36482366,101.6888285,115.7265021,117.0220139,4,136093.9844,100289.8203,3174.086914,771,104415.25,320455.3125,1.357006907,0.291132689,0.007383979,6.03e-10,0.388412982,3.434859991,0.000174751,0.000162354,1.615955114,1.303391814,0.424689442,43,1.76e-08,0.000108669,2.86e-12,0.125174597,43,10.0,2.0,1.0,,272567.8125,110561.6875,46593.15234,85601.67188,,6338.786133,11056.16895,23296.57617,85601.67188,,0.405630022,0.421422213,1.837215662,,4.300000191,5.0,2.0,,24.626041,10.93139,55.752261,246.037634,34.665034,15.054429,19.610604,24.592322,23.624462,27.635678,21.365043,661.776446,147.776446,2.198541,86.813325,359.560969,9.726681,133.708442,80.609693,Arid,250606594.7,181825274.7,125378795.2,86585794.56,61664408.06,45502815.06,5166.706172,6720.292667,3752.487583,2789.268294,2164.980783,1757.277556,7.844502,303.0,24.41016334,0.63973078,0.688262125,0.591199505,0.54487417,0.507372695,0.472077218,1157142.0,361.003801,Cropland,Lixisols,Acid plutonic rocks,12.6842,78.5394,East flowing rivers between Pennar Kanyakumari,Tamil Nadu,3300.0,3174.086914,3.815548061,1987,10,282,Post-Monsoon
367.25,463.8855651592215,-96.63556515922151,96.63556515922151,INDOFLOODS-gauge-879,367.25,15.93250971,28.38494118,39.20174589,43.20577251,61.02931848,125.3985639,221.5769672,237.8819434,243.0136967,243.0214554,4,136093.9844,100289.8203,3174.086914,771,104415.25,320455.3125,1.357006907,0.291132689,0.007383979,6.03e-10,0.388412982,3.434859991,0.000174751,0.000162354,1.615955114,1.303391814,0.424689442,43,1.76e-08,0.000108669,2.86e-12,0.125174597,43,10.0,2.0,1.0,,272567.8125,110561.6875,46593.15234,85601.67188,,6338.786133,11056.16895,23296.57617,85601.67188,,0.405630022,0.421422213,1.837215662,,4.300000191,5.0,2.0,,24.626041,10.93139,55.752261,246.037634,34.665034,15.054429,19.610604,24.592322,23.624462,27.635678,21.365043,661.776446,147.776446,2.198541,86.813325,359.560969,9.726681,133.708442,80.609693,Arid,250606594.7,181825274.7,125378795.2,86585794.56,61664408.06,45502815.06,5166.706172,6720.292667,3752.487583,2789.268294,2164.980783,1757.277556,7.844502,303.0,24.41016334,0.63973078,0.688262125,0.591199505,0.54487417,0.507372695,0.472077218,1157142.0,361.003801,Cropland,Lixisols,Acid plutonic rocks,12.6842,78.5394,East flowing rivers between Pennar Kanyakumari,Tamil Nadu,3300.0,3174.086914,3.815548061,1991,11,309,Post-Monsoon
367.25,463.8855651592215,-96.63556515922151,96.63556515922151,INDOFLOODS-gauge-879,367.25,36.28622204,39.30583508,39.72499425,40.37471824,40.57145358,42.24157268,42.2531919,43.69468308,45.12831284,49.90819357,4,136093.9844,100289.8203,3174.086914,771,104415.25,320455.3125,1.357006907,0.291132689,0.007383979,6.03e-10,0.388412982,3.434859991,0.000174751,0.000162354,1.615955114,1.303391814,0.424689442,43,1.76e-08,0.000108669,2.86e-12,0.125174597,43,10.0,2.0,1.0,,272567.8125,110561.6875,46593.15234,85601.67188,,6338.786133,11056.16895,23296.57617,85601.67188,,0.405630022,0.421422213,1.837215662,,4.300000191,5.0,2.0,,24.626041,10.93139,55.752261,246.037634,34.665034,15.054429,19.610604,24.592322,23.624462,27.635678,21.365043,661.776446,147.776446,2.198541,86.813325,359.560969,9.726681,133.708442,80.609693,Arid,250606594.7,181825274.7,125378795.2,86585794.56,61664408.06,45502815.06,5166.706172,6720.292667,3752.487583,2789.268294,2164.980783,1757.277556,7.844502,303.0,24.41016334,0.63973078,0.688262125,0.591199505,0.54487417,0.507372695,0.472077218,1157142.0,361.003801,Cropland,Lixisols,Acid plutonic rocks,12.6842,78.5394,East flowing rivers between Pennar Kanyakumari,Tamil Nadu,3300.0,3174.086914,3.815548061,1996,9,269,Monsoon
367.25,463.8855651592215,-96.63556515922151,96.63556515922151,INDOFLOODS-gauge-879,367.25,20.58453096,34.25913845,38.16109271,46.75488383,56.70851395,65.13316892,65.29715261,65.78089947,67.43464939,68.93562811,4,136093.9844,100289.8203,3174.086914,771,104415.25,320455.3125,1.357006907,0.291132689,0.007383979,6.03e-10,0.388412982,3.434859991,0.000174751,0.000162354,1.615955114,1.303391814,0.424689442,43,1.76e-08,0.000108669,2.86e-12,0.125174597,43,10.0,2.0,1.0,,272567.8125,110561.6875,46593.15234,85601.67188,,6338.786133,11056.16895,23296.57617,85601.67188,,0.405630022,0.421422213,1.837215662,,4.300000191,5.0,2.0,,24.626041,10.93139,55.752261,246.037634,34.665034,15.054429,19.610604,24.592322,23.624462,27.635678,21.365043,661.776446,147.776446,2.198541,86.813325,359.560969,9.726681,133.708442,80.609693,Arid,250606594.7,181825274.7,125378795.2,86585794.56,61664408.06,45502815.06,5166.706172,6720.292667,3752.487583,2789.268294,2164.980783,1757.277556,7.844502,303.0,24.41016334,0.63973078,0.688262125,0.591199505,0.54487417,0.507372695,0.472077218,1157142.0,361.003801,Cropland,Lixisols,Acid plutonic rocks,12.6842,78.5394,East flowing rivers between Pennar Kanyakumari,Tamil Nadu,3300.0,3174.086914,3.815548061,1988,9,255,Monsoon
367.26,463.8855651592215,-96.62556515922154,96.62556515922154,INDOFLOODS-gauge-879,367.26,9.166946036,17.43476126,22.71123666,33.16165061,68.22745997,71.3577684,71.4191802,71.43685407,72.01572766,72.16394371,4,136093.9844,100289.8203,3174.086914,771,104415.25,320455.3125,1.357006907,0.291132689,0.007383979,6.03e-10,0.388412982,3.434859991,0.000174751,0.000162354,1.615955114,1.303391814,0.424689442,43,1.76e-08,0.000108669,2.86e-12,0.125174597,43,10.0,2.0,1.0,,272567.8125,110561.6875,46593.15234,85601.67188,,6338.786133,11056.16895,23296.57617,85601.67188,,0.405630022,0.421422213,1.837215662,,4.300000191,5.0,2.0,,24.626041,10.93139,55.752261,246.037634,34.665034,15.054429,19.610604,24.592322,23.624462,27.635678,21.365043,661.776446,147.776446,2.198541,86.813325,359.560969,9.726681,133.708442,80.609693,Arid,250606594.7,181825274.7,125378795.2,86585794.56,61664408.06,45502815.06,5166.706172,6720.292667,3752.487583,2789.268294,2164.980783,1757.277556,7.844502,303.0,24.41016334,0.63973078,0.688262125,0.591199505,0.54487417,0.507372695,0.472077218,1157142.0,361.003801,Cropland,Lixisols,Acid plutonic rocks,12.6842,78.5394,East flowing rivers between Pennar Kanyakumari,Tamil Nadu,3300.0,3174.086914,3.815548061,1978,10,274,Post-Monsoon
367.28,463.8855651592215,-96.60556515922156,96.60556515922156,INDOFLOODS-gauge-879,367.28,50.05978379,52.02631997,53.69875417,68.38320903,68.76997302,68.76997302,68.76997302,68.76997302,68.77017651,69.04419894,4,136093.9844,100289.8203,3174.086914,771,104415.25,320455.3125,1.357006907,0.291132689,0.007383979,6.03e-10,0.388412982,3.434859991,0.000174751,0.000162354,1.615955114,1.303391814,0.424689442,43,1.76e-08,0.000108669,2.86e-12,0.125174597,43,10.0,2.0,1.0,,272567.8125,110561.6875,46593.15234,85601.67188,,6338.786133,11056.16895,23296.57617,85601.67188,,0.405630022,0.421422213,1.837215662,,4.300000191,5.0,2.0,,24.626041,10.93139,55.752261,246.037634,34.665034,15.054429,19.610604,24.592322,23.624462,27.635678,21.365043,661.776446,147.776446,2.198541,86.813325,359.560969,9.726681,133.708442,80.609693,Arid,250606594.7,181825274.7,125378795.2,86585794.56,61664408.06,45502815.06,5166.706172,6720.292667,3752.487583,2789.268294,2164.980783,1757.277556,7.844502,303.0,24.41016334,0.63973078,0.688262125,0.591199505,0.54487417,0.507372695,0.472077218,1157142.0,361.003801,Cropland,Lixisols,Acid plutonic rocks,12.6842,78.5394,East flowing rivers between Pennar Kanyakumari,Tamil Nadu,3300.0,3174.086914,3.815548061,1993,12,339,Winter
367.29,463.8855651592215,-96.59556515922152,96.59556515922152,INDOFLOODS-gauge-879,367.29,1.249674639,1.710509745,6.143314892,11.22998355,19.05068051,32.61939051,38.89144417,47.42228803,63.43427628,88.13279653,4,136093.9844,100289.8203,3174.086914,771,104415.25,320455.3125,1.357006907,0.291132689,0.007383979,6.03e-10,0.388412982,3.434859991,0.000174751,0.000162354,1.615955114,1.303391814,0.424689442,43,1.76e-08,0.000108669,2.86e-12,0.125174597,43,10.0,2.0,1.0,,272567.8125,110561.6875,46593.15234,85601.67188,,6338.786133,11056.16895,23296.57617,85601.67188,,0.405630022,0.421422213,1.837215662,,4.300000191,5.0,2.0,,24.626041,10.93139,55.752261,246.037634,34.665034,15.054429,19.610604,24.592322,23.624462,27.635678,21.365043,661.776446,147.776446,2.198541,86.813325,359.560969,9.726681,133.708442,80.609693,Arid,250606594.7,181825274.7,125378795.2,86585794.56,61664408.06,45502815.06,5166.706172,6720.292667,3752.487583,2789.268294,2164.980783,1757.277556,7.844502,303.0,24.41016334,0.63973078,0.688262125,0.591199505,0.54487417,0.507372695,0.472077218,1157142.0,361.003801,Cropland,Lixisols,Acid plutonic rocks,12.6842,78.5394,East flowing rivers between Pennar Kanyakumari,Tamil Nadu,3300.0,3174.086914,3.815548061,1986,10,280,Post-Monsoon
367.31,463.8855651592215,-96.57556515922153,96.57556515922153,INDOFLOODS-gauge-879,367.31,15.74593366,47.56953249,57.80408023,59.6359545,67.31818334,69.59916981,69.76606958,69.78283526,69.92331978,70.01112613,4,136093.9844,100289.8203,3174.086914,771,104415.25,320455.3125,1.357006907,0.291132689,0.007383979,6.03e-10,0.388412982,3.434859991,0.000174751,0.000162354,1.615955114,1.303391814,0.424689442,43,1.76e-08,0.000108669,2.86e-12,0.125174597,43,10.0,2.0,1.0,,272567.8125,110561.6875,46593.15234,85601.67188,,6338.786133,11056.16895,23296.57617,85601.67188,,0.405630022,0.421422213,1.837215662,,4.300000191,5.0,2.0,,24.626041,10.93139,55.752261,246.037634,34.665034,15.054429,19.610604,24.592322,23.624462,27.635678,21.365043,661.776446,147.776446,2.198541,86.813325,359.560969,9.726681,133.708442,80.609693,Arid,250606594.7,181825274.7,125378795.2,86585794.56,61664408.06,45502815.06,5166.706172,6720.292667,3752.487583,2789.268294,2164.980783,1757.277556,7.844502,303.0,24.41016334,0.63973078,0.688262125,0.591199505,0.54487417,0.507372695,0.472077218,1157142.0,361.003801,Cropland,Lixisols,Acid plutonic rocks,12.6842,78.5394,East flowing rivers between Pennar Kanyakumari,Tamil Nadu,3300.0,3174.086914,3.815548061,1981,10,280,Post-Monsoon
367.4,463.8855651592215,-96.48556515922157,96.48556515922157,INDOFLOODS-gauge-879,367.4,4.474890987,5.502159442999999,8.477844354,11.43680093,12.01711224,12.36658005,14.03101973,18.14076024,20.80891614,20.95387582,4,136093.9844,100289.8203,3174.086914,771,104415.25,320455.3125,1.357006907,0.291132689,0.007383979,6.03e-10,0.388412982,3.434859991,0.000174751,0.000162354,1.615955114,1.303391814,0.424689442,43,1.76e-08,0.000108669,2.86e-12,0.125174597,43,10.0,2.0,1.0,,272567.8125,110561.6875,46593.15234,85601.67188,,6338.786133,11056.16895,23296.57617,85601.67188,,0.405630022,0.421422213,1.837215662,,4.300000191,5.0,2.0,,24.626041,10.93139,55.752261,246.037634,34.665034,15.054429,19.610604,24.592322,23.624462,27.635678,21.365043,661.776446,147.776446,2.198541,86.813325,359.560969,9.726681,133.708442,80.609693,Arid,250606594.7,181825274.7,125378795.2,86585794.56,61664408.06,45502815.06,5166.706172,6720.292667,3752.487583,2789.268294,2164.980783,1757.277556,7.844502,303.0,24.41016334,0.63973078,0.688262125,0.591199505,0.54487417,0.507372695,0.472077218,1157142.0,361.003801,Cropland,Lixisols,Acid plutonic rocks,12.6842,78.5394,East flowing rivers between Pennar Kanyakumari,Tamil Nadu,3300.0,3174.086914,3.815548061,1983,9,254,Monsoon
367.5,463.8855651592215,-96.38556515922151,96.38556515922151,INDOFLOODS-gauge-879,367.5,8.647789829,34.62192394,38.68036315,39.39658321,49.01320656,65.31855614,67.35556308,68.66423347,91.04170956,108.3675671,4,136093.9844,100289.8203,3174.086914,771,104415.25,320455.3125,1.357006907,0.291132689,0.007383979,6.03e-10,0.388412982,3.434859991,0.000174751,0.000162354,1.615955114,1.303391814,0.424689442,43,1.76e-08,0.000108669,2.86e-12,0.125174597,43,10.0,2.0,1.0,,272567.8125,110561.6875,46593.15234,85601.67188,,6338.786133,11056.16895,23296.57617,85601.67188,,0.405630022,0.421422213,1.837215662,,4.300000191,5.0,2.0,,24.626041,10.93139,55.752261,246.037634,34.665034,15.054429,19.610604,24.592322,23.624462,27.635678,21.365043,661.776446,147.776446,2.198541,86.813325,359.560969,9.726681,133.708442,80.609693,Arid,250606594.7,181825274.7,125378795.2,86585794.56,61664408.06,45502815.06,5166.706172,6720.292667,3752.487583,2789.268294,2164.980783,1757.277556,7.844502,303.0,24.41016334,0.63973078,0.688262125,0.591199505,0.54487417,0.507372695,0.472077218,1157142.0,361.003801,Cropland,Lixisols,Acid plutonic rocks,12.6842,78.5394,East flowing rivers between Pennar Kanyakumari,Tamil Nadu,3300.0,3174.086914,3.815548061,1998,10,285,Post-Monsoon
367.51,463.8855651592215,-96.37556515922154,96.37556515922154,INDOFLOODS-gauge-879,367.51,9.755334536,24.75436134,46.94238255,62.51687051,89.37818758,105.5729903,116.0118456,129.7273183,141.2579584,166.3361842,4,136093.9844,100289.8203,3174.086914,771,104415.25,320455.3125,1.357006907,0.291132689,0.007383979,6.03e-10,0.388412982,3.434859991,0.000174751,0.000162354,1.615955114,1.303391814,0.424689442,43,1.76e-08,0.000108669,2.86e-12,0.125174597,43,10.0,2.0,1.0,,272567.8125,110561.6875,46593.15234,85601.67188,,6338.786133,11056.16895,23296.57617,85601.67188,,0.405630022,0.421422213,1.837215662,,4.300000191,5.0,2.0,,24.626041,10.93139,55.752261,246.037634,34.665034,15.054429,19.610604,24.592322,23.624462,27.635678,21.365043,661.776446,147.776446,2.198541,86.813325,359.560969,9.726681,133.708442,80.609693,Arid,250606594.7,181825274.7,125378795.2,86585794.56,61664408.06,45502815.06,5166.706172,6720.292667,3752.487583,2789.268294,2164.980783,1757.277556,7.844502,303.0,24.41016334,0.63973078,0.688262125,0.591199505,0.54487417,0.507372695,0.472077218,1157142.0,361.003801,Cropland,Lixisols,Acid plutonic rocks,12.6842,78.5394,East flowing rivers between Pennar Kanyakumari,Tamil Nadu,3300.0,3174.086914,3.815548061,1987,10,287,Post-Monsoon
367.62,463.8855651592215,-96.26556515922152,96.26556515922152,INDOFLOODS-gauge-879,367.62,0.990239851,1.011317934,1.475187959,2.295088237,3.290854812,4.08423359,5.092800676,7.1626778170000005,10.20717426,14.13323133,4,136093.9844,100289.8203,3174.086914,771,104415.25,320455.3125,1.357006907,0.291132689,0.007383979,6.03e-10,0.388412982,3.434859991,0.000174751,0.000162354,1.615955114,1.303391814,0.424689442,43,1.76e-08,0.000108669,2.86e-12,0.125174597,43,10.0,2.0,1.0,,272567.8125,110561.6875,46593.15234,85601.67188,,6338.786133,11056.16895,23296.57617,85601.67188,,0.405630022,0.421422213,1.837215662,,4.300000191,5.0,2.0,,24.626041,10.93139,55.752261,246.037634,34.665034,15.054429,19.610604,24.592322,23.624462,27.635678,21.365043,661.776446,147.776446,2.198541,86.813325,359.560969,9.726681,133.708442,80.609693,Arid,250606594.7,181825274.7,125378795.2,86585794.56,61664408.06,45502815.06,5166.706172,6720.292667,3752.487583,2789.268294,2164.980783,1757.277556,7.844502,303.0,24.41016334,0.63973078,0.688262125,0.591199505,0.54487417,0.507372695,0.472077218,1157142.0,361.003801,Cropland,Lixisols,Acid plutonic rocks,12.6842,78.5394,East flowing rivers between Pennar Kanyakumari,Tamil Nadu,3300.0,3174.086914,3.815548061,1995,11,306,Post-Monsoon
367.67,463.8855651592215,-96.21556515922153,96.21556515922153,INDOFLOODS-gauge-879,367.67,8.850098971,11.14609393,15.53616519,22.49204301,70.15777890000001,79.57561967,81.05615833,84.36993072,91.74974386,92.02532167,4,136093.9844,100289.8203,3174.086914,771,104415.25,320455.3125,1.357006907,0.291132689,0.007383979,6.03e-10,0.388412982,3.434859991,0.000174751,0.000162354,1.615955114,1.303391814,0.424689442,43,1.76e-08,0.000108669,2.86e-12,0.125174597,43,10.0,2.0,1.0,,272567.8125,110561.6875,46593.15234,85601.67188,,6338.786133,11056.16895,23296.57617,85601.67188,,0.405630022,0.421422213,1.837215662,,4.300000191,5.0,2.0,,24.626041,10.93139,55.752261,246.037634,34.665034,15.054429,19.610604,24.592322,23.624462,27.635678,21.365043,661.776446,147.776446,2.198541,86.813325,359.560969,9.726681,133.708442,80.609693,Arid,250606594.7,181825274.7,125378795.2,86585794.56,61664408.06,45502815.06,5166.706172,6720.292667,3752.487583,2789.268294,2164.980783,1757.277556,7.844502,303.0,24.41016334,0.63973078,0.688262125,0.591199505,0.54487417,0.507372695,0.472077218,1157142.0,361.003801,Cropland,Lixisols,Acid plutonic rocks,12.6842,78.5394,East flowing rivers between Pennar Kanyakumari,Tamil Nadu,3300.0,3174.086914,3.815548061,1981,11,305,Post-Monsoon
367.68,463.8855651592215,-96.20556515922152,96.20556515922152,INDOFLOODS-gauge-879,367.68,19.61860357,35.70353727,38.61058505,48.85753834,61.25835132,94.48175172,108.0185862,109.1183202,109.33254479999998,109.6111242,4,136093.9844,100289.8203,3174.086914,771,104415.25,320455.3125,1.357006907,0.291132689,0.007383979,6.03e-10,0.388412982,3.434859991,0.000174751,0.000162354,1.615955114,1.303391814,0.424689442,43,1.76e-08,0.000108669,2.86e-12,0.125174597,43,10.0,2.0,1.0,,272567.8125,110561.6875,46593.15234,85601.67188,,6338.786133,11056.16895,23296.57617,85601.67188,,0.405630022,0.421422213,1.837215662,,4.300000191,5.0,2.0,,24.626041,10.93139,55.752261,246.037634,34.665034,15.054429,19.610604,24.592322,23.624462,27.635678,21.365043,661.776446,147.776446,2.198541,86.813325,359.560969,9.726681,133.708442,80.609693,Arid,250606594.7,181825274.7,125378795.2,86585794.56,61664408.06,45502815.06,5166.706172,6720.292667,3752.487583,2789.268294,2164.980783,1757.277556,7.844502,303.0,24.41016334,0.63973078,0.688262125,0.591199505,0.54487417,0.507372695,0.472077218,1157142.0,361.003801,Cropland,Lixisols,Acid plutonic rocks,12.6842,78.5394,East flowing rivers between Pennar Kanyakumari,Tamil Nadu,3300.0,3174.086914,3.815548061,2001,10,285,Post-Monsoon
367.75,463.8855651592215,-96.13556515922151,96.13556515922151,INDOFLOODS-gauge-879,367.75,50.20792589,78.49888004,78.57172749,78.63771576,78.81746182,79.33846058,80.02818413,84.03551203,87.54991238,88.9966775,4,136093.9844,100289.8203,3174.086914,771,104415.25,320455.3125,1.357006907,0.291132689,0.007383979,6.03e-10,0.388412982,3.434859991,0.000174751,0.000162354,1.615955114,1.303391814,0.424689442,43,1.76e-08,0.000108669,2.86e-12,0.125174597,43,10.0,2.0,1.0,,272567.8125,110561.6875,46593.15234,85601.67188,,6338.786133,11056.16895,23296.57617,85601.67188,,0.405630022,0.421422213,1.837215662,,4.300000191,5.0,2.0,,24.626041,10.93139,55.752261,246.037634,34.665034,15.054429,19.610604,24.592322,23.624462,27.635678,21.365043,661.776446,147.776446,2.198541,86.813325,359.560969,9.726681,133.708442,80.609693,Arid,250606594.7,181825274.7,125378795.2,86585794.56,61664408.06,45502815.06,5166.706172,6720.292667,3752.487583,2789.268294,2164.980783,1757.277556,7.844502,303.0,24.41016334,0.63973078,0.688262125,0.591199505,0.54487417,0.507372695,0.472077218,1157142.0,361.003801,Cropland,Lixisols,Acid plutonic rocks,12.6842,78.5394,East flowing rivers between Pennar Kanyakumari,Tamil Nadu,3300.0,3174.086914,3.815548061,1988,9,270,Monsoon
367.77,463.8855651592215,-96.11556515922156,96.11556515922156,INDOFLOODS-gauge-879,367.77,24.07639858,34.02631844,42.76890067,52.62471385,62.38248249,82.98529699,92.86193982,96.99763419,99.66504044,106.504283,4,136093.9844,100289.8203,3174.086914,771,104415.25,320455.3125,1.357006907,0.291132689,0.007383979,6.03e-10,0.388412982,3.434859991,0.000174751,0.000162354,1.615955114,1.303391814,0.424689442,43,1.76e-08,0.000108669,2.86e-12,0.125174597,43,10.0,2.0,1.0,,272567.8125,110561.6875,46593.15234,85601.67188,,6338.786133,11056.16895,23296.57617,85601.67188,,0.405630022,0.421422213,1.837215662,,4.300000191,5.0,2.0,,24.626041,10.93139,55.752261,246.037634,34.665034,15.054429,19.610604,24.592322,23.624462,27.635678,21.365043,661.776446,147.776446,2.198541,86.813325,359.560969,9.726681,133.708442,80.609693,Arid,250606594.7,181825274.7,125378795.2,86585794.56,61664408.06,45502815.06,5166.706172,6720.292667,3752.487583,2789.268294,2164.980783,1757.277556,7.844502,303.0,24.41016334,0.63973078,0.688262125,0.591199505,0.54487417,0.507372695,0.472077218,1157142.0,361.003801,Cropland,Lixisols,Acid plutonic rocks,12.6842,78.5394,East flowing rivers between Pennar Kanyakumari,Tamil Nadu,3300.0,3174.086914,3.815548061,2017,10,285,Post-Monsoon
367.85,463.8855651592215,-96.0355651592215,96.0355651592215,INDOFLOODS-gauge-879,367.85,48.04314039,51.78091336,51.91604985,51.93671665,52.14864018,52.25523587,53.11146532,53.42671914,53.54581771,53.72874075,4,136093.9844,100289.8203,3174.086914,771,104415.25,320455.3125,1.357006907,0.291132689,0.007383979,6.03e-10,0.388412982,3.434859991,0.000174751,0.000162354,1.615955114,1.303391814,0.424689442,43,1.76e-08,0.000108669,2.86e-12,0.125174597,43,10.0,2.0,1.0,,272567.8125,110561.6875,46593.15234,85601.67188,,6338.786133,11056.16895,23296.57617,85601.67188,,0.405630022,0.421422213,1.837215662,,4.300000191,5.0,2.0,,24.626041,10.93139,55.752261,246.037634,34.665034,15.054429,19.610604,24.592322,23.624462,27.635678,21.365043,661.776446,147.776446,2.198541,86.813325,359.560969,9.726681,133.708442,80.609693,Arid,250606594.7,181825274.7,125378795.2,86585794.56,61664408.06,45502815.06,5166.706172,6720.292667,3752.487583,2789.268294,2164.980783,1757.277556,7.844502,303.0,24.41016334,0.63973078,0.688262125,0.591199505,0.54487417,0.507372695,0.472077218,1157142.0,361.003801,Cropland,Lixisols,Acid plutonic rocks,12.6842,78.5394,East flowing rivers between Pennar Kanyakumari,Tamil Nadu,3300.0,3174.086914,3.815548061,1991,11,320,Post-Monsoon
367.86,463.8855651592215,-96.02556515922151,96.02556515922151,INDOFLOODS-gauge-879,367.86,13.5368345,14.63656851,14.85079306,15.12937246,16.40797857,21.16818107,27.64843538,46.09567248,51.41594322,56.70331325,4,136093.9844,100289.8203,3174.086914,771,104415.25,320455.3125,1.357006907,0.291132689,0.007383979,6.03e-10,0.388412982,3.434859991,0.000174751,0.000162354,1.615955114,1.303391814,0.424689442,43,1.76e-08,0.000108669,2.86e-12,0.125174597,43,10.0,2.0,1.0,,272567.8125,110561.6875,46593.15234,85601.67188,,6338.786133,11056.16895,23296.57617,85601.67188,,0.405630022,0.421422213,1.837215662,,4.300000191,5.0,2.0,,24.626041,10.93139,55.752261,246.037634,34.665034,15.054429,19.610604,24.592322,23.624462,27.635678,21.365043,661.776446,147.776446,2.198541,86.813325,359.560969,9.726681,133.708442,80.609693,Arid,250606594.7,181825274.7,125378795.2,86585794.56,61664408.06,45502815.06,5166.706172,6720.292667,3752.487583,2789.268294,2164.980783,1757.277556,7.844502,303.0,24.41016334,0.63973078,0.688262125,0.591199505,0.54487417,0.507372695,0.472077218,1157142.0,361.003801,Cropland,Lixisols,Acid plutonic rocks,12.6842,78.5394,East flowing rivers between Pennar Kanyakumari,Tamil Nadu,3300.0,3174.086914,3.815548061,2001,10,279,Post-Monsoon
367.93,463.8855651592215,-95.95556515922152,95.95556515922152,INDOFLOODS-gauge-879,367.93,16.30497614,21.43672951,21.4444882,21.54357274,21.77180162,22.49137445,22.6077812,22.84502031,24.04016372,24.68877796,4,136093.9844,100289.8203,3174.086914,771,104415.25,320455.3125,1.357006907,0.291132689,0.007383979,6.03e-10,0.388412982,3.434859991,0.000174751,0.000162354,1.615955114,1.303391814,0.424689442,43,1.76e-08,0.000108669,2.86e-12,0.125174597,43,10.0,2.0,1.0,,272567.8125,110561.6875,46593.15234,85601.67188,,6338.786133,11056.16895,23296.57617,85601.67188,,0.405630022,0.421422213,1.837215662,,4.300000191,5.0,2.0,,24.626041,10.93139,55.752261,246.037634,34.665034,15.054429,19.610604,24.592322,23.624462,27.635678,21.365043,661.776446,147.776446,2.198541,86.813325,359.560969,9.726681,133.708442,80.609693,Arid,250606594.7,181825274.7,125378795.2,86585794.56,61664408.06,45502815.06,5166.706172,6720.292667,3752.487583,2789.268294,2164.980783,1757.277556,7.844502,303.0,24.41016334,0.63973078,0.688262125,0.591199505,0.54487417,0.507372695,0.472077218,1157142.0,361.003801,Cropland,Lixisols,Acid plutonic rocks,12.6842,78.5394,East flowing rivers between Pennar Kanyakumari,Tamil Nadu,3300.0,3174.086914,3.815548061,1991,10,302,Post-Monsoon
367.95,463.8855651592215,-95.93556515922154,95.93556515922154,INDOFLOODS-gauge-879,367.95,3.130308432,3.191720236,3.209394105,3.788267688,3.936483742,4.697346823,5.04368899,5.930223627,6.0185934020000005,6.051844794,4,136093.9844,100289.8203,3174.086914,771,104415.25,320455.3125,1.357006907,0.291132689,0.007383979,6.03e-10,0.388412982,3.434859991,0.000174751,0.000162354,1.615955114,1.303391814,0.424689442,43,1.76e-08,0.000108669,2.86e-12,0.125174597,43,10.0,2.0,1.0,,272567.8125,110561.6875,46593.15234,85601.67188,,6338.786133,11056.16895,23296.57617,85601.67188,,0.405630022,0.421422213,1.837215662,,4.300000191,5.0,2.0,,24.626041,10.93139,55.752261,246.037634,34.665034,15.054429,19.610604,24.592322,23.624462,27.635678,21.365043,661.776446,147.776446,2.198541,86.813325,359.560969,9.726681,133.708442,80.609693,Arid,250606594.7,181825274.7,125378795.2,86585794.56,61664408.06,45502815.06,5166.706172,6720.292667,3752.487583,2789.268294,2164.980783,1757.277556,7.844502,303.0,24.41016334,0.63973078,0.688262125,0.591199505,0.54487417,0.507372695,0.472077218,1157142.0,361.003801,Cropland,Lixisols,Acid plutonic rocks,12.6842,78.5394,East flowing rivers between Pennar Kanyakumari,Tamil Nadu,3300.0,3174.086914,3.815548061,1978,9,269,Monsoon
367.98,463.8855651592215,-95.90556515922152,95.90556515922152,INDOFLOODS-gauge-879,367.98,31.58857061,34.75951746,42.61979673,89.81654205,126.1027641,129.1223771,129.5415363,130.19126029999998,130.3879956,132.0581147,4,136093.9844,100289.8203,3174.086914,771,104415.25,320455.3125,1.357006907,0.291132689,0.007383979,6.03e-10,0.388412982,3.434859991,0.000174751,0.000162354,1.615955114,1.303391814,0.424689442,43,1.76e-08,0.000108669,2.86e-12,0.125174597,43,10.0,2.0,1.0,,272567.8125,110561.6875,46593.15234,85601.67188,,6338.786133,11056.16895,23296.57617,85601.67188,,0.405630022,0.421422213,1.837215662,,4.300000191,5.0,2.0,,24.626041,10.93139,55.752261,246.037634,34.665034,15.054429,19.610604,24.592322,23.624462,27.635678,21.365043,661.776446,147.776446,2.198541,86.813325,359.560969,9.726681,133.708442,80.609693,Arid,250606594.7,181825274.7,125378795.2,86585794.56,61664408.06,45502815.06,5166.706172,6720.292667,3752.487583,2789.268294,2164.980783,1757.277556,7.844502,303.0,24.41016334,0.63973078,0.688262125,0.591199505,0.54487417,0.507372695,0.472077218,1157142.0,361.003801,Cropland,Lixisols,Acid plutonic rocks,12.6842,78.5394,East flowing rivers between Pennar Kanyakumari,Tamil Nadu,3300.0,3174.086914,3.815548061,1996,9,273,Monsoon
368.01,463.8855651592215,-95.87556515922154,95.87556515922154,INDOFLOODS-gauge-879,368.01,9.782980714,39.55066339,64.86771675,75.49311634,81.93097205,85.03234864,95.5188292,100.6810945,117.8310503,133.84920060000002,4,136093.9844,100289.8203,3174.086914,771,104415.25,320455.3125,1.357006907,0.291132689,0.007383979,6.03e-10,0.388412982,3.434859991,0.000174751,0.000162354,1.615955114,1.303391814,0.424689442,43,1.76e-08,0.000108669,2.86e-12,0.125174597,43,10.0,2.0,1.0,,272567.8125,110561.6875,46593.15234,85601.67188,,6338.786133,11056.16895,23296.57617,85601.67188,,0.405630022,0.421422213,1.837215662,,4.300000191,5.0,2.0,,24.626041,10.93139,55.752261,246.037634,34.665034,15.054429,19.610604,24.592322,23.624462,27.635678,21.365043,661.776446,147.776446,2.198541,86.813325,359.560969,9.726681,133.708442,80.609693,Arid,250606594.7,181825274.7,125378795.2,86585794.56,61664408.06,45502815.06,5166.706172,6720.292667,3752.487583,2789.268294,2164.980783,1757.277556,7.844502,303.0,24.41016334,0.63973078,0.688262125,0.591199505,0.54487417,0.507372695,0.472077218,1157142.0,361.003801,Cropland,Lixisols,Acid plutonic rocks,12.6842,78.5394,East flowing rivers between Pennar Kanyakumari,Tamil Nadu,3300.0,3174.086914,3.815548061,1981,9,256,Monsoon
368.04,463.8855651592215,-95.84556515922152,95.84556515922152,INDOFLOODS-gauge-879,368.04,22.67546559,48.11885791,58.30446466,61.71552190000001,64.05074758,68.23034751,70.40750351,71.88281648,73.60001779,75.25847969,4,136093.9844,100289.8203,3174.086914,771,104415.25,320455.3125,1.357006907,0.291132689,0.007383979,6.03e-10,0.388412982,3.434859991,0.000174751,0.000162354,1.615955114,1.303391814,0.424689442,43,1.76e-08,0.000108669,2.86e-12,0.125174597,43,10.0,2.0,1.0,,272567.8125,110561.6875,46593.15234,85601.67188,,6338.786133,11056.16895,23296.57617,85601.67188,,0.405630022,0.421422213,1.837215662,,4.300000191,5.0,2.0,,24.626041,10.93139,55.752261,246.037634,34.665034,15.054429,19.610604,24.592322,23.624462,27.635678,21.365043,661.776446,147.776446,2.198541,86.813325,359.560969,9.726681,133.708442,80.609693,Arid,250606594.7,181825274.7,125378795.2,86585794.56,61664408.06,45502815.06,5166.706172,6720.292667,3752.487583,2789.268294,2164.980783,1757.277556,7.844502,303.0,24.41016334,0.63973078,0.688262125,0.591199505,0.54487417,0.507372695,0.472077218,1157142.0,361.003801,Cropland,Lixisols,Acid plutonic rocks,12.6842,78.5394,East flowing rivers between Pennar Kanyakumari,Tamil Nadu,3300.0,3174.086914,3.815548061,1996,10,293,Post-Monsoon
368.14,463.8855651592215,-95.74556515922154,95.74556515922154,INDOFLOODS-gauge-879,368.14,9.043610293,12.58620548,15.9083207,16.21828271,18.74275026,28.46962222,34.30996676,41.77534557,47.04452854,77.15358979,4,136093.9844,100289.8203,3174.086914,771,104415.25,320455.3125,1.357006907,0.291132689,0.007383979,6.03e-10,0.388412982,3.434859991,0.000174751,0.000162354,1.615955114,1.303391814,0.424689442,43,1.76e-08,0.000108669,2.86e-12,0.125174597,43,10.0,2.0,1.0,,272567.8125,110561.6875,46593.15234,85601.67188,,6338.786133,11056.16895,23296.57617,85601.67188,,0.405630022,0.421422213,1.837215662,,4.300000191,5.0,2.0,,24.626041,10.93139,55.752261,246.037634,34.665034,15.054429,19.610604,24.592322,23.624462,27.635678,21.365043,661.776446,147.776446,2.198541,86.813325,359.560969,9.726681,133.708442,80.609693,Arid,250606594.7,181825274.7,125378795.2,86585794.56,61664408.06,45502815.06,5166.706172,6720.292667,3752.487583,2789.268294,2164.980783,1757.277556,7.844502,303.0,24.41016334,0.63973078,0.688262125,0.591199505,0.54487417,0.507372695,0.472077218,1157142.0,361.003801,Cropland,Lixisols,Acid plutonic rocks,12.6842,78.5394,East flowing rivers between Pennar Kanyakumari,Tamil Nadu,3300.0,3174.086914,3.815548061,1979,9,262,Monsoon
368.36,463.8855651592215,-95.52556515922151,95.52556515922151,INDOFLOODS-gauge-879,368.36,4.404255216,8.127257145,63.43825532,67.34651553,73.50365506,78.73494776,92.1127363,102.4221817,105.00152659999998,106.1149086,4,136093.9844,100289.8203,3174.086914,771,104415.25,320455.3125,1.357006907,0.291132689,0.007383979,6.03e-10,0.388412982,3.434859991,0.000174751,0.000162354,1.615955114,1.303391814,0.424689442,43,1.76e-08,0.000108669,2.86e-12,0.125174597,43,10.0,2.0,1.0,,272567.8125,110561.6875,46593.15234,85601.67188,,6338.786133,11056.16895,23296.57617,85601.67188,,0.405630022,0.421422213,1.837215662,,4.300000191,5.0,2.0,,24.626041,10.93139,55.752261,246.037634,34.665034,15.054429,19.610604,24.592322,23.624462,27.635678,21.365043,661.776446,147.776446,2.198541,86.813325,359.560969,9.726681,133.708442,80.609693,Arid,250606594.7,181825274.7,125378795.2,86585794.56,61664408.06,45502815.06,5166.706172,6720.292667,3752.487583,2789.268294,2164.980783,1757.277556,7.844502,303.0,24.41016334,0.63973078,0.688262125,0.591199505,0.54487417,0.507372695,0.472077218,1157142.0,361.003801,Cropland,Lixisols,Acid plutonic rocks,12.6842,78.5394,East flowing rivers between Pennar Kanyakumari,Tamil Nadu,3300.0,3174.086914,3.815548061,1979,11,323,Post-Monsoon
368.4,463.8855651592215,-95.48556515922157,95.48556515922157,INDOFLOODS-gauge-879,368.4,18.31055150000001,20.38784936,25.18437545,42.36932002,57.06159956,68.06373261,77.81995188,89.43378233,112.9081042,156.7137032,4,136093.9844,100289.8203,3174.086914,771,104415.25,320455.3125,1.357006907,0.291132689,0.007383979,6.03e-10,0.388412982,3.434859991,0.000174751,0.000162354,1.615955114,1.303391814,0.424689442,43,1.76e-08,0.000108669,2.86e-12,0.125174597,43,10.0,2.0,1.0,,272567.8125,110561.6875,46593.15234,85601.67188,,6338.786133,11056.16895,23296.57617,85601.67188,,0.405630022,0.421422213,1.837215662,,4.300000191,5.0,2.0,,24.626041,10.93139,55.752261,246.037634,34.665034,15.054429,19.610604,24.592322,23.624462,27.635678,21.365043,661.776446,147.776446,2.198541,86.813325,359.560969,9.726681,133.708442,80.609693,Arid,250606594.7,181825274.7,125378795.2,86585794.56,61664408.06,45502815.06,5166.706172,6720.292667,3752.487583,2789.268294,2164.980783,1757.277556,7.844502,303.0,24.41016334,0.63973078,0.688262125,0.591199505,0.54487417,0.507372695,0.472077218,1157142.0,361.003801,Cropland,Lixisols,Acid plutonic rocks,12.6842,78.5394,East flowing rivers between Pennar Kanyakumari,Tamil Nadu,3300.0,3174.086914,3.815548061,2005,10,296,Post-Monsoon
368.45,463.8855651592215,-95.43556515922154,95.43556515922154,INDOFLOODS-gauge-879,368.45,25.31705336,35.94245294,42.38030865,45.48168525,55.9681658,61.13043115,78.28038691,94.29853724,103.89129,128.3054113,4,136093.9844,100289.8203,3174.086914,771,104415.25,320455.3125,1.357006907,0.291132689,0.007383979,6.03e-10,0.388412982,3.434859991,0.000174751,0.000162354,1.615955114,1.303391814,0.424689442,43,1.76e-08,0.000108669,2.86e-12,0.125174597,43,10.0,2.0,1.0,,272567.8125,110561.6875,46593.15234,85601.67188,,6338.786133,11056.16895,23296.57617,85601.67188,,0.405630022,0.421422213,1.837215662,,4.300000191,5.0,2.0,,24.626041,10.93139,55.752261,246.037634,34.665034,15.054429,19.610604,24.592322,23.624462,27.635678,21.365043,661.776446,147.776446,2.198541,86.813325,359.560969,9.726681,133.708442,80.609693,Arid,250606594.7,181825274.7,125378795.2,86585794.56,61664408.06,45502815.06,5166.706172,6720.292667,3752.487583,2789.268294,2164.980783,1757.277556,7.844502,303.0,24.41016334,0.63973078,0.688262125,0.591199505,0.54487417,0.507372695,0.472077218,1157142.0,361.003801,Cropland,Lixisols,Acid plutonic rocks,12.6842,78.5394,East flowing rivers between Pennar Kanyakumari,Tamil Nadu,3300.0,3174.086914,3.815548061,1981,9,254,Monsoon
89.17,184.52818900414104,-95.35818900414104,95.35818900414104,INDOFLOODS-gauge-585,89.17,50.17239467,124.849268,146.39705769999995,152.49658369999997,173.97270769999997,206.8292377,245.7084497,294.5472218999999,325.5439777,360.863843,3,32559.68945,24827.61328,637.4835205,865,28620.43945,107773.3359,1.311430454,0.778245032,0.030223155,4.91e-09,0.68969357,1.284942269,0.000102066,0.000154753,1.212685227,1.137637615,0.302112669,8,1.73e-08,0.000111503,2.67e-12,0.133861199,8,2.0,1.0,,,64648.80859,28368.00977,5635.555176,,,8081.101074,14184.00488,5635.555176,,,0.438801736,0.198658809,,,4.0,2.0,,,25.50547,12.361441,51.864276,271.007403,36.735795,12.903129,23.832666,25.337338,23.737213,29.083709,22.156758,3025.142678,1228.79224,0.861076,162.405361,2550.290363,3.219024,361.259074,5.663329,Tropical,149816107.3,109000848.8,75196686.25,51240738.5,43968599.38,30744078.94,7055.1577,9176.586,5155.1304,3743.8674,3565.661,2801.1133,0.132043,503.875,7.373271889,0.72103643,0.7757358,0.6663372,0.6141242,0.5718565,0.53207517,119919.4851,185.756581,Mosaic vegetation,Leptosols,No dominant class,20.1006,73.2706,West flowing rivers from  Tapi to Tadri,Maharashtra,640.0,637.4835205,0.393199922,2019,9,263,Monsoon
569.3,476.2092447067002,93.09075529329976,93.09075529329976,INDOFLOODS-gauge-324,569.3,102.7039982,167.7992679,199.0724933,228.7263801,237.0238043,245.2467729,258.2799235,276.2001247,296.6723077000001,320.6062459,3,129473.6406,84465.21875,2832.652344,781,89357.27344,303810.8125,1.532863379,0.354759037,0.008740195,7.45e-10,0.385652989,2.818814754,0.000177742,0.00016068,1.621727228,1.448943496,0.426165342,43,1.91e-08,0.000118642,3.06e-12,0.125490904,43,10.0,1.0,,,237443.5938,104671.9844,113034.3672,,,5521.943848,10467.19824,113034.3672,,,0.44082883,1.079891324,,,4.300000191,10.0,,,23.454827,9.48203,55.584655,174.344912,32.572852,15.485494,17.087358,22.565565,22.824148,26.129663,21.910312,3309.852607,1203.635887,0.893096,135.978678,2614.62074,10.092339,192.637635,644.07457,Tropical,141850432.8,102075114.8,71165699.65,48039057.64,33817932.03,24540718.37,5101.6587,6635.686,3835.7205,2808.6616,2185.2522,1772.2565,1.959886,416.393939,5.012658228,0.65422714,0.7038582,0.60459614,0.55722106,0.5188698,0.48277453,512144.9588,179.436443,No dominant class,No dominant class,Metamorphics,13.9269,75.585,Krishna,Karnataka,2831.0,2832.652344,0.05836609,2019,8,218,Monsoon
567.8,475.3110274212222,92.48897257877776,92.48897257877776,INDOFLOODS-gauge-324,567.8,12.27671227,20.32442499,30.12481983,37.21619312,45.48247215,55.33185570000001,108.712845,133.3083569,150.3646555,164.037554,3,129473.6406,84465.21875,2832.652344,781,89357.27344,303810.8125,1.532863379,0.354759037,0.008740195,7.45e-10,0.385652989,2.818814754,0.000177742,0.00016068,1.621727228,1.448943496,0.426165342,43,1.91e-08,0.000118642,3.06e-12,0.125490904,43,10.0,1.0,,,237443.5938,104671.9844,113034.3672,,,5521.943848,10467.19824,113034.3672,,,0.44082883,1.079891324,,,4.300000191,10.0,,,23.454827,9.48203,55.584655,174.344912,32.572852,15.485494,17.087358,22.565565,22.824148,26.129663,21.910312,3309.852607,1203.635887,0.893096,135.978678,2614.62074,10.092339,192.637635,644.07457,Tropical,141850432.8,102075114.8,71165699.65,48039057.64,33817932.03,24540718.37,5101.6587,6635.686,3835.7205,2808.6616,2185.2522,1772.2565,1.959886,416.393939,5.012658228,0.65422714,0.7038582,0.60459614,0.55722106,0.5188698,0.48277453,512144.9588,179.436443,No dominant class,No dominant class,Metamorphics,13.9269,75.585,Krishna,Karnataka,2831.0,2832.652344,0.05836609,1988,7,191,Monsoon
567.63,475.3110274212222,92.3189725787778,92.3189725787778,INDOFLOODS-gauge-324,567.63,51.63060613,77.64284079999999,146.8009306,162.4253731,170.02289919999996,180.4744907,193.4409726,205.0200248,217.7364888,238.3808068,3,129473.6406,84465.21875,2832.652344,781,89357.27344,303810.8125,1.532863379,0.354759037,0.008740195,7.45e-10,0.385652989,2.818814754,0.000177742,0.00016068,1.621727228,1.448943496,0.426165342,43,1.91e-08,0.000118642,3.06e-12,0.125490904,43,10.0,1.0,,,237443.5938,104671.9844,113034.3672,,,5521.943848,10467.19824,113034.3672,,,0.44082883,1.079891324,,,4.300000191,10.0,,,23.454827,9.48203,55.584655,174.344912,32.572852,15.485494,17.087358,22.565565,22.824148,26.129663,21.910312,3309.852607,1203.635887,0.893096,135.978678,2614.62074,10.092339,192.637635,644.07457,Tropical,141850432.8,102075114.8,71165699.65,48039057.64,33817932.03,24540718.37,5101.6587,6635.686,3835.7205,2808.6616,2185.2522,1772.2565,1.959886,416.393939,5.012658228,0.65422714,0.7038582,0.60459614,0.55722106,0.5188698,0.48277453,512144.9588,179.436443,No dominant class,No dominant class,Metamorphics,13.9269,75.585,Krishna,Karnataka,2831.0,2832.652344,0.05836609,2012,8,220,Monsoon
567.24,475.3110274212222,91.9289725787778,91.9289725787778,INDOFLOODS-gauge-324,567.24,67.34902235,145.5470638,181.6760061,208.4758925,229.5614117,257.4784751,298.3664009,357.46599260000005,426.5360345,507.8346685,3,129473.6406,84465.21875,2832.652344,781,89357.27344,303810.8125,1.532863379,0.354759037,0.008740195,7.45e-10,0.385652989,2.818814754,0.000177742,0.00016068,1.621727228,1.448943496,0.426165342,43,1.91e-08,0.000118642,3.06e-12,0.125490904,43,10.0,1.0,,,237443.5938,104671.9844,113034.3672,,,5521.943848,10467.19824,113034.3672,,,0.44082883,1.079891324,,,4.300000191,10.0,,,23.454827,9.48203,55.584655,174.344912,32.572852,15.485494,17.087358,22.565565,22.824148,26.129663,21.910312,3309.852607,1203.635887,0.893096,135.978678,2614.62074,10.092339,192.637635,644.07457,Tropical,141850432.8,102075114.8,71165699.65,48039057.64,33817932.03,24540718.37,5101.6587,6635.686,3835.7205,2808.6616,2185.2522,1772.2565,1.959886,416.393939,5.012658228,0.65422714,0.7038582,0.60459614,0.55722106,0.5188698,0.48277453,512144.9588,179.436443,No dominant class,No dominant class,Metamorphics,13.9269,75.585,Krishna,Karnataka,2831.0,2832.652344,0.05836609,2014,8,213,Monsoon
566.88,475.3110274212222,91.5689725787778,91.5689725787778,INDOFLOODS-gauge-324,566.88,59.44063948,92.28494561,113.2183871,127.82719070000002,137.2430108,154.7587044,178.0862301,210.8492389,248.7348895,286.9416111999999,3,129473.6406,84465.21875,2832.652344,781,89357.27344,303810.8125,1.532863379,0.354759037,0.008740195,7.45e-10,0.385652989,2.818814754,0.000177742,0.00016068,1.621727228,1.448943496,0.426165342,43,1.91e-08,0.000118642,3.06e-12,0.125490904,43,10.0,1.0,,,237443.5938,104671.9844,113034.3672,,,5521.943848,10467.19824,113034.3672,,,0.44082883,1.079891324,,,4.300000191,10.0,,,23.454827,9.48203,55.584655,174.344912,32.572852,15.485494,17.087358,22.565565,22.824148,26.129663,21.910312,3309.852607,1203.635887,0.893096,135.978678,2614.62074,10.092339,192.637635,644.07457,Tropical,141850432.8,102075114.8,71165699.65,48039057.64,33817932.03,24540718.37,5101.6587,6635.686,3835.7205,2808.6616,2185.2522,1772.2565,1.959886,416.393939,5.012658228,0.65422714,0.7038582,0.60459614,0.55722106,0.5188698,0.48277453,512144.9588,179.436443,No dominant class,No dominant class,Metamorphics,13.9269,75.585,Krishna,Karnataka,2831.0,2832.652344,0.05836609,2013,7,185,Monsoon
566.88,475.3110274212222,91.5689725787778,91.5689725787778,INDOFLOODS-gauge-324,566.88,80.72715529999998,140.14011259999998,180.2046862,189.6730145,253.8652628,314.1532844,393.81149460000006,486.1356709,594.8504098,696.4335087000002,3,129473.6406,84465.21875,2832.652344,781,89357.27344,303810.8125,1.532863379,0.354759037,0.008740195,7.45e-10,0.385652989,2.818814754,0.000177742,0.00016068,1.621727228,1.448943496,0.426165342,43,1.91e-08,0.000118642,3.06e-12,0.125490904,43,10.0,1.0,,,237443.5938,104671.9844,113034.3672,,,5521.943848,10467.19824,113034.3672,,,0.44082883,1.079891324,,,4.300000191,10.0,,,23.454827,9.48203,55.584655,174.344912,32.572852,15.485494,17.087358,22.565565,22.824148,26.129663,21.910312,3309.852607,1203.635887,0.893096,135.978678,2614.62074,10.092339,192.637635,644.07457,Tropical,141850432.8,102075114.8,71165699.65,48039057.64,33817932.03,24540718.37,5101.6587,6635.686,3835.7205,2808.6616,2185.2522,1772.2565,1.959886,416.393939,5.012658228,0.65422714,0.7038582,0.60459614,0.55722106,0.5188698,0.48277453,512144.9588,179.436443,No dominant class,No dominant class,Metamorphics,13.9269,75.585,Krishna,Karnataka,2831.0,2832.652344,0.05836609,2013,8,214,Monsoon
566.75,475.3110274212222,91.4389725787778,91.4389725787778,INDOFLOODS-gauge-324,566.75,119.9388085,245.7225079,382.5993778,427.35001510000006,472.4001154,487.3861827,502.9016978,506.1808547,508.7181817,523.2882671,3,129473.6406,84465.21875,2832.652344,781,89357.27344,303810.8125,1.532863379,0.354759037,0.008740195,7.45e-10,0.385652989,2.818814754,0.000177742,0.00016068,1.621727228,1.448943496,0.426165342,43,1.91e-08,0.000118642,3.06e-12,0.125490904,43,10.0,1.0,,,237443.5938,104671.9844,113034.3672,,,5521.943848,10467.19824,113034.3672,,,0.44082883,1.079891324,,,4.300000191,10.0,,,23.454827,9.48203,55.584655,174.344912,32.572852,15.485494,17.087358,22.565565,22.824148,26.129663,21.910312,3309.852607,1203.635887,0.893096,135.978678,2614.62074,10.092339,192.637635,644.07457,Tropical,141850432.8,102075114.8,71165699.65,48039057.64,33817932.03,24540718.37,5101.6587,6635.686,3835.7205,2808.6616,2185.2522,1772.2565,1.959886,416.393939,5.012658228,0.65422714,0.7038582,0.60459614,0.55722106,0.5188698,0.48277453,512144.9588,179.436443,No dominant class,No dominant class,Metamorphics,13.9269,75.585,Krishna,Karnataka,2831.0,2832.652344,0.05836609,2011,7,199,Monsoon
566.74,475.3110274212222,91.4289725787778,91.4289725787778,INDOFLOODS-gauge-324,566.74,108.7147388,210.2978378,292.2937961,372.0622742,438.8144385,500.0817469,552.4693776,576.5183969,611.1293376,638.3921697000002,3,129473.6406,84465.21875,2832.652344,781,89357.27344,303810.8125,1.532863379,0.354759037,0.008740195,7.45e-10,0.385652989,2.818814754,0.000177742,0.00016068,1.621727228,1.448943496,0.426165342,43,1.91e-08,0.000118642,3.06e-12,0.125490904,43,10.0,1.0,,,237443.5938,104671.9844,113034.3672,,,5521.943848,10467.19824,113034.3672,,,0.44082883,1.079891324,,,4.300000191,10.0,,,23.454827,9.48203,55.584655,174.344912,32.572852,15.485494,17.087358,22.565565,22.824148,26.129663,21.910312,3309.852607,1203.635887,0.893096,135.978678,2614.62074,10.092339,192.637635,644.07457,Tropical,141850432.8,102075114.8,71165699.65,48039057.64,33817932.03,24540718.37,5101.6587,6635.686,3835.7205,2808.6616,2185.2522,1772.2565,1.959886,416.393939,5.012658228,0.65422714,0.7038582,0.60459614,0.55722106,0.5188698,0.48277453,512144.9588,179.436443,No dominant class,No dominant class,Metamorphics,13.9269,75.585,Krishna,Karnataka,2831.0,2832.652344,0.05836609,2013,7,206,Monsoon
566.63,475.3110274212222,91.3189725787778,91.3189725787778,INDOFLOODS-gauge-324,566.63,61.26730835,113.65493909999998,137.7039584,172.314899,199.5777311,237.6476292,309.2964783000001,389.2751844,427.7458997,469.4799305,3,129473.6406,84465.21875,2832.652344,781,89357.27344,303810.8125,1.532863379,0.354759037,0.008740195,7.45e-10,0.385652989,2.818814754,0.000177742,0.00016068,1.621727228,1.448943496,0.426165342,43,1.91e-08,0.000118642,3.06e-12,0.125490904,43,10.0,1.0,,,237443.5938,104671.9844,113034.3672,,,5521.943848,10467.19824,113034.3672,,,0.44082883,1.079891324,,,4.300000191,10.0,,,23.454827,9.48203,55.584655,174.344912,32.572852,15.485494,17.087358,22.565565,22.824148,26.129663,21.910312,3309.852607,1203.635887,0.893096,135.978678,2614.62074,10.092339,192.637635,644.07457,Tropical,141850432.8,102075114.8,71165699.65,48039057.64,33817932.03,24540718.37,5101.6587,6635.686,3835.7205,2808.6616,2185.2522,1772.2565,1.959886,416.393939,5.012658228,0.65422714,0.7038582,0.60459614,0.55722106,0.5188698,0.48277453,512144.9588,179.436443,No dominant class,No dominant class,Metamorphics,13.9269,75.585,Krishna,Karnataka,2831.0,2832.652344,0.05836609,2013,7,201,Monsoon
566.62,475.3110274212222,91.3089725787778,91.3089725787778,INDOFLOODS-gauge-324,566.62,120.6028157,155.5996794,187.5900971,199.3951081,218.5163128,234.1787361,240.9945597,254.4809312,283.2953062,323.1256943,3,129473.6406,84465.21875,2832.652344,781,89357.27344,303810.8125,1.532863379,0.354759037,0.008740195,7.45e-10,0.385652989,2.818814754,0.000177742,0.00016068,1.621727228,1.448943496,0.426165342,43,1.91e-08,0.000118642,3.06e-12,0.125490904,43,10.0,1.0,,,237443.5938,104671.9844,113034.3672,,,5521.943848,10467.19824,113034.3672,,,0.44082883,1.079891324,,,4.300000191,10.0,,,23.454827,9.48203,55.584655,174.344912,32.572852,15.485494,17.087358,22.565565,22.824148,26.129663,21.910312,3309.852607,1203.635887,0.893096,135.978678,2614.62074,10.092339,192.637635,644.07457,Tropical,141850432.8,102075114.8,71165699.65,48039057.64,33817932.03,24540718.37,5101.6587,6635.686,3835.7205,2808.6616,2185.2522,1772.2565,1.959886,416.393939,5.012658228,0.65422714,0.7038582,0.60459614,0.55722106,0.5188698,0.48277453,512144.9588,179.436443,No dominant class,No dominant class,Metamorphics,13.9269,75.585,Krishna,Karnataka,2831.0,2832.652344,0.05836609,2015,7,201,Monsoon
566.56,475.3110274212222,91.24897257877774,91.24897257877774,INDOFLOODS-gauge-324,566.56,74.9847235,160.3931621,240.7382813,299.9239895,328.5681495,355.0905954,395.9537096,432.4258509,444.6101543,456.7335475,3,129473.6406,84465.21875,2832.652344,781,89357.27344,303810.8125,1.532863379,0.354759037,0.008740195,7.45e-10,0.385652989,2.818814754,0.000177742,0.00016068,1.621727228,1.448943496,0.426165342,43,1.91e-08,0.000118642,3.06e-12,0.125490904,43,10.0,1.0,,,237443.5938,104671.9844,113034.3672,,,5521.943848,10467.19824,113034.3672,,,0.44082883,1.079891324,,,4.300000191,10.0,,,23.454827,9.48203,55.584655,174.344912,32.572852,15.485494,17.087358,22.565565,22.824148,26.129663,21.910312,3309.852607,1203.635887,0.893096,135.978678,2614.62074,10.092339,192.637635,644.07457,Tropical,141850432.8,102075114.8,71165699.65,48039057.64,33817932.03,24540718.37,5101.6587,6635.686,3835.7205,2808.6616,2185.2522,1772.2565,1.959886,416.393939,5.012658228,0.65422714,0.7038582,0.60459614,0.55722106,0.5188698,0.48277453,512144.9588,179.436443,No dominant class,No dominant class,Metamorphics,13.9269,75.585,Krishna,Karnataka,2831.0,2832.652344,0.05836609,2018,7,195,Monsoon
566.51,475.3110274212222,91.19897257877778,91.19897257877778,INDOFLOODS-gauge-324,566.51,59.18570822,87.82986817,114.352314,155.2154283,191.6875696,203.871873,215.9952662,231.4701652,277.595078,287.3643195,3,129473.6406,84465.21875,2832.652344,781,89357.27344,303810.8125,1.532863379,0.354759037,0.008740195,7.45e-10,0.385652989,2.818814754,0.000177742,0.00016068,1.621727228,1.448943496,0.426165342,43,1.91e-08,0.000118642,3.06e-12,0.125490904,43,10.0,1.0,,,237443.5938,104671.9844,113034.3672,,,5521.943848,10467.19824,113034.3672,,,0.44082883,1.079891324,,,4.300000191,10.0,,,23.454827,9.48203,55.584655,174.344912,32.572852,15.485494,17.087358,22.565565,22.824148,26.129663,21.910312,3309.852607,1203.635887,0.893096,135.978678,2614.62074,10.092339,192.637635,644.07457,Tropical,141850432.8,102075114.8,71165699.65,48039057.64,33817932.03,24540718.37,5101.6587,6635.686,3835.7205,2808.6616,2185.2522,1772.2565,1.959886,416.393939,5.012658228,0.65422714,0.7038582,0.60459614,0.55722106,0.5188698,0.48277453,512144.9588,179.436443,No dominant class,No dominant class,Metamorphics,13.9269,75.585,Krishna,Karnataka,2831.0,2832.652344,0.05836609,2018,7,192,Monsoon
125.6,183.6356763987026,-58.035676398702606,58.035676398702606,INDOFLOODS-gauge-830,125.6,7.970023048,26.03547894,33.98258015,49.58266939,57.06190963,59.58814884,70.30004462,71.05296291,76.42414992,88.15306852,5,547933.6875,346375.2813,52116.33594,2415,352447.375,1485431.5,1.58190763,0.419551522,0.006852087,4.41e-11,0.296809971,2.383497477,0.000580303,0.000157557,1.8485744,1.554653883,0.368871719,676,1.65e-08,0.000104978,2.61e-12,0.380499035,676,146.0,32.0,7.0,1.0,4309210.5,1928801.25,1107053.625,574224.5625,291979.75,6374.571777,13210.96777,34595.42578,82032.07813,291979.75,0.447599679,0.57395941,0.518696249,0.508476615,4.630136967,4.5625,4.571428776,7.0,24.076573,10.217382,58.48698,186.856211,33.43293,15.953549,17.47938,23.407926,24.075122,26.756259,22.039554,1037.951209,284.062831,3.487273,91.85815,594.26562,17.029243,180.4601,161.466244,Tropical,267807759.8,193407890.1,133913148.8,93123392.53,64683967.12,46491562.3,5361.654239,6973.859834,3996.385176,2994.022061,2276.117404,1807.311352,5.95688,445.745628,18.76525405,0.688191821,0.737216802,0.63598419,0.586149595,0.54580731,0.507838125,22524910.0,430.380223,Cropland,No dominant class,Metamorphics,11.0811,77.8903,Cauvery,Tamil Nadu,53233.0,52116.33594,2.097691394,1994,11,311,Post-Monsoon
125.72,183.6356763987026,-57.9156763987026,57.9156763987026,INDOFLOODS-gauge-830,125.72,1.877399592,16.80079638,28.42227352,31.86594177,34.74399711,36.13341736,36.53112342,36.62795694,37.30516821,39.65315099,5,547933.6875,346375.2813,52116.33594,2415,352447.375,1485431.5,1.58190763,0.419551522,0.006852087,4.41e-11,0.296809971,2.383497477,0.000580303,0.000157557,1.8485744,1.554653883,0.368871719,676,1.65e-08,0.000104978,2.61e-12,0.380499035,676,146.0,32.0,7.0,1.0,4309210.5,1928801.25,1107053.625,574224.5625,291979.75,6374.571777,13210.96777,34595.42578,82032.07813,291979.75,0.447599679,0.57395941,0.518696249,0.508476615,4.630136967,4.5625,4.571428776,7.0,24.076573,10.217382,58.48698,186.856211,33.43293,15.953549,17.47938,23.407926,24.075122,26.756259,22.039554,1037.951209,284.062831,3.487273,91.85815,594.26562,17.029243,180.4601,161.466244,Tropical,267807759.8,193407890.1,133913148.8,93123392.53,64683967.12,46491562.3,5361.654239,6973.859834,3996.385176,2994.022061,2276.117404,1807.311352,5.95688,445.745628,18.76525405,0.688191821,0.737216802,0.63598419,0.586149595,0.54580731,0.507838125,22524910.0,430.380223,Cropland,No dominant class,Metamorphics,11.0811,77.8903,Cauvery,Tamil Nadu,53233.0,52116.33594,2.097691394,2000,10,299,Post-Monsoon
125.72,183.6356763987026,-57.9156763987026,57.9156763987026,INDOFLOODS-gauge-830,125.72,4.759878178,17.01079024,24.35170596,28.25638169,30.33598136,34.30946524,40.72659247,46.49224847,49.9588504,61.95932088,5,547933.6875,346375.2813,52116.33594,2415,352447.375,1485431.5,1.58190763,0.419551522,0.006852087,4.41e-11,0.296809971,2.383497477,0.000580303,0.000157557,1.8485744,1.554653883,0.368871719,676,1.65e-08,0.000104978,2.61e-12,0.380499035,676,146.0,32.0,7.0,1.0,4309210.5,1928801.25,1107053.625,574224.5625,291979.75,6374.571777,13210.96777,34595.42578,82032.07813,291979.75,0.447599679,0.57395941,0.518696249,0.508476615,4.630136967,4.5625,4.571428776,7.0,24.076573,10.217382,58.48698,186.856211,33.43293,15.953549,17.47938,23.407926,24.075122,26.756259,22.039554,1037.951209,284.062831,3.487273,91.85815,594.26562,17.029243,180.4601,161.466244,Tropical,267807759.8,193407890.1,133913148.8,93123392.53,64683967.12,46491562.3,5361.654239,6973.859834,3996.385176,2994.022061,2276.117404,1807.311352,5.95688,445.745628,18.76525405,0.688191821,0.737216802,0.63598419,0.586149595,0.54580731,0.507838125,22524910.0,430.380223,Cropland,No dominant class,Metamorphics,11.0811,77.8903,Cauvery,Tamil Nadu,53233.0,52116.33594,2.097691394,1980,8,214,Monsoon
125.8,183.6356763987026,-57.8356763987026,57.8356763987026,INDOFLOODS-gauge-830,125.8,1.877007276,6.157419872999999,12.42820051,21.14476647,29.97503505,34.43775933,37.67320479,42.57092306,46.96603169,52.95765742,5,547933.6875,346375.2813,52116.33594,2415,352447.375,1485431.5,1.58190763,0.419551522,0.006852087,4.41e-11,0.296809971,2.383497477,0.000580303,0.000157557,1.8485744,1.554653883,0.368871719,676,1.65e-08,0.000104978,2.61e-12,0.380499035,676,146.0,32.0,7.0,1.0,4309210.5,1928801.25,1107053.625,574224.5625,291979.75,6374.571777,13210.96777,34595.42578,82032.07813,291979.75,0.447599679,0.57395941,0.518696249,0.508476615,4.630136967,4.5625,4.571428776,7.0,24.076573,10.217382,58.48698,186.856211,33.43293,15.953549,17.47938,23.407926,24.075122,26.756259,22.039554,1037.951209,284.062831,3.487273,91.85815,594.26562,17.029243,180.4601,161.466244,Tropical,267807759.8,193407890.1,133913148.8,93123392.53,64683967.12,46491562.3,5361.654239,6973.859834,3996.385176,2994.022061,2276.117404,1807.311352,5.95688,445.745628,18.76525405,0.688191821,0.737216802,0.63598419,0.586149595,0.54580731,0.507838125,22524910.0,430.380223,Cropland,No dominant class,Metamorphics,11.0811,77.8903,Cauvery,Tamil Nadu,53233.0,52116.33594,2.097691394,1992,8,235,Monsoon
125.82,183.6356763987026,-57.81567639870261,57.81567639870261,INDOFLOODS-gauge-830,125.82,3.669125689,9.415831793,13.95669818,20.50511091,29.08917222,37.01525535,55.49580868,71.91782576,79.53456941,82.23623815,5,547933.6875,346375.2813,52116.33594,2415,352447.375,1485431.5,1.58190763,0.419551522,0.006852087,4.41e-11,0.296809971,2.383497477,0.000580303,0.000157557,1.8485744,1.554653883,0.368871719,676,1.65e-08,0.000104978,2.61e-12,0.380499035,676,146.0,32.0,7.0,1.0,4309210.5,1928801.25,1107053.625,574224.5625,291979.75,6374.571777,13210.96777,34595.42578,82032.07813,291979.75,0.447599679,0.57395941,0.518696249,0.508476615,4.630136967,4.5625,4.571428776,7.0,24.076573,10.217382,58.48698,186.856211,33.43293,15.953549,17.47938,23.407926,24.075122,26.756259,22.039554,1037.951209,284.062831,3.487273,91.85815,594.26562,17.029243,180.4601,161.466244,Tropical,267807759.8,193407890.1,133913148.8,93123392.53,64683967.12,46491562.3,5361.654239,6973.859834,3996.385176,2994.022061,2276.117404,1807.311352,5.95688,445.745628,18.76525405,0.688191821,0.737216802,0.63598419,0.586149595,0.54580731,0.507838125,22524910.0,430.380223,Cropland,No dominant class,Metamorphics,11.0811,77.8903,Cauvery,Tamil Nadu,53233.0,52116.33594,2.097691394,1994,8,217,Monsoon
125.86,183.6356763987026,-57.7756763987026,57.7756763987026,INDOFLOODS-gauge-830,125.86,10.12225838,15.12008904,17.4640085,18.74901557,20.35552711,24.35120168,36.03416218,51.17137896,73.98039926,91.90010414,5,547933.6875,346375.2813,52116.33594,2415,352447.375,1485431.5,1.58190763,0.419551522,0.006852087,4.41e-11,0.296809971,2.383497477,0.000580303,0.000157557,1.8485744,1.554653883,0.368871719,676,1.65e-08,0.000104978,2.61e-12,0.380499035,676,146.0,32.0,7.0,1.0,4309210.5,1928801.25,1107053.625,574224.5625,291979.75,6374.571777,13210.96777,34595.42578,82032.07813,291979.75,0.447599679,0.57395941,0.518696249,0.508476615,4.630136967,4.5625,4.571428776,7.0,24.076573,10.217382,58.48698,186.856211,33.43293,15.953549,17.47938,23.407926,24.075122,26.756259,22.039554,1037.951209,284.062831,3.487273,91.85815,594.26562,17.029243,180.4601,161.466244,Tropical,267807759.8,193407890.1,133913148.8,93123392.53,64683967.12,46491562.3,5361.654239,6973.859834,3996.385176,2994.022061,2276.117404,1807.311352,5.95688,445.745628,18.76525405,0.688191821,0.737216802,0.63598419,0.586149595,0.54580731,0.507838125,22524910.0,430.380223,Cropland,No dominant class,Metamorphics,11.0811,77.8903,Cauvery,Tamil Nadu,53233.0,52116.33594,2.097691394,2005,11,307,Post-Monsoon
125.99,183.6356763987026,-57.645676398702605,57.645676398702605,INDOFLOODS-gauge-830,125.99,8.221616896,17.0530538,27.21437027,39.04174231,56.41123001,64.67892020000001,68.02064301,69.73698601,71.19343139,75.55642101,5,547933.6875,346375.2813,52116.33594,2415,352447.375,1485431.5,1.58190763,0.419551522,0.006852087,4.41e-11,0.296809971,2.383497477,0.000580303,0.000157557,1.8485744,1.554653883,0.368871719,676,1.65e-08,0.000104978,2.61e-12,0.380499035,676,146.0,32.0,7.0,1.0,4309210.5,1928801.25,1107053.625,574224.5625,291979.75,6374.571777,13210.96777,34595.42578,82032.07813,291979.75,0.447599679,0.57395941,0.518696249,0.508476615,4.630136967,4.5625,4.571428776,7.0,24.076573,10.217382,58.48698,186.856211,33.43293,15.953549,17.47938,23.407926,24.075122,26.756259,22.039554,1037.951209,284.062831,3.487273,91.85815,594.26562,17.029243,180.4601,161.466244,Tropical,267807759.8,193407890.1,133913148.8,93123392.53,64683967.12,46491562.3,5361.654239,6973.859834,3996.385176,2994.022061,2276.117404,1807.311352,5.95688,445.745628,18.76525405,0.688191821,0.737216802,0.63598419,0.586149595,0.54580731,0.507838125,22524910.0,430.380223,Cropland,No dominant class,Metamorphics,11.0811,77.8903,Cauvery,Tamil Nadu,53233.0,52116.33594,2.097691394,1981,8,234,Monsoon
126.05,183.6356763987026,-57.5856763987026,57.5856763987026,INDOFLOODS-gauge-830,126.05,13.05788946,20.26312986,27.01130638,29.04872792,32.64208701,34.03352264,39.18644063,46.51995176,55.88191111,63.67993064,5,547933.6875,346375.2813,52116.33594,2415,352447.375,1485431.5,1.58190763,0.419551522,0.006852087,4.41e-11,0.296809971,2.383497477,0.000580303,0.000157557,1.8485744,1.554653883,0.368871719,676,1.65e-08,0.000104978,2.61e-12,0.380499035,676,146.0,32.0,7.0,1.0,4309210.5,1928801.25,1107053.625,574224.5625,291979.75,6374.571777,13210.96777,34595.42578,82032.07813,291979.75,0.447599679,0.57395941,0.518696249,0.508476615,4.630136967,4.5625,4.571428776,7.0,24.076573,10.217382,58.48698,186.856211,33.43293,15.953549,17.47938,23.407926,24.075122,26.756259,22.039554,1037.951209,284.062831,3.487273,91.85815,594.26562,17.029243,180.4601,161.466244,Tropical,267807759.8,193407890.1,133913148.8,93123392.53,64683967.12,46491562.3,5361.654239,6973.859834,3996.385176,2994.022061,2276.117404,1807.311352,5.95688,445.745628,18.76525405,0.688191821,0.737216802,0.63598419,0.586149595,0.54580731,0.507838125,22524910.0,430.380223,Cropland,No dominant class,Metamorphics,11.0811,77.8903,Cauvery,Tamil Nadu,53233.0,52116.33594,2.097691394,1981,9,256,Monsoon
126.21,183.7559620602831,-57.54596206028312,57.54596206028312,INDOFLOODS-gauge-830,126.21,7.926083134,26.40663646,42.82865354,50.44539719,53.14706593,55.03040755,57.83626326,62.35887621,65.01932623,67.6282534,5,547933.6875,346375.2813,52116.33594,2415,352447.375,1485431.5,1.58190763,0.419551522,0.006852087,4.41e-11,0.296809971,2.383497477,0.000580303,0.000157557,1.8485744,1.554653883,0.368871719,676,1.65e-08,0.000104978,2.61e-12,0.380499035,676,146.0,32.0,7.0,1.0,4309210.5,1928801.25,1107053.625,574224.5625,291979.75,6374.571777,13210.96777,34595.42578,82032.07813,291979.75,0.447599679,0.57395941,0.518696249,0.508476615,4.630136967,4.5625,4.571428776,7.0,24.076573,10.217382,58.48698,186.856211,33.43293,15.953549,17.47938,23.407926,24.075122,26.756259,22.039554,1037.951209,284.062831,3.487273,91.85815,594.26562,17.029243,180.4601,161.466244,Tropical,267807759.8,193407890.1,133913148.8,93123392.53,64683967.12,46491562.3,5361.654239,6973.859834,3996.385176,2994.022061,2276.117404,1807.311352,5.95688,445.745628,18.76525405,0.688191821,0.737216802,0.63598419,0.586149595,0.54580731,0.507838125,22524910.0,430.380223,Cropland,No dominant class,Metamorphics,11.0811,77.8903,Cauvery,Tamil Nadu,53233.0,52116.33594,2.097691394,1994,7,212,Monsoon
126.44,183.6356763987026,-57.1956763987026,57.1956763987026,INDOFLOODS-gauge-830,126.44,0.190397497,1.128889725,4.2293961,10.53904108,17.59868188,21.94536427,32.57737555,41.45421901,48.8808691,56.41238666,5,547933.6875,346375.2813,52116.33594,2415,352447.375,1485431.5,1.58190763,0.419551522,0.006852087,4.41e-11,0.296809971,2.383497477,0.000580303,0.000157557,1.8485744,1.554653883,0.368871719,676,1.65e-08,0.000104978,2.61e-12,0.380499035,676,146.0,32.0,7.0,1.0,4309210.5,1928801.25,1107053.625,574224.5625,291979.75,6374.571777,13210.96777,34595.42578,82032.07813,291979.75,0.447599679,0.57395941,0.518696249,0.508476615,4.630136967,4.5625,4.571428776,7.0,24.076573,10.217382,58.48698,186.856211,33.43293,15.953549,17.47938,23.407926,24.075122,26.756259,22.039554,1037.951209,284.062831,3.487273,91.85815,594.26562,17.029243,180.4601,161.466244,Tropical,267807759.8,193407890.1,133913148.8,93123392.53,64683967.12,46491562.3,5361.654239,6973.859834,3996.385176,2994.022061,2276.117404,1807.311352,5.95688,445.745628,18.76525405,0.688191821,0.737216802,0.63598419,0.586149595,0.54580731,0.507838125,22524910.0,430.380223,Cropland,No dominant class,Metamorphics,11.0811,77.8903,Cauvery,Tamil Nadu,53233.0,52116.33594,2.097691394,1979,8,226,Monsoon
126.87,184.0645040803412,-57.194504080341176,57.194504080341176,INDOFLOODS-gauge-830,126.87,4.360247979,15.15377595,43.70030312,62.84504097,66.71403121,69.17105064,73.64330538,86.03598046,110.3447311,134.1228625,5,547933.6875,346375.2813,52116.33594,2415,352447.375,1485431.5,1.58190763,0.419551522,0.006852087,4.41e-11,0.296809971,2.383497477,0.000580303,0.000157557,1.8485744,1.554653883,0.368871719,676,1.65e-08,0.000104978,2.61e-12,0.380499035,676,146.0,32.0,7.0,1.0,4309210.5,1928801.25,1107053.625,574224.5625,291979.75,6374.571777,13210.96777,34595.42578,82032.07813,291979.75,0.447599679,0.57395941,0.518696249,0.508476615,4.630136967,4.5625,4.571428776,7.0,24.076573,10.217382,58.48698,186.856211,33.43293,15.953549,17.47938,23.407926,24.075122,26.756259,22.039554,1037.951209,284.062831,3.487273,91.85815,594.26562,17.029243,180.4601,161.466244,Tropical,267807759.8,193407890.1,133913148.8,93123392.53,64683967.12,46491562.3,5361.654239,6973.859834,3996.385176,2994.022061,2276.117404,1807.311352,5.95688,445.745628,18.76525405,0.688191821,0.737216802,0.63598419,0.586149595,0.54580731,0.507838125,22524910.0,430.380223,Cropland,No dominant class,Metamorphics,11.0811,77.8903,Cauvery,Tamil Nadu,53233.0,52116.33594,2.097691394,1980,7,193,Monsoon
126.46,183.6356763987026,-57.175676398702606,57.175676398702606,INDOFLOODS-gauge-830,126.46,7.538478155,12.660678,18.59772723,28.44894968,36.11892815,42.53983806,44.13090374,52.74156064,58.42989228,68.03634644,5,547933.6875,346375.2813,52116.33594,2415,352447.375,1485431.5,1.58190763,0.419551522,0.006852087,4.41e-11,0.296809971,2.383497477,0.000580303,0.000157557,1.8485744,1.554653883,0.368871719,676,1.65e-08,0.000104978,2.61e-12,0.380499035,676,146.0,32.0,7.0,1.0,4309210.5,1928801.25,1107053.625,574224.5625,291979.75,6374.571777,13210.96777,34595.42578,82032.07813,291979.75,0.447599679,0.57395941,0.518696249,0.508476615,4.630136967,4.5625,4.571428776,7.0,24.076573,10.217382,58.48698,186.856211,33.43293,15.953549,17.47938,23.407926,24.075122,26.756259,22.039554,1037.951209,284.062831,3.487273,91.85815,594.26562,17.029243,180.4601,161.466244,Tropical,267807759.8,193407890.1,133913148.8,93123392.53,64683967.12,46491562.3,5361.654239,6973.859834,3996.385176,2994.022061,2276.117404,1807.311352,5.95688,445.745628,18.76525405,0.688191821,0.737216802,0.63598419,0.586149595,0.54580731,0.507838125,22524910.0,430.380223,Cropland,No dominant class,Metamorphics,11.0811,77.8903,Cauvery,Tamil Nadu,53233.0,52116.33594,2.097691394,2013,8,217,Monsoon
126.52,183.6356763987026,-57.11567639870261,57.11567639870261,INDOFLOODS-gauge-830,126.52,18.02397636,19.90739309,20.31144952,26.57959809,32.86462199,44.68140463,47.22191123,53.15387246,55.96693072,58.69195152,5,547933.6875,346375.2813,52116.33594,2415,352447.375,1485431.5,1.58190763,0.419551522,0.006852087,4.41e-11,0.296809971,2.383497477,0.000580303,0.000157557,1.8485744,1.554653883,0.368871719,676,1.65e-08,0.000104978,2.61e-12,0.380499035,676,146.0,32.0,7.0,1.0,4309210.5,1928801.25,1107053.625,574224.5625,291979.75,6374.571777,13210.96777,34595.42578,82032.07813,291979.75,0.447599679,0.57395941,0.518696249,0.508476615,4.630136967,4.5625,4.571428776,7.0,24.076573,10.217382,58.48698,186.856211,33.43293,15.953549,17.47938,23.407926,24.075122,26.756259,22.039554,1037.951209,284.062831,3.487273,91.85815,594.26562,17.029243,180.4601,161.466244,Tropical,267807759.8,193407890.1,133913148.8,93123392.53,64683967.12,46491562.3,5361.654239,6973.859834,3996.385176,2994.022061,2276.117404,1807.311352,5.95688,445.745628,18.76525405,0.688191821,0.737216802,0.63598419,0.586149595,0.54580731,0.507838125,22524910.0,430.380223,Cropland,No dominant class,Metamorphics,11.0811,77.8903,Cauvery,Tamil Nadu,53233.0,52116.33594,2.097691394,1978,11,309,Post-Monsoon
127.02,184.0645040803412,-57.044504080341184,57.044504080341184,INDOFLOODS-gauge-830,127.02,4.472254741,16.86492983,41.1736805,64.95181187,72.66882290000002,77.32786108,80.21154168,85.50931109999998,91.36614593,93.4007412,5,547933.6875,346375.2813,52116.33594,2415,352447.375,1485431.5,1.58190763,0.419551522,0.006852087,4.41e-11,0.296809971,2.383497477,0.000580303,0.000157557,1.8485744,1.554653883,0.368871719,676,1.65e-08,0.000104978,2.61e-12,0.380499035,676,146.0,32.0,7.0,1.0,4309210.5,1928801.25,1107053.625,574224.5625,291979.75,6374.571777,13210.96777,34595.42578,82032.07813,291979.75,0.447599679,0.57395941,0.518696249,0.508476615,4.630136967,4.5625,4.571428776,7.0,24.076573,10.217382,58.48698,186.856211,33.43293,15.953549,17.47938,23.407926,24.075122,26.756259,22.039554,1037.951209,284.062831,3.487273,91.85815,594.26562,17.029243,180.4601,161.466244,Tropical,267807759.8,193407890.1,133913148.8,93123392.53,64683967.12,46491562.3,5361.654239,6973.859834,3996.385176,2994.022061,2276.117404,1807.311352,5.95688,445.745628,18.76525405,0.688191821,0.737216802,0.63598419,0.586149595,0.54580731,0.507838125,22524910.0,430.380223,Cropland,No dominant class,Metamorphics,11.0811,77.8903,Cauvery,Tamil Nadu,53233.0,52116.33594,2.097691394,1980,7,187,Monsoon
126.86,183.6356763987026,-56.7756763987026,56.7756763987026,INDOFLOODS-gauge-830,126.86,7.568316435,14.62910625,29.27412518,47.79898897,54.91746569,59.49581412,81.12803816,95.15430154,105.2783672,112.8237672,5,547933.6875,346375.2813,52116.33594,2415,352447.375,1485431.5,1.58190763,0.419551522,0.006852087,4.41e-11,0.296809971,2.383497477,0.000580303,0.000157557,1.8485744,1.554653883,0.368871719,676,1.65e-08,0.000104978,2.61e-12,0.380499035,676,146.0,32.0,7.0,1.0,4309210.5,1928801.25,1107053.625,574224.5625,291979.75,6374.571777,13210.96777,34595.42578,82032.07813,291979.75,0.447599679,0.57395941,0.518696249,0.508476615,4.630136967,4.5625,4.571428776,7.0,24.076573,10.217382,58.48698,186.856211,33.43293,15.953549,17.47938,23.407926,24.075122,26.756259,22.039554,1037.951209,284.062831,3.487273,91.85815,594.26562,17.029243,180.4601,161.466244,Tropical,267807759.8,193407890.1,133913148.8,93123392.53,64683967.12,46491562.3,5361.654239,6973.859834,3996.385176,2994.022061,2276.117404,1807.311352,5.95688,445.745628,18.76525405,0.688191821,0.737216802,0.63598419,0.586149595,0.54580731,0.507838125,22524910.0,430.380223,Cropland,No dominant class,Metamorphics,11.0811,77.8903,Cauvery,Tamil Nadu,53233.0,52116.33594,2.097691394,2007,8,221,Monsoon
127.09,183.6356763987026,-56.5456763987026,56.5456763987026,INDOFLOODS-gauge-830,127.09,10.03424034,24.70040784,41.29365368,53.40860752,58.68416255,61.21563846,66.87663445,88.10306331,114.561434,133.7414901,5,547933.6875,346375.2813,52116.33594,2415,352447.375,1485431.5,1.58190763,0.419551522,0.006852087,4.41e-11,0.296809971,2.383497477,0.000580303,0.000157557,1.8485744,1.554653883,0.368871719,676,1.65e-08,0.000104978,2.61e-12,0.380499035,676,146.0,32.0,7.0,1.0,4309210.5,1928801.25,1107053.625,574224.5625,291979.75,6374.571777,13210.96777,34595.42578,82032.07813,291979.75,0.447599679,0.57395941,0.518696249,0.508476615,4.630136967,4.5625,4.571428776,7.0,24.076573,10.217382,58.48698,186.856211,33.43293,15.953549,17.47938,23.407926,24.075122,26.756259,22.039554,1037.951209,284.062831,3.487273,91.85815,594.26562,17.029243,180.4601,161.466244,Tropical,267807759.8,193407890.1,133913148.8,93123392.53,64683967.12,46491562.3,5361.654239,6973.859834,3996.385176,2994.022061,2276.117404,1807.311352,5.95688,445.745628,18.76525405,0.688191821,0.737216802,0.63598419,0.586149595,0.54580731,0.507838125,22524910.0,430.380223,Cropland,No dominant class,Metamorphics,11.0811,77.8903,Cauvery,Tamil Nadu,53233.0,52116.33594,2.097691394,2000,10,284,Post-Monsoon
126.6,183.0017067396296,-56.40170673962959,56.40170673962959,INDOFLOODS-gauge-830,126.6,34.23254554,65.89397865,81.69929263,83.43259639,83.9009646,84.21858179,84.27833708,84.38738012,84.85731224,85.47579608,5,547933.6875,346375.2813,52116.33594,2415,352447.375,1485431.5,1.58190763,0.419551522,0.006852087,4.41e-11,0.296809971,2.383497477,0.000580303,0.000157557,1.8485744,1.554653883,0.368871719,676,1.65e-08,0.000104978,2.61e-12,0.380499035,676,146.0,32.0,7.0,1.0,4309210.5,1928801.25,1107053.625,574224.5625,291979.75,6374.571777,13210.96777,34595.42578,82032.07813,291979.75,0.447599679,0.57395941,0.518696249,0.508476615,4.630136967,4.5625,4.571428776,7.0,24.076573,10.217382,58.48698,186.856211,33.43293,15.953549,17.47938,23.407926,24.075122,26.756259,22.039554,1037.951209,284.062831,3.487273,91.85815,594.26562,17.029243,180.4601,161.466244,Tropical,267807759.8,193407890.1,133913148.8,93123392.53,64683967.12,46491562.3,5361.654239,6973.859834,3996.385176,2994.022061,2276.117404,1807.311352,5.95688,445.745628,18.76525405,0.688191821,0.737216802,0.63598419,0.586149595,0.54580731,0.507838125,22524910.0,430.380223,Cropland,No dominant class,Metamorphics,11.0811,77.8903,Cauvery,Tamil Nadu,53233.0,52116.33594,2.097691394,1972,12,344,Winter
308.25,252.3883313545896,55.86166864541042,55.86166864541042,INDOFLOODS-gauge-846,308.25,93.2571595,129.6205059,137.60509409999997,143.3940188,159.9242499,198.7130929,237.980567,269.7781629,304.8950614,330.0568671000001,3,75436.07813,38612.57422,1458.460205,2179,53540.92578,186012.3125,1.953666091,0.508771539,0.040697839,1.73e-09,0.529689133,1.965518594,0.000139776,0.000151426,1.383775473,1.408942342,0.405543476,19,1.78e-08,0.000117727,2.7e-12,0.32995823,19,6.0,1.0,,,111369.7813,74314.17188,35165.49219,,,5861.567383,12385.69531,35165.49219,,,0.667274117,0.473200351,,,3.166666746,6.0,,,20.559342,9.268456,60.572583,138.931698,28.30731,13.009023,15.298287,20.194203,20.396659,22.571017,19.05752,1695.140491,389.16562,8.074814,82.702771,894.762421,36.095945,224.116505,172.04169,Tropical,126594130.0,92312604.4,63220060.56,42565142.29,27786642.74,19627904.34,6021.557282,7832.190235,4417.492529,3323.539735,2372.813929,1803.429412,1.914333,345.705882,7.474747475,0.832706653,0.866484353,0.769535841,0.709236359,0.660422547,0.6144801,504291.2279,342.575322,No dominant class,Cambisols,Metamorphics,11.2878,76.8911,Cauvery,Tamil Nadu,1475.0,1458.460205,1.121342034,1989,7,204,Monsoon
127.83,183.6356763987026,-55.8056763987026,55.8056763987026,INDOFLOODS-gauge-830,127.83,9.233083111,33.19889634,43.30490845,49.9217381,61.72940245,74.7929901,81.57156386,84.10289945,88.57520502,107.147997,5,547933.6875,346375.2813,52116.33594,2415,352447.375,1485431.5,1.58190763,0.419551522,0.006852087,4.41e-11,0.296809971,2.383497477,0.000580303,0.000157557,1.8485744,1.554653883,0.368871719,676,1.65e-08,0.000104978,2.61e-12,0.380499035,676,146.0,32.0,7.0,1.0,4309210.5,1928801.25,1107053.625,574224.5625,291979.75,6374.571777,13210.96777,34595.42578,82032.07813,291979.75,0.447599679,0.57395941,0.518696249,0.508476615,4.630136967,4.5625,4.571428776,7.0,24.076573,10.217382,58.48698,186.856211,33.43293,15.953549,17.47938,23.407926,24.075122,26.756259,22.039554,1037.951209,284.062831,3.487273,91.85815,594.26562,17.029243,180.4601,161.466244,Tropical,267807759.8,193407890.1,133913148.8,93123392.53,64683967.12,46491562.3,5361.654239,6973.859834,3996.385176,2994.022061,2276.117404,1807.311352,5.95688,445.745628,18.76525405,0.688191821,0.737216802,0.63598419,0.586149595,0.54580731,0.507838125,22524910.0,430.380223,Cropland,No dominant class,Metamorphics,11.0811,77.8903,Cauvery,Tamil Nadu,53233.0,52116.33594,2.097691394,2005,10,297,Post-Monsoon
307.85,252.3883313545896,55.46166864541044,55.46166864541044,INDOFLOODS-gauge-846,307.85,29.00672217,44.61544089,57.20921839,61.13270188,66.54992989,70.03043315,71.7759698,85.78824412,89.58390487,96.22136485,3,75436.07813,38612.57422,1458.460205,2179,53540.92578,186012.3125,1.953666091,0.508771539,0.040697839,1.73e-09,0.529689133,1.965518594,0.000139776,0.000151426,1.383775473,1.408942342,0.405543476,19,1.78e-08,0.000117727,2.7e-12,0.32995823,19,6.0,1.0,,,111369.7813,74314.17188,35165.49219,,,5861.567383,12385.69531,35165.49219,,,0.667274117,0.473200351,,,3.166666746,6.0,,,20.559342,9.268456,60.572583,138.931698,28.30731,13.009023,15.298287,20.194203,20.396659,22.571017,19.05752,1695.140491,389.16562,8.074814,82.702771,894.762421,36.095945,224.116505,172.04169,Tropical,126594130.0,92312604.4,63220060.56,42565142.29,27786642.74,19627904.34,6021.557282,7832.190235,4417.492529,3323.539735,2372.813929,1803.429412,1.914333,345.705882,7.474747475,0.832706653,0.866484353,0.769535841,0.709236359,0.660422547,0.6144801,504291.2279,342.575322,No dominant class,Cambisols,Metamorphics,11.2878,76.8911,Cauvery,Tamil Nadu,1475.0,1458.460205,1.121342034,2017,7,202,Monsoon
307.78,252.3883313545896,55.39166864541039,55.39166864541039,INDOFLOODS-gauge-846,307.78,89.10246583,141.715422,189.5145739,192.3065626,192.69547580000005,195.2878127,199.4652237,230.8587806,240.0579351,245.47073140000003,3,75436.07813,38612.57422,1458.460205,2179,53540.92578,186012.3125,1.953666091,0.508771539,0.040697839,1.73e-09,0.529689133,1.965518594,0.000139776,0.000151426,1.383775473,1.408942342,0.405543476,19,1.78e-08,0.000117727,2.7e-12,0.32995823,19,6.0,1.0,,,111369.7813,74314.17188,35165.49219,,,5861.567383,12385.69531,35165.49219,,,0.667274117,0.473200351,,,3.166666746,6.0,,,20.559342,9.268456,60.572583,138.931698,28.30731,13.009023,15.298287,20.194203,20.396659,22.571017,19.05752,1695.140491,389.16562,8.074814,82.702771,894.762421,36.095945,224.116505,172.04169,Tropical,126594130.0,92312604.4,63220060.56,42565142.29,27786642.74,19627904.34,6021.557282,7832.190235,4417.492529,3323.539735,2372.813929,1803.429412,1.914333,345.705882,7.474747475,0.832706653,0.866484353,0.769535841,0.709236359,0.660422547,0.6144801,504291.2279,342.575322,No dominant class,Cambisols,Metamorphics,11.2878,76.8911,Cauvery,Tamil Nadu,1475.0,1458.460205,1.121342034,1994,7,195,Monsoon
307.45,252.3883313545896,55.06166864541041,55.06166864541041,INDOFLOODS-gauge-846,307.45,65.89258567,154.7971834,195.1136964,218.0424798,224.9600841,232.29674900000003,232.6293922,232.6912224,232.9146222,241.4630361,3,75436.07813,38612.57422,1458.460205,2179,53540.92578,186012.3125,1.953666091,0.508771539,0.040697839,1.73e-09,0.529689133,1.965518594,0.000139776,0.000151426,1.383775473,1.408942342,0.405543476,19,1.78e-08,0.000117727,2.7e-12,0.32995823,19,6.0,1.0,,,111369.7813,74314.17188,35165.49219,,,5861.567383,12385.69531,35165.49219,,,0.667274117,0.473200351,,,3.166666746,6.0,,,20.559342,9.268456,60.572583,138.931698,28.30731,13.009023,15.298287,20.194203,20.396659,22.571017,19.05752,1695.140491,389.16562,8.074814,82.702771,894.762421,36.095945,224.116505,172.04169,Tropical,126594130.0,92312604.4,63220060.56,42565142.29,27786642.74,19627904.34,6021.557282,7832.190235,4417.492529,3323.539735,2372.813929,1803.429412,1.914333,345.705882,7.474747475,0.832706653,0.866484353,0.769535841,0.709236359,0.660422547,0.6144801,504291.2279,342.575322,No dominant class,Cambisols,Metamorphics,11.2878,76.8911,Cauvery,Tamil Nadu,1475.0,1458.460205,1.121342034,2009,11,314,Post-Monsoon
307.35,252.3883313545896,54.96166864541044,54.96166864541044,INDOFLOODS-gauge-846,307.35,40.09345896,48.06725323,52.64003928,81.83514094,108.0837586,129.193182,144.50930559999995,148.56185359999995,150.28136990000004,156.5180025,3,75436.07813,38612.57422,1458.460205,2179,53540.92578,186012.3125,1.953666091,0.508771539,0.040697839,1.73e-09,0.529689133,1.965518594,0.000139776,0.000151426,1.383775473,1.408942342,0.405543476,19,1.78e-08,0.000117727,2.7e-12,0.32995823,19,6.0,1.0,,,111369.7813,74314.17188,35165.49219,,,5861.567383,12385.69531,35165.49219,,,0.667274117,0.473200351,,,3.166666746,6.0,,,20.559342,9.268456,60.572583,138.931698,28.30731,13.009023,15.298287,20.194203,20.396659,22.571017,19.05752,1695.140491,389.16562,8.074814,82.702771,894.762421,36.095945,224.116505,172.04169,Tropical,126594130.0,92312604.4,63220060.56,42565142.29,27786642.74,19627904.34,6021.557282,7832.190235,4417.492529,3323.539735,2372.813929,1803.429412,1.914333,345.705882,7.474747475,0.832706653,0.866484353,0.769535841,0.709236359,0.660422547,0.6144801,504291.2279,342.575322,No dominant class,Cambisols,Metamorphics,11.2878,76.8911,Cauvery,Tamil Nadu,1475.0,1458.460205,1.121342034,2007,8,218,Monsoon
307.3,252.3883313545896,54.91166864541043,54.91166864541043,INDOFLOODS-gauge-846,307.3,50.76153033,69.33748878,85.93359808,89.31458895,93.93816307,99.26199808,125.6904222,151.40047230000005,167.92385090000005,222.6700793,3,75436.07813,38612.57422,1458.460205,2179,53540.92578,186012.3125,1.953666091,0.508771539,0.040697839,1.73e-09,0.529689133,1.965518594,0.000139776,0.000151426,1.383775473,1.408942342,0.405543476,19,1.78e-08,0.000117727,2.7e-12,0.32995823,19,6.0,1.0,,,111369.7813,74314.17188,35165.49219,,,5861.567383,12385.69531,35165.49219,,,0.667274117,0.473200351,,,3.166666746,6.0,,,20.559342,9.268456,60.572583,138.931698,28.30731,13.009023,15.298287,20.194203,20.396659,22.571017,19.05752,1695.140491,389.16562,8.074814,82.702771,894.762421,36.095945,224.116505,172.04169,Tropical,126594130.0,92312604.4,63220060.56,42565142.29,27786642.74,19627904.34,6021.557282,7832.190235,4417.492529,3323.539735,2372.813929,1803.429412,1.914333,345.705882,7.474747475,0.832706653,0.866484353,0.769535841,0.709236359,0.660422547,0.6144801,504291.2279,342.575322,No dominant class,Cambisols,Metamorphics,11.2878,76.8911,Cauvery,Tamil Nadu,1475.0,1458.460205,1.121342034,2009,7,197,Monsoon
307.05,252.3883313545896,54.66166864541043,54.66166864541043,INDOFLOODS-gauge-846,307.05,17.99890602,27.09835312,37.75442502,41.95335248,52.16217904,59.58703981,73.68749901,96.72813424,120.8371441,129.5343528,3,75436.07813,38612.57422,1458.460205,2179,53540.92578,186012.3125,1.953666091,0.508771539,0.040697839,1.73e-09,0.529689133,1.965518594,0.000139776,0.000151426,1.383775473,1.408942342,0.405543476,19,1.78e-08,0.000117727,2.7e-12,0.32995823,19,6.0,1.0,,,111369.7813,74314.17188,35165.49219,,,5861.567383,12385.69531,35165.49219,,,0.667274117,0.473200351,,,3.166666746,6.0,,,20.559342,9.268456,60.572583,138.931698,28.30731,13.009023,15.298287,20.194203,20.396659,22.571017,19.05752,1695.140491,389.16562,8.074814,82.702771,894.762421,36.095945,224.116505,172.04169,Tropical,126594130.0,92312604.4,63220060.56,42565142.29,27786642.74,19627904.34,6021.557282,7832.190235,4417.492529,3323.539735,2372.813929,1803.429412,1.914333,345.705882,7.474747475,0.832706653,0.866484353,0.769535841,0.709236359,0.660422547,0.6144801,504291.2279,342.575322,No dominant class,Cambisols,Metamorphics,11.2878,76.8911,Cauvery,Tamil Nadu,1475.0,1458.460205,1.121342034,2013,8,214,Monsoon
307.0,252.3883313545896,54.61166864541042,54.61166864541042,INDOFLOODS-gauge-846,307.0,5.555143404,16.34464415,18.13625731,19.5054478,20.93101286,25.75069721,36.53062586,52.09635755,60.02448014,67.13503478,3,75436.07813,38612.57422,1458.460205,2179,53540.92578,186012.3125,1.953666091,0.508771539,0.040697839,1.73e-09,0.529689133,1.965518594,0.000139776,0.000151426,1.383775473,1.408942342,0.405543476,19,1.78e-08,0.000117727,2.7e-12,0.32995823,19,6.0,1.0,,,111369.7813,74314.17188,35165.49219,,,5861.567383,12385.69531,35165.49219,,,0.667274117,0.473200351,,,3.166666746,6.0,,,20.559342,9.268456,60.572583,138.931698,28.30731,13.009023,15.298287,20.194203,20.396659,22.571017,19.05752,1695.140491,389.16562,8.074814,82.702771,894.762421,36.095945,224.116505,172.04169,Tropical,126594130.0,92312604.4,63220060.56,42565142.29,27786642.74,19627904.34,6021.557282,7832.190235,4417.492529,3323.539735,2372.813929,1803.429412,1.914333,345.705882,7.474747475,0.832706653,0.866484353,0.769535841,0.709236359,0.660422547,0.6144801,504291.2279,342.575322,No dominant class,Cambisols,Metamorphics,11.2878,76.8911,Cauvery,Tamil Nadu,1475.0,1458.460205,1.121342034,2018,7,190,Monsoon
306.95,252.3883313545896,54.56166864541041,54.56166864541041,INDOFLOODS-gauge-846,306.95,12.94993882,22.02805983,36.82182325,50.53234561,75.10537289,117.4093116,156.0110216,171.41743480000005,185.1781518,199.4836805,3,75436.07813,38612.57422,1458.460205,2179,53540.92578,186012.3125,1.953666091,0.508771539,0.040697839,1.73e-09,0.529689133,1.965518594,0.000139776,0.000151426,1.383775473,1.408942342,0.405543476,19,1.78e-08,0.000117727,2.7e-12,0.32995823,19,6.0,1.0,,,111369.7813,74314.17188,35165.49219,,,5861.567383,12385.69531,35165.49219,,,0.667274117,0.473200351,,,3.166666746,6.0,,,20.559342,9.268456,60.572583,138.931698,28.30731,13.009023,15.298287,20.194203,20.396659,22.571017,19.05752,1695.140491,389.16562,8.074814,82.702771,894.762421,36.095945,224.116505,172.04169,Tropical,126594130.0,92312604.4,63220060.56,42565142.29,27786642.74,19627904.34,6021.557282,7832.190235,4417.492529,3323.539735,2372.813929,1803.429412,1.914333,345.705882,7.474747475,0.832706653,0.866484353,0.769535841,0.709236359,0.660422547,0.6144801,504291.2279,342.575322,No dominant class,Cambisols,Metamorphics,11.2878,76.8911,Cauvery,Tamil Nadu,1475.0,1458.460205,1.121342034,2013,6,176,Monsoon
306.85,252.3883313545896,54.46166864541044,54.46166864541044,INDOFLOODS-gauge-846,306.85,48.55735017,77.65547567,90.42672852,98.59259698,104.7877923,109.4718081,112.2309142,115.9461773,190.4203092,338.0255017,3,75436.07813,38612.57422,1458.460205,2179,53540.92578,186012.3125,1.953666091,0.508771539,0.040697839,1.73e-09,0.529689133,1.965518594,0.000139776,0.000151426,1.383775473,1.408942342,0.405543476,19,1.78e-08,0.000117727,2.7e-12,0.32995823,19,6.0,1.0,,,111369.7813,74314.17188,35165.49219,,,5861.567383,12385.69531,35165.49219,,,0.667274117,0.473200351,,,3.166666746,6.0,,,20.559342,9.268456,60.572583,138.931698,28.30731,13.009023,15.298287,20.194203,20.396659,22.571017,19.05752,1695.140491,389.16562,8.074814,82.702771,894.762421,36.095945,224.116505,172.04169,Tropical,126594130.0,92312604.4,63220060.56,42565142.29,27786642.74,19627904.34,6021.557282,7832.190235,4417.492529,3323.539735,2372.813929,1803.429412,1.914333,345.705882,7.474747475,0.832706653,0.866484353,0.769535841,0.709236359,0.660422547,0.6144801,504291.2279,342.575322,No dominant class,Cambisols,Metamorphics,11.2878,76.8911,Cauvery,Tamil Nadu,1475.0,1458.460205,1.121342034,2007,7,183,Monsoon
306.82,252.3883313545896,54.43166864541041,54.43166864541041,INDOFLOODS-gauge-846,306.82,55.68099958,99.10305111,125.1987114,150.0194825,182.7465097,194.8690991,201.2825854,217.9173586,219.3142971,226.7153278,3,75436.07813,38612.57422,1458.460205,2179,53540.92578,186012.3125,1.953666091,0.508771539,0.040697839,1.73e-09,0.529689133,1.965518594,0.000139776,0.000151426,1.383775473,1.408942342,0.405543476,19,1.78e-08,0.000117727,2.7e-12,0.32995823,19,6.0,1.0,,,111369.7813,74314.17188,35165.49219,,,5861.567383,12385.69531,35165.49219,,,0.667274117,0.473200351,,,3.166666746,6.0,,,20.559342,9.268456,60.572583,138.931698,28.30731,13.009023,15.298287,20.194203,20.396659,22.571017,19.05752,1695.140491,389.16562,8.074814,82.702771,894.762421,36.095945,224.116505,172.04169,Tropical,126594130.0,92312604.4,63220060.56,42565142.29,27786642.74,19627904.34,6021.557282,7832.190235,4417.492529,3323.539735,2372.813929,1803.429412,1.914333,345.705882,7.474747475,0.832706653,0.866484353,0.769535841,0.709236359,0.660422547,0.6144801,504291.2279,342.575322,No dominant class,Cambisols,Metamorphics,11.2878,76.8911,Cauvery,Tamil Nadu,1475.0,1458.460205,1.121342034,1986,8,221,Monsoon
306.8,252.3883313545896,54.41166864541043,54.41166864541043,INDOFLOODS-gauge-846,306.8,4.97459875,12.31049341,22.2714075,26.73735719,36.69047506,69.92710414,98.55239864,120.04579840000002,184.2203562,264.77829790000004,3,75436.07813,38612.57422,1458.460205,2179,53540.92578,186012.3125,1.953666091,0.508771539,0.040697839,1.73e-09,0.529689133,1.965518594,0.000139776,0.000151426,1.383775473,1.408942342,0.405543476,19,1.78e-08,0.000117727,2.7e-12,0.32995823,19,6.0,1.0,,,111369.7813,74314.17188,35165.49219,,,5861.567383,12385.69531,35165.49219,,,0.667274117,0.473200351,,,3.166666746,6.0,,,20.559342,9.268456,60.572583,138.931698,28.30731,13.009023,15.298287,20.194203,20.396659,22.571017,19.05752,1695.140491,389.16562,8.074814,82.702771,894.762421,36.095945,224.116505,172.04169,Tropical,126594130.0,92312604.4,63220060.56,42565142.29,27786642.74,19627904.34,6021.557282,7832.190235,4417.492529,3323.539735,2372.813929,1803.429412,1.914333,345.705882,7.474747475,0.832706653,0.866484353,0.769535841,0.709236359,0.660422547,0.6144801,504291.2279,342.575322,No dominant class,Cambisols,Metamorphics,11.2878,76.8911,Cauvery,Tamil Nadu,1475.0,1458.460205,1.121342034,2018,7,207,Monsoon
306.77,252.3883313545896,54.3816686454104,54.3816686454104,INDOFLOODS-gauge-846,306.77,117.42012379999998,128.383702,131.7150415,132.33525,134.4463073,145.6061302,180.6862679,185.0109767,193.8880294,225.152092,3,75436.07813,38612.57422,1458.460205,2179,53540.92578,186012.3125,1.953666091,0.508771539,0.040697839,1.73e-09,0.529689133,1.965518594,0.000139776,0.000151426,1.383775473,1.408942342,0.405543476,19,1.78e-08,0.000117727,2.7e-12,0.32995823,19,6.0,1.0,,,111369.7813,74314.17188,35165.49219,,,5861.567383,12385.69531,35165.49219,,,0.667274117,0.473200351,,,3.166666746,6.0,,,20.559342,9.268456,60.572583,138.931698,28.30731,13.009023,15.298287,20.194203,20.396659,22.571017,19.05752,1695.140491,389.16562,8.074814,82.702771,894.762421,36.095945,224.116505,172.04169,Tropical,126594130.0,92312604.4,63220060.56,42565142.29,27786642.74,19627904.34,6021.557282,7832.190235,4417.492529,3323.539735,2372.813929,1803.429412,1.914333,345.705882,7.474747475,0.832706653,0.866484353,0.769535841,0.709236359,0.660422547,0.6144801,504291.2279,342.575322,No dominant class,Cambisols,Metamorphics,11.2878,76.8911,Cauvery,Tamil Nadu,1475.0,1458.460205,1.121342034,1992,11,320,Post-Monsoon
306.67,252.3883313545896,54.281668645410434,54.281668645410434,INDOFLOODS-gauge-846,306.67,36.93565467,48.75898167,58.14969304,60.12829207,64.74471073,84.88949796,96.64887993,101.4105146,114.2907757,136.87919169999998,3,75436.07813,38612.57422,1458.460205,2179,53540.92578,186012.3125,1.953666091,0.508771539,0.040697839,1.73e-09,0.529689133,1.965518594,0.000139776,0.000151426,1.383775473,1.408942342,0.405543476,19,1.78e-08,0.000117727,2.7e-12,0.32995823,19,6.0,1.0,,,111369.7813,74314.17188,35165.49219,,,5861.567383,12385.69531,35165.49219,,,0.667274117,0.473200351,,,3.166666746,6.0,,,20.559342,9.268456,60.572583,138.931698,28.30731,13.009023,15.298287,20.194203,20.396659,22.571017,19.05752,1695.140491,389.16562,8.074814,82.702771,894.762421,36.095945,224.116505,172.04169,Tropical,126594130.0,92312604.4,63220060.56,42565142.29,27786642.74,19627904.34,6021.557282,7832.190235,4417.492529,3323.539735,2372.813929,1803.429412,1.914333,345.705882,7.474747475,0.832706653,0.866484353,0.769535841,0.709236359,0.660422547,0.6144801,504291.2279,342.575322,No dominant class,Cambisols,Metamorphics,11.2878,76.8911,Cauvery,Tamil Nadu,1475.0,1458.460205,1.121342034,2005,7,207,Monsoon
306.67,252.3883313545896,54.281668645410434,54.281668645410434,INDOFLOODS-gauge-846,306.67,51.72302758,65.13707431,69.96670207,71.85178167,76.54425469,90.54782269,102.9322846,131.79204009999998,144.3849289,163.20860159999995,3,75436.07813,38612.57422,1458.460205,2179,53540.92578,186012.3125,1.953666091,0.508771539,0.040697839,1.73e-09,0.529689133,1.965518594,0.000139776,0.000151426,1.383775473,1.408942342,0.405543476,19,1.78e-08,0.000117727,2.7e-12,0.32995823,19,6.0,1.0,,,111369.7813,74314.17188,35165.49219,,,5861.567383,12385.69531,35165.49219,,,0.667274117,0.473200351,,,3.166666746,6.0,,,20.559342,9.268456,60.572583,138.931698,28.30731,13.009023,15.298287,20.194203,20.396659,22.571017,19.05752,1695.140491,389.16562,8.074814,82.702771,894.762421,36.095945,224.116505,172.04169,Tropical,126594130.0,92312604.4,63220060.56,42565142.29,27786642.74,19627904.34,6021.557282,7832.190235,4417.492529,3323.539735,2372.813929,1803.429412,1.914333,345.705882,7.474747475,0.832706653,0.866484353,0.769535841,0.709236359,0.660422547,0.6144801,504291.2279,342.575322,No dominant class,Cambisols,Metamorphics,11.2878,76.8911,Cauvery,Tamil Nadu,1475.0,1458.460205,1.121342034,1992,7,209,Monsoon
306.66,252.3883313545896,54.27166864541044,54.27166864541044,INDOFLOODS-gauge-846,306.66,31.14414405,51.44547719,71.26472634,85.98983327,153.2605482,182.9167211,205.5090591,211.0642025,221.8537032,223.6453164,3,75436.07813,38612.57422,1458.460205,2179,53540.92578,186012.3125,1.953666091,0.508771539,0.040697839,1.73e-09,0.529689133,1.965518594,0.000139776,0.000151426,1.383775473,1.408942342,0.405543476,19,1.78e-08,0.000117727,2.7e-12,0.32995823,19,6.0,1.0,,,111369.7813,74314.17188,35165.49219,,,5861.567383,12385.69531,35165.49219,,,0.667274117,0.473200351,,,3.166666746,6.0,,,20.559342,9.268456,60.572583,138.931698,28.30731,13.009023,15.298287,20.194203,20.396659,22.571017,19.05752,1695.140491,389.16562,8.074814,82.702771,894.762421,36.095945,224.116505,172.04169,Tropical,126594130.0,92312604.4,63220060.56,42565142.29,27786642.74,19627904.34,6021.557282,7832.190235,4417.492529,3323.539735,2372.813929,1803.429412,1.914333,345.705882,7.474747475,0.832706653,0.866484353,0.769535841,0.709236359,0.660422547,0.6144801,504291.2279,342.575322,No dominant class,Cambisols,Metamorphics,11.2878,76.8911,Cauvery,Tamil Nadu,1475.0,1458.460205,1.121342034,2018,7,197,Monsoon
306.65,252.3883313545896,54.2616686454104,54.2616686454104,INDOFLOODS-gauge-846,306.65,0.140643914,0.826633962,4.17812879,33.63896046,56.68203279,64.44036931,72.42911005,75.42637377,75.98528763,80.27760554,3,75436.07813,38612.57422,1458.460205,2179,53540.92578,186012.3125,1.953666091,0.508771539,0.040697839,1.73e-09,0.529689133,1.965518594,0.000139776,0.000151426,1.383775473,1.408942342,0.405543476,19,1.78e-08,0.000117727,2.7e-12,0.32995823,19,6.0,1.0,,,111369.7813,74314.17188,35165.49219,,,5861.567383,12385.69531,35165.49219,,,0.667274117,0.473200351,,,3.166666746,6.0,,,20.559342,9.268456,60.572583,138.931698,28.30731,13.009023,15.298287,20.194203,20.396659,22.571017,19.05752,1695.140491,389.16562,8.074814,82.702771,894.762421,36.095945,224.116505,172.04169,Tropical,126594130.0,92312604.4,63220060.56,42565142.29,27786642.74,19627904.34,6021.557282,7832.190235,4417.492529,3323.539735,2372.813929,1803.429412,1.914333,345.705882,7.474747475,0.832706653,0.866484353,0.769535841,0.709236359,0.660422547,0.6144801,504291.2279,342.575322,No dominant class,Cambisols,Metamorphics,11.2878,76.8911,Cauvery,Tamil Nadu,1475.0,1458.460205,1.121342034,2015,10,289,Post-Monsoon
306.61,252.3883313545896,54.22166864541043,54.22166864541043,INDOFLOODS-gauge-846,306.61,28.12462692,46.13241168,64.49171103,72.68408849,76.3510045,79.16425274,91.01181852,106.4648602,117.6341118,123.9600929,3,75436.07813,38612.57422,1458.460205,2179,53540.92578,186012.3125,1.953666091,0.508771539,0.040697839,1.73e-09,0.529689133,1.965518594,0.000139776,0.000151426,1.383775473,1.408942342,0.405543476,19,1.78e-08,0.000117727,2.7e-12,0.32995823,19,6.0,1.0,,,111369.7813,74314.17188,35165.49219,,,5861.567383,12385.69531,35165.49219,,,0.667274117,0.473200351,,,3.166666746,6.0,,,20.559342,9.268456,60.572583,138.931698,28.30731,13.009023,15.298287,20.194203,20.396659,22.571017,19.05752,1695.140491,389.16562,8.074814,82.702771,894.762421,36.095945,224.116505,172.04169,Tropical,126594130.0,92312604.4,63220060.56,42565142.29,27786642.74,19627904.34,6021.557282,7832.190235,4417.492529,3323.539735,2372.813929,1803.429412,1.914333,345.705882,7.474747475,0.832706653,0.866484353,0.769535841,0.709236359,0.660422547,0.6144801,504291.2279,342.575322,No dominant class,Cambisols,Metamorphics,11.2878,76.8911,Cauvery,Tamil Nadu,1475.0,1458.460205,1.121342034,1992,6,173,Monsoon
306.54,252.3883313545896,54.15166864541044,54.15166864541044,INDOFLOODS-gauge-846,306.54,9.960914088,14.42686378,24.37998165,57.61661073,86.24190524,107.73530490000002,171.9098628,252.4678045,283.6119486,303.9132817,3,75436.07813,38612.57422,1458.460205,2179,53540.92578,186012.3125,1.953666091,0.508771539,0.040697839,1.73e-09,0.529689133,1.965518594,0.000139776,0.000151426,1.383775473,1.408942342,0.405543476,19,1.78e-08,0.000117727,2.7e-12,0.32995823,19,6.0,1.0,,,111369.7813,74314.17188,35165.49219,,,5861.567383,12385.69531,35165.49219,,,0.667274117,0.473200351,,,3.166666746,6.0,,,20.559342,9.268456,60.572583,138.931698,28.30731,13.009023,15.298287,20.194203,20.396659,22.571017,19.05752,1695.140491,389.16562,8.074814,82.702771,894.762421,36.095945,224.116505,172.04169,Tropical,126594130.0,92312604.4,63220060.56,42565142.29,27786642.74,19627904.34,6021.557282,7832.190235,4417.492529,3323.539735,2372.813929,1803.429412,1.914333,345.705882,7.474747475,0.832706653,0.866484353,0.769535841,0.709236359,0.660422547,0.6144801,504291.2279,342.575322,No dominant class,Cambisols,Metamorphics,11.2878,76.8911,Cauvery,Tamil Nadu,1475.0,1458.460205,1.121342034,2018,7,205,Monsoon
309.22,255.15897280738864,54.06102719261136,54.06102719261136,INDOFLOODS-gauge-846,309.22,60.23960133,101.0771561,124.9966578,133.1005648,136.9673411,137.7201931,139.1796602,141.05693069999995,141.4698034,142.6277345,3,75436.07813,38612.57422,1458.460205,2179,53540.92578,186012.3125,1.953666091,0.508771539,0.040697839,1.73e-09,0.529689133,1.965518594,0.000139776,0.000151426,1.383775473,1.408942342,0.405543476,19,1.78e-08,0.000117727,2.7e-12,0.32995823,19,6.0,1.0,,,111369.7813,74314.17188,35165.49219,,,5861.567383,12385.69531,35165.49219,,,0.667274117,0.473200351,,,3.166666746,6.0,,,20.559342,9.268456,60.572583,138.931698,28.30731,13.009023,15.298287,20.194203,20.396659,22.571017,19.05752,1695.140491,389.16562,8.074814,82.702771,894.762421,36.095945,224.116505,172.04169,Tropical,126594130.0,92312604.4,63220060.56,42565142.29,27786642.74,19627904.34,6021.557282,7832.190235,4417.492529,3323.539735,2372.813929,1803.429412,1.914333,345.705882,7.474747475,0.832706653,0.866484353,0.769535841,0.709236359,0.660422547,0.6144801,504291.2279,342.575322,No dominant class,Cambisols,Metamorphics,11.2878,76.8911,Cauvery,Tamil Nadu,1475.0,1458.460205,1.121342034,2019,8,220,Monsoon
306.87,253.24119606321204,53.62880393678796,53.62880393678796,INDOFLOODS-gauge-846,306.87,13.74801529,22.71560264,35.85711181,47.92841475,53.71202044,54.64223555,59.13452947,71.54243825,84.24175386,106.6976211,3,75436.07813,38612.57422,1458.460205,2179,53540.92578,186012.3125,1.953666091,0.508771539,0.040697839,1.73e-09,0.529689133,1.965518594,0.000139776,0.000151426,1.383775473,1.408942342,0.405543476,19,1.78e-08,0.000117727,2.7e-12,0.32995823,19,6.0,1.0,,,111369.7813,74314.17188,35165.49219,,,5861.567383,12385.69531,35165.49219,,,0.667274117,0.473200351,,,3.166666746,6.0,,,20.559342,9.268456,60.572583,138.931698,28.30731,13.009023,15.298287,20.194203,20.396659,22.571017,19.05752,1695.140491,389.16562,8.074814,82.702771,894.762421,36.095945,224.116505,172.04169,Tropical,126594130.0,92312604.4,63220060.56,42565142.29,27786642.74,19627904.34,6021.557282,7832.190235,4417.492529,3323.539735,2372.813929,1803.429412,1.914333,345.705882,7.474747475,0.832706653,0.866484353,0.769535841,0.709236359,0.660422547,0.6144801,504291.2279,342.575322,No dominant class,Cambisols,Metamorphics,11.2878,76.8911,Cauvery,Tamil Nadu,1475.0,1458.460205,1.121342034,2018,5,140,Pre-Monsoon
213.29,263.69172625228725,-50.40172625228726,50.40172625228726,INDOFLOODS-gauge-617,213.29,0.0,0.0,0.0,0.0,0.0,0.0,0.0,0.0,0.0,0.0,5,335709.4063,245194.4531,29500.49805,913,251836.5156,956476.3125,1.369155765,0.465148836,0.003625368,8.2e-11,0.405219913,2.149849415,0.000522752,0.000178447,1.58208847,1.333045006,0.350985587,371,1.69e-08,9.5e-05,3.02e-12,0.162922218,371,104.0,19.0,5.0,1.0,2690832.0,1480556.25,657720.125,269332.875,165837.5781,7252.916504,14236.11816,34616.84766,53866.57422,165837.5781,0.550222456,0.444238514,0.409494668,0.615734637,3.567307711,5.473684311,3.799999952,5.0,26.598434,12.860685,45.153523,422.541366,41.651191,13.172562,28.478629,26.337439,26.969245,32.496023,21.655901,913.513142,261.082933,4.072086,127.236558,678.160845,17.55089,149.818321,29.331624,Tropical,171860898.2,124662578.0,85719099.7,58892660.28,51340228.24,37027395.58,5976.922554,7774.134276,4378.554697,3250.212148,3099.991663,2477.520144,1.304598,316.06366,4.61825823,0.655166682,0.704869036,0.605464452,0.55802133,0.519614972,0.483467841,7348122.0,246.383354,Cropland,Vertisols,Basic volcanic rocks,21.0719,75.9461,Tapi,Maharashtra,29430.0,29500.49805,0.239544852,2018,1,1,Winter
605.52,655.4293847284022,-49.90938472840219,49.90938472840219,INDOFLOODS-gauge-319,605.52,1.360716724,1.756068779,1.946281678,1.983221557,2.351399088,2.548262201,3.010580773,3.050566425,3.324690837,4.231775854,4,127419.5781,97785.86719,3298.440918,552,100640.2969,319578.8125,1.303046942,0.325660348,0.00548488,6.13e-10,0.405847251,3.070683956,0.000175231,0.000151761,1.580865264,1.266089082,0.398710966,43,1.7e-08,0.000111872,2.58e-12,0.083771802,43,9.0,3.0,1.0,,246173.9063,92599.05469,140640.8906,21159.23242,,5724.974609,10288.78418,46880.29688,21159.23242,,0.376152992,1.518815637,0.15044865,,4.777777672,3.0,3.0,,24.244818,10.761735,56.086204,217.895015,34.524937,15.330933,19.194004,23.728458,24.071864,27.32367,21.646546,770.187908,167.716006,1.33417,87.78182,423.558455,7.539388,133.620923,64.086302,Tropical,696193281.4,492973433.2,334615683.0,220245511.6,151504351.3,106779797.8,5119.719323,6659.177282,3846.718692,2823.256303,2193.197179,1775.823774,19.868362,1484.3,32.44191144,0.655875555,0.705631667,0.606119503,0.558625055,0.520177164,0.483990947,6336434.0,1905.966541,Cropland,Lixisols,No dominant class,12.5172,77.4369,Cauvery,Karnataka,3500.0,3298.440918,5.758830914,2004,9,268,Monsoon
606.6,655.4293847284022,-48.82938472840215,48.82938472840215,INDOFLOODS-gauge-319,606.6,5.313547252,5.909728552000001,7.147524739,7.162457826,7.1641096310000005,7.164253286,7.436248758,7.524135155,7.700408267999999,8.436309429,4,127419.5781,97785.86719,3298.440918,552,100640.2969,319578.8125,1.303046942,0.325660348,0.00548488,6.13e-10,0.405847251,3.070683956,0.000175231,0.000151761,1.580865264,1.266089082,0.398710966,43,1.7e-08,0.000111872,2.58e-12,0.083771802,43,9.0,3.0,1.0,,246173.9063,92599.05469,140640.8906,21159.23242,,5724.974609,10288.78418,46880.29688,21159.23242,,0.376152992,1.518815637,0.15044865,,4.777777672,3.0,3.0,,24.244818,10.761735,56.086204,217.895015,34.524937,15.330933,19.194004,23.728458,24.071864,27.32367,21.646546,770.187908,167.716006,1.33417,87.78182,423.558455,7.539388,133.620923,64.086302,Tropical,696193281.4,492973433.2,334615683.0,220245511.6,151504351.3,106779797.8,5119.719323,6659.177282,3846.718692,2823.256303,2193.197179,1775.823774,19.868362,1484.3,32.44191144,0.655875555,0.705631667,0.606119503,0.558625055,0.520177164,0.483990947,6336434.0,1905.966541,Cropland,Lixisols,No dominant class,12.5172,77.4369,Cauvery,Karnataka,3500.0,3298.440918,5.758830914,2004,10,289,Post-Monsoon
495.85,449.4622114295904,46.38778857040967,46.38778857040967,INDOFLOODS-gauge-635,495.85,30.54233084,57.96353645,84.26637666,133.2983071,188.0608738,214.1267706,277.5244554,305.9858512,325.09087410000006,329.3850801000001,5,146478.4219,95281.04688,6916.848633,871,102859.7891,413458.3438,1.537330151,0.653757989,0.008467838,4.14e-10,0.508457422,1.529618025,0.000292653,0.000171563,1.412371159,1.424059153,0.354276121,91,1.75e-08,0.000101965,3e-12,0.149431586,91,21.0,6.0,2.0,1.0,667246.125,297716.4375,110971.1563,64964.47656,45778.89844,7332.375,14176.97363,18495.19336,32482.23828,45778.89844,0.446186841,0.372741103,0.585417688,0.704675853,4.333333492,3.5,3.0,2.0,24.697116,13.489069,51.997748,312.343017,37.21263,11.273022,25.939608,24.69549,22.683453,28.783872,20.832747,977.227105,310.872203,0.283622,120.732693,708.380507,4.309689,163.994694,10.433103,Arid,492278343.5,355511052.1,242275839.3,163117788.6,138522526.6,95598537.28,7055.1577,9176.586,5155.1304,3743.8674,3565.661,2801.1133,5.421074,543.5,20.48071097,0.72103643,0.7757358,0.6663372,0.6141242,0.5718565,0.53207517,3569752.0,515.95891,Cropland,Vertisols,Basic volcanic rocks,19.8783,74.4819,Godavari,Maharashtra,6840.0,6916.848633,1.123518026,2019,8,215,Monsoon
491.15,444.96949439528527,46.18050560471471,46.18050560471471,INDOFLOODS-gauge-635,491.15,27.26895661,53.24589487,100.466483,129.4288519,137.5893066,156.134499,182.6191846,195.6092023,236.0546469,271.52689280000004,5,146478.4219,95281.04688,6916.848633,871,102859.7891,413458.3438,1.537330151,0.653757989,0.008467838,4.14e-10,0.508457422,1.529618025,0.000292653,0.000171563,1.412371159,1.424059153,0.354276121,91,1.75e-08,0.000101965,3e-12,0.149431586,91,21.0,6.0,2.0,1.0,667246.125,297716.4375,110971.1563,64964.47656,45778.89844,7332.375,14176.97363,18495.19336,32482.23828,45778.89844,0.446186841,0.372741103,0.585417688,0.704675853,4.333333492,3.5,3.0,2.0,24.697116,13.489069,51.997748,312.343017,37.21263,11.273022,25.939608,24.69549,22.683453,28.783872,20.832747,977.227105,310.872203,0.283622,120.732693,708.380507,4.309689,163.994694,10.433103,Arid,492278343.5,355511052.1,242275839.3,163117788.6,138522526.6,95598537.28,7055.1577,9176.586,5155.1304,3743.8674,3565.661,2801.1133,5.421074,543.5,20.48071097,0.72103643,0.7757358,0.6663372,0.6141242,0.5718565,0.53207517,3569752.0,515.95891,Cropland,Vertisols,Basic volcanic rocks,19.8783,74.4819,Godavari,Maharashtra,6840.0,6916.848633,1.123518026,2017,7,205,Monsoon
491.1,444.96949439528527,46.13050560471476,46.13050560471476,INDOFLOODS-gauge-635,491.1,13.25609172,31.86003516,42.31393556,52.7273221,67.16205126,94.43100787,120.4079461,167.6285343,196.5909032,204.7513579,5,146478.4219,95281.04688,6916.848633,871,102859.7891,413458.3438,1.537330151,0.653757989,0.008467838,4.14e-10,0.508457422,1.529618025,0.000292653,0.000171563,1.412371159,1.424059153,0.354276121,91,1.75e-08,0.000101965,3e-12,0.149431586,91,21.0,6.0,2.0,1.0,667246.125,297716.4375,110971.1563,64964.47656,45778.89844,7332.375,14176.97363,18495.19336,32482.23828,45778.89844,0.446186841,0.372741103,0.585417688,0.704675853,4.333333492,3.5,3.0,2.0,24.697116,13.489069,51.997748,312.343017,37.21263,11.273022,25.939608,24.69549,22.683453,28.783872,20.832747,977.227105,310.872203,0.283622,120.732693,708.380507,4.309689,163.994694,10.433103,Arid,492278343.5,355511052.1,242275839.3,163117788.6,138522526.6,95598537.28,7055.1577,9176.586,5155.1304,3743.8674,3565.661,2801.1133,5.421074,543.5,20.48071097,0.72103643,0.7757358,0.6663372,0.6141242,0.5718565,0.53207517,3569752.0,515.95891,Cropland,Vertisols,Basic volcanic rocks,19.8783,74.4819,Godavari,Maharashtra,6840.0,6916.848633,1.123518026,2017,7,210,Monsoon
491.0,444.96949439528527,46.03050560471473,46.03050560471473,INDOFLOODS-gauge-635,491.0,25.321062,41.87952843,87.61486572,110.5747215,130.1725488,134.82682219999998,134.82682219999998,134.82682219999998,134.8497281,134.9220379,5,146478.4219,95281.04688,6916.848633,871,102859.7891,413458.3438,1.537330151,0.653757989,0.008467838,4.14e-10,0.508457422,1.529618025,0.000292653,0.000171563,1.412371159,1.424059153,0.354276121,91,1.75e-08,0.000101965,3e-12,0.149431586,91,21.0,6.0,2.0,1.0,667246.125,297716.4375,110971.1563,64964.47656,45778.89844,7332.375,14176.97363,18495.19336,32482.23828,45778.89844,0.446186841,0.372741103,0.585417688,0.704675853,4.333333492,3.5,3.0,2.0,24.697116,13.489069,51.997748,312.343017,37.21263,11.273022,25.939608,24.69549,22.683453,28.783872,20.832747,977.227105,310.872203,0.283622,120.732693,708.380507,4.309689,163.994694,10.433103,Arid,492278343.5,355511052.1,242275839.3,163117788.6,138522526.6,95598537.28,7055.1577,9176.586,5155.1304,3743.8674,3565.661,2801.1133,5.421074,543.5,20.48071097,0.72103643,0.7757358,0.6663372,0.6141242,0.5718565,0.53207517,3569752.0,515.95891,Cropland,Vertisols,Basic volcanic rocks,19.8783,74.4819,Godavari,Maharashtra,6840.0,6916.848633,1.123518026,2017,10,285,Post-Monsoon
491.82,446.1330044473924,45.686995552607584,45.686995552607584,INDOFLOODS-gauge-635,491.82,0.0,0.0,0.0,0.0,0.0,0.0,0.0,0.0,0.0,0.0,5,146478.4219,95281.04688,6916.848633,871,102859.7891,413458.3438,1.537330151,0.653757989,0.008467838,4.14e-10,0.508457422,1.529618025,0.000292653,0.000171563,1.412371159,1.424059153,0.354276121,91,1.75e-08,0.000101965,3e-12,0.149431586,91,21.0,6.0,2.0,1.0,667246.125,297716.4375,110971.1563,64964.47656,45778.89844,7332.375,14176.97363,18495.19336,32482.23828,45778.89844,0.446186841,0.372741103,0.585417688,0.704675853,4.333333492,3.5,3.0,2.0,24.697116,13.489069,51.997748,312.343017,37.21263,11.273022,25.939608,24.69549,22.683453,28.783872,20.832747,977.227105,310.872203,0.283622,120.732693,708.380507,4.309689,163.994694,10.433103,Arid,492278343.5,355511052.1,242275839.3,163117788.6,138522526.6,95598537.28,7055.1577,9176.586,5155.1304,3743.8674,3565.661,2801.1133,5.421074,543.5,20.48071097,0.72103643,0.7757358,0.6663372,0.6141242,0.5718565,0.53207517,3569752.0,515.95891,Cropland,Vertisols,Basic volcanic rocks,19.8783,74.4819,Godavari,Maharashtra,6840.0,6916.848633,1.123518026,2020,1,17,Winter
4.96,50.37566383634427,-45.41566383634427,45.41566383634427,INDOFLOODS-gauge-890,4.96,14.7545755,83.241642,136.477236,165.9208495,174.283771,179.345814,185.9540022,241.1610197,259.02854269999995,266.6452982,2,23302.76758,19112.63086,294.0782166,1110,21513.24023,73102.29688,1.219233871,0.635405838,0.051596131,9.61e-09,0.691529453,1.573797345,8.21e-05,0.000136795,1.211074471,1.083182573,0.318769306,5,2.04e-08,0.000149148,2.79e-12,0.151842684,5,1.0,,,,20814.49805,19413.99023,,,,4162.899414,19413.99023,,,,0.93271482,,,,5.0,,,,27.08331,7.679857,66.625667,102.255538,32.864,21.336286,11.527714,26.196143,26.823333,28.472619,25.809952,1287.588571,223.288571,22.557143,60.643397,541.134286,103.297143,242.688571,340.682857,Tropical,1329183700.0,955385680.0,644909060.0,466606980.0,316621030.0,221063625.0,5806.023,7551.846,4264.65,3377.855,2495.1064,1911.3802,13.681354,504.5,31.5270936,0.71851534,0.7730234,0.6640073,0.61197686,0.569857,0.5302148,159036.0007,535.107846,No dominant class,No dominant class,No dominant class,8.16,77.4575,West Flowing Rivers From Tadri to Kanyakumari,Tamil Nadu,258.0,294.0782166,13.98380488,2015,5,140,Pre-Monsoon
4.53,49.52279912772181,-44.99279912772181,44.99279912772181,INDOFLOODS-gauge-890,4.53,53.43546,87.643562,99.546544,100.0718829,119.6826364,126.5741807,127.2092591,127.7809101,129.6884763,142.4478593,2,23302.76758,19112.63086,294.0782166,1110,21513.24023,73102.29688,1.219233871,0.635405838,0.051596131,9.61e-09,0.691529453,1.573797345,8.21e-05,0.000136795,1.211074471,1.083182573,0.318769306,5,2.04e-08,0.000149148,2.79e-12,0.151842684,5,1.0,,,,20814.49805,19413.99023,,,,4162.899414,19413.99023,,,,0.93271482,,,,5.0,,,,27.08331,7.679857,66.625667,102.255538,32.864,21.336286,11.527714,26.196143,26.823333,28.472619,25.809952,1287.588571,223.288571,22.557143,60.643397,541.134286,103.297143,242.688571,340.682857,Tropical,1329183700.0,955385680.0,644909060.0,466606980.0,316621030.0,221063625.0,5806.023,7551.846,4264.65,3377.855,2495.1064,1911.3802,13.681354,504.5,31.5270936,0.71851534,0.7730234,0.6640073,0.61197686,0.569857,0.5302148,159036.0007,535.107846,No dominant class,No dominant class,No dominant class,8.16,77.4575,West Flowing Rivers From Tadri to Kanyakumari,Tamil Nadu,258.0,294.0782166,13.98380488,2000,8,238,Monsoon
4.61,49.52279912772181,-44.91279912772181,44.91279912772181,INDOFLOODS-gauge-890,4.61,29.9824735,49.3872255,52.1518444,52.75958485,52.83758915,53.55346167,53.80856827,54.38238555,54.72704534,57.74469259,2,23302.76758,19112.63086,294.0782166,1110,21513.24023,73102.29688,1.219233871,0.635405838,0.051596131,9.61e-09,0.691529453,1.573797345,8.21e-05,0.000136795,1.211074471,1.083182573,0.318769306,5,2.04e-08,0.000149148,2.79e-12,0.151842684,5,1.0,,,,20814.49805,19413.99023,,,,4162.899414,19413.99023,,,,0.93271482,,,,5.0,,,,27.08331,7.679857,66.625667,102.255538,32.864,21.336286,11.527714,26.196143,26.823333,28.472619,25.809952,1287.588571,223.288571,22.557143,60.643397,541.134286,103.297143,242.688571,340.682857,Tropical,1329183700.0,955385680.0,644909060.0,466606980.0,316621030.0,221063625.0,5806.023,7551.846,4264.65,3377.855,2495.1064,1911.3802,13.681354,504.5,31.5270936,0.71851534,0.7730234,0.6640073,0.61197686,0.569857,0.5302148,159036.0007,535.107846,No dominant class,No dominant class,No dominant class,8.16,77.4575,West Flowing Rivers From Tadri to Kanyakumari,Tamil Nadu,258.0,294.0782166,13.98380488,2011,11,331,Post-Monsoon
4.78,49.52279912772181,-44.74279912772181,44.74279912772181,INDOFLOODS-gauge-890,4.78,37.9625875,65.5157985,99.8904615,148.7702005,198.5990455,217.3034075,218.3668542,227.5003537,232.41829390000004,248.2340094,2,23302.76758,19112.63086,294.0782166,1110,21513.24023,73102.29688,1.219233871,0.635405838,0.051596131,9.61e-09,0.691529453,1.573797345,8.21e-05,0.000136795,1.211074471,1.083182573,0.318769306,5,2.04e-08,0.000149148,2.79e-12,0.151842684,5,1.0,,,,20814.49805,19413.99023,,,,4162.899414,19413.99023,,,,0.93271482,,,,5.0,,,,27.08331,7.679857,66.625667,102.255538,32.864,21.336286,11.527714,26.196143,26.823333,28.472619,25.809952,1287.588571,223.288571,22.557143,60.643397,541.134286,103.297143,242.688571,340.682857,Tropical,1329183700.0,955385680.0,644909060.0,466606980.0,316621030.0,221063625.0,5806.023,7551.846,4264.65,3377.855,2495.1064,1911.3802,13.681354,504.5,31.5270936,0.71851534,0.7730234,0.6640073,0.61197686,0.569857,0.5302148,159036.0007,535.107846,No dominant class,No dominant class,No dominant class,8.16,77.4575,West Flowing Rivers From Tadri to Kanyakumari,Tamil Nadu,258.0,294.0782166,13.98380488,2008,10,299,Post-Monsoon
4.86,49.52279912772181,-44.66279912772181,44.66279912772181,INDOFLOODS-gauge-890,4.86,39.1690865,67.2892475,81.81913325,130.1194593,133.0049004,134.1003398,139.9555869,146.2275267,149.5367749,160.3010314,2,23302.76758,19112.63086,294.0782166,1110,21513.24023,73102.29688,1.219233871,0.635405838,0.051596131,9.61e-09,0.691529453,1.573797345,8.21e-05,0.000136795,1.211074471,1.083182573,0.318769306,5,2.04e-08,0.000149148,2.79e-12,0.151842684,5,1.0,,,,20814.49805,19413.99023,,,,4162.899414,19413.99023,,,,0.93271482,,,,5.0,,,,27.08331,7.679857,66.625667,102.255538,32.864,21.336286,11.527714,26.196143,26.823333,28.472619,25.809952,1287.588571,223.288571,22.557143,60.643397,541.134286,103.297143,242.688571,340.682857,Tropical,1329183700.0,955385680.0,644909060.0,466606980.0,316621030.0,221063625.0,5806.023,7551.846,4264.65,3377.855,2495.1064,1911.3802,13.681354,504.5,31.5270936,0.71851534,0.7730234,0.6640073,0.61197686,0.569857,0.5302148,159036.0007,535.107846,No dominant class,No dominant class,No dominant class,8.16,77.4575,West Flowing Rivers From Tadri to Kanyakumari,Tamil Nadu,258.0,294.0782166,13.98380488,2002,11,313,Post-Monsoon
4.9,49.52279912772181,-44.62279912772181,44.62279912772181,INDOFLOODS-gauge-890,4.9,34.0445125,34.834860600000006,34.86014554,40.43992829,47.11116009,47.44753772,48.58999367,53.00408407,63.54136707,71.34559347,2,23302.76758,19112.63086,294.0782166,1110,21513.24023,73102.29688,1.219233871,0.635405838,0.051596131,9.61e-09,0.691529453,1.573797345,8.21e-05,0.000136795,1.211074471,1.083182573,0.318769306,5,2.04e-08,0.000149148,2.79e-12,0.151842684,5,1.0,,,,20814.49805,19413.99023,,,,4162.899414,19413.99023,,,,0.93271482,,,,5.0,,,,27.08331,7.679857,66.625667,102.255538,32.864,21.336286,11.527714,26.196143,26.823333,28.472619,25.809952,1287.588571,223.288571,22.557143,60.643397,541.134286,103.297143,242.688571,340.682857,Tropical,1329183700.0,955385680.0,644909060.0,466606980.0,316621030.0,221063625.0,5806.023,7551.846,4264.65,3377.855,2495.1064,1911.3802,13.681354,504.5,31.5270936,0.71851534,0.7730234,0.6640073,0.61197686,0.569857,0.5302148,159036.0007,535.107846,No dominant class,No dominant class,No dominant class,8.16,77.4575,West Flowing Rivers From Tadri to Kanyakumari,Tamil Nadu,258.0,294.0782166,13.98380488,2015,10,282,Post-Monsoon
4.95,49.52279912772181,-44.57279912772181,44.57279912772181,INDOFLOODS-gauge-890,4.95,57.54993399999999,65.72160749999999,65.90822892,68.16636997,75.86328657,104.3573816,133.7995071,143.9419826,184.1788826,199.1389466,2,23302.76758,19112.63086,294.0782166,1110,21513.24023,73102.29688,1.219233871,0.635405838,0.051596131,9.61e-09,0.691529453,1.573797345,8.21e-05,0.000136795,1.211074471,1.083182573,0.318769306,5,2.04e-08,0.000149148,2.79e-12,0.151842684,5,1.0,,,,20814.49805,19413.99023,,,,4162.899414,19413.99023,,,,0.93271482,,,,5.0,,,,27.08331,7.679857,66.625667,102.255538,32.864,21.336286,11.527714,26.196143,26.823333,28.472619,25.809952,1287.588571,223.288571,22.557143,60.643397,541.134286,103.297143,242.688571,340.682857,Tropical,1329183700.0,955385680.0,644909060.0,466606980.0,316621030.0,221063625.0,5806.023,7551.846,4264.65,3377.855,2495.1064,1911.3802,13.681354,504.5,31.5270936,0.71851534,0.7730234,0.6640073,0.61197686,0.569857,0.5302148,159036.0007,535.107846,No dominant class,No dominant class,No dominant class,8.16,77.4575,West Flowing Rivers From Tadri to Kanyakumari,Tamil Nadu,258.0,294.0782166,13.98380488,2011,11,312,Post-Monsoon
5.67,49.52279912772181,-43.85279912772181,43.85279912772181,INDOFLOODS-gauge-890,5.67,40.4030245,41.91033835,43.63386495,67.58535395,96.15606495,155.59094050000004,175.627502,178.4104945,183.4974026,206.8899161,2,23302.76758,19112.63086,294.0782166,1110,21513.24023,73102.29688,1.219233871,0.635405838,0.051596131,9.61e-09,0.691529453,1.573797345,8.21e-05,0.000136795,1.211074471,1.083182573,0.318769306,5,2.04e-08,0.000149148,2.79e-12,0.151842684,5,1.0,,,,20814.49805,19413.99023,,,,4162.899414,19413.99023,,,,0.93271482,,,,5.0,,,,27.08331,7.679857,66.625667,102.255538,32.864,21.336286,11.527714,26.196143,26.823333,28.472619,25.809952,1287.588571,223.288571,22.557143,60.643397,541.134286,103.297143,242.688571,340.682857,Tropical,1329183700.0,955385680.0,644909060.0,466606980.0,316621030.0,221063625.0,5806.023,7551.846,4264.65,3377.855,2495.1064,1911.3802,13.681354,504.5,31.5270936,0.71851534,0.7730234,0.6640073,0.61197686,0.569857,0.5302148,159036.0007,535.107846,No dominant class,No dominant class,No dominant class,8.16,77.4575,West Flowing Rivers From Tadri to Kanyakumari,Tamil Nadu,258.0,294.0782166,13.98380488,2010,12,342,Winter
5.73,49.52279912772181,-43.79279912772181,43.79279912772181,INDOFLOODS-gauge-890,5.73,68.712097,136.56886699999998,146.788653,155.5443233,171.51824580000005,212.92073230000003,216.4298064,216.4957592,216.6040947,219.981412,2,23302.76758,19112.63086,294.0782166,1110,21513.24023,73102.29688,1.219233871,0.635405838,0.051596131,9.61e-09,0.691529453,1.573797345,8.21e-05,0.000136795,1.211074471,1.083182573,0.318769306,5,2.04e-08,0.000149148,2.79e-12,0.151842684,5,1.0,,,,20814.49805,19413.99023,,,,4162.899414,19413.99023,,,,0.93271482,,,,5.0,,,,27.08331,7.679857,66.625667,102.255538,32.864,21.336286,11.527714,26.196143,26.823333,28.472619,25.809952,1287.588571,223.288571,22.557143,60.643397,541.134286,103.297143,242.688571,340.682857,Tropical,1329183700.0,955385680.0,644909060.0,466606980.0,316621030.0,221063625.0,5806.023,7551.846,4264.65,3377.855,2495.1064,1911.3802,13.681354,504.5,31.5270936,0.71851534,0.7730234,0.6640073,0.61197686,0.569857,0.5302148,159036.0007,535.107846,No dominant class,No dominant class,No dominant class,8.16,77.4575,West Flowing Rivers From Tadri to Kanyakumari,Tamil Nadu,258.0,294.0782166,13.98380488,2017,12,336,Winter
492.57,449.4622114295904,43.10778857040964,43.10778857040964,INDOFLOODS-gauge-635,492.57,0.009591945,0.009724308,0.072019006,0.096923854,0.108637297,0.109300734,0.305370609,0.508096832,0.5222244189999999,0.525670634,5,146478.4219,95281.04688,6916.848633,871,102859.7891,413458.3438,1.537330151,0.653757989,0.008467838,4.14e-10,0.508457422,1.529618025,0.000292653,0.000171563,1.412371159,1.424059153,0.354276121,91,1.75e-08,0.000101965,3e-12,0.149431586,91,21.0,6.0,2.0,1.0,667246.125,297716.4375,110971.1563,64964.47656,45778.89844,7332.375,14176.97363,18495.19336,32482.23828,45778.89844,0.446186841,0.372741103,0.585417688,0.704675853,4.333333492,3.5,3.0,2.0,24.697116,13.489069,51.997748,312.343017,37.21263,11.273022,25.939608,24.69549,22.683453,28.783872,20.832747,977.227105,310.872203,0.283622,120.732693,708.380507,4.309689,163.994694,10.433103,Arid,492278343.5,355511052.1,242275839.3,163117788.6,138522526.6,95598537.28,7055.1577,9176.586,5155.1304,3743.8674,3565.661,2801.1133,5.421074,543.5,20.48071097,0.72103643,0.7757358,0.6663372,0.6141242,0.5718565,0.53207517,3569752.0,515.95891,Cropland,Vertisols,Basic volcanic rocks,19.8783,74.4819,Godavari,Maharashtra,6840.0,6916.848633,1.123518026,2019,12,354,Winter
276.69,319.5248804043658,-42.83488040436578,42.83488040436578,INDOFLOODS-gauge-32,276.69,3.932311207,11.95545035,24.55146659,40.11134658,65.82193264,83.49784317,98.35661909,111.2279054,118.610029,126.6839658,6,639711.4375,421990.8438,66450.61719,1525,424555.75,1498839.375,1.515936732,0.368663013,0.00359199,3.24e-11,0.371705264,2.712504387,0.000748579,0.00016425,1.651873589,1.506778359,0.426804543,875,1.69e-08,0.000102799,2.77e-12,0.250480592,875,194.0,44.0,6.0,2.0,5755048.0,2778756.5,1333108.625,395859.9375,518155.375,6577.197754,14323.4873,30297.92383,65976.65625,259077.6875,0.482838124,0.479750067,0.296945006,1.308936119,4.510309219,4.409090996,7.333333492,3.0,25.490368,10.781986,55.467851,218.188066,35.971121,16.529331,19.441791,24.801398,25.237016,28.685834,23.192533,872.331244,250.941546,0.773427,97.685835,547.840941,5.965662,113.43955,84.188304,Arid,148058713.0,107430040.7,74575972.66,51388268.79,36614571.55,27014332.68,5134.779646,6678.766119,3793.339868,2798.786895,2174.930377,1764.629504,1.954816,368.501241,6.180017227,0.646025725,0.695034614,0.597016902,0.550235723,0.512365234,0.476722452,16220290.0,242.609831,Cropland,Vertisols,Metamorphics,15.8833,77.9572,Krishna,Andhra Pradesh,67180.0,66450.61719,1.085714216,2019,8,224,Monsoon
213.97,256.6698728006667,-42.699872800666725,42.699872800666725,INDOFLOODS-gauge-617,213.97,0.000301934,0.000301934,0.000301934,0.000301934,0.000589637,0.000589637,0.003830055,0.004221108,0.004221108,0.004221108,5,335709.4063,245194.4531,29500.49805,913,251836.5156,956476.3125,1.369155765,0.465148836,0.003625368,8.2e-11,0.405219913,2.149849415,0.000522752,0.000178447,1.58208847,1.333045006,0.350985587,371,1.69e-08,9.5e-05,3.02e-12,0.162922218,371,104.0,19.0,5.0,1.0,2690832.0,1480556.25,657720.125,269332.875,165837.5781,7252.916504,14236.11816,34616.84766,53866.57422,165837.5781,0.550222456,0.444238514,0.409494668,0.615734637,3.567307711,5.473684311,3.799999952,5.0,26.598434,12.860685,45.153523,422.541366,41.651191,13.172562,28.478629,26.337439,26.969245,32.496023,21.655901,913.513142,261.082933,4.072086,127.236558,678.160845,17.55089,149.818321,29.331624,Tropical,171860898.2,124662578.0,85719099.7,58892660.28,51340228.24,37027395.58,5976.922554,7774.134276,4378.554697,3250.212148,3099.991663,2477.520144,1.304598,316.06366,4.61825823,0.655166682,0.704869036,0.605464452,0.55802133,0.519614972,0.483467841,7348122.0,246.383354,Cropland,Vertisols,Basic volcanic rocks,21.0719,75.9461,Tapi,Maharashtra,29430.0,29500.49805,0.239544852,2018,11,305,Post-Monsoon
276.01,315.0321633700607,-39.022163370060696,39.022163370060696,INDOFLOODS-gauge-32,276.01,5.382920878999999,17.69588207,49.29354073,70.51856020000002,76.38302918,89.20137644,101.1498018,110.0951037,117.6418361,125.67450759999998,6,639711.4375,421990.8438,66450.61719,1525,424555.75,1498839.375,1.515936732,0.368663013,0.00359199,3.24e-11,0.371705264,2.712504387,0.000748579,0.00016425,1.651873589,1.506778359,0.426804543,875,1.69e-08,0.000102799,2.77e-12,0.250480592,875,194.0,44.0,6.0,2.0,5755048.0,2778756.5,1333108.625,395859.9375,518155.375,6577.197754,14323.4873,30297.92383,65976.65625,259077.6875,0.482838124,0.479750067,0.296945006,1.308936119,4.510309219,4.409090996,7.333333492,3.0,25.490368,10.781986,55.467851,218.188066,35.971121,16.529331,19.441791,24.801398,25.237016,28.685834,23.192533,872.331244,250.941546,0.773427,97.685835,547.840941,5.965662,113.43955,84.188304,Arid,148058713.0,107430040.7,74575972.66,51388268.79,36614571.55,27014332.68,5134.779646,6678.766119,3793.339868,2798.786895,2174.930377,1764.629504,1.954816,368.501241,6.180017227,0.646025725,0.695034614,0.597016902,0.550235723,0.512365234,0.476722452,16220290.0,242.609831,Cropland,Vertisols,Metamorphics,15.8833,77.9572,Krishna,Andhra Pradesh,67180.0,66450.61719,1.085714216,1970,8,228,Monsoon
490.98,451.97506829279456,39.00493170720546,39.00493170720546,INDOFLOODS-gauge-635,490.98,0.0,0.0,0.0,0.0,0.0,0.0,0.0,0.0,0.0,0.0,5,146478.4219,95281.04688,6916.848633,871,102859.7891,413458.3438,1.537330151,0.653757989,0.008467838,4.14e-10,0.508457422,1.529618025,0.000292653,0.000171563,1.412371159,1.424059153,0.354276121,91,1.75e-08,0.000101965,3e-12,0.149431586,91,21.0,6.0,2.0,1.0,667246.125,297716.4375,110971.1563,64964.47656,45778.89844,7332.375,14176.97363,18495.19336,32482.23828,45778.89844,0.446186841,0.372741103,0.585417688,0.704675853,4.333333492,3.5,3.0,2.0,24.697116,13.489069,51.997748,312.343017,37.21263,11.273022,25.939608,24.69549,22.683453,28.783872,20.832747,977.227105,310.872203,0.283622,120.732693,708.380507,4.309689,163.994694,10.433103,Arid,492278343.5,355511052.1,242275839.3,163117788.6,138522526.6,95598537.28,7055.1577,9176.586,5155.1304,3743.8674,3565.661,2801.1133,5.421074,543.5,20.48071097,0.72103643,0.7757358,0.6663372,0.6141242,0.5718565,0.53207517,3569752.0,515.95891,Cropland,Vertisols,Basic volcanic rocks,19.8783,74.4819,Godavari,Maharashtra,6840.0,6916.848633,1.123518026,2020,2,50,Winter
276.04,315.0321633700607,-38.992163370060666,38.992163370060666,INDOFLOODS-gauge-32,276.04,7.338372937000001,18.33357576,29.40781978,34.6816419,36.71007410000001,38.36246295,39.47773820000001,40.29235543,41.23323763,41.88279476,6,639711.4375,421990.8438,66450.61719,1525,424555.75,1498839.375,1.515936732,0.368663013,0.00359199,3.24e-11,0.371705264,2.712504387,0.000748579,0.00016425,1.651873589,1.506778359,0.426804543,875,1.69e-08,0.000102799,2.77e-12,0.250480592,875,194.0,44.0,6.0,2.0,5755048.0,2778756.5,1333108.625,395859.9375,518155.375,6577.197754,14323.4873,30297.92383,65976.65625,259077.6875,0.482838124,0.479750067,0.296945006,1.308936119,4.510309219,4.409090996,7.333333492,3.0,25.490368,10.781986,55.467851,218.188066,35.971121,16.529331,19.441791,24.801398,25.237016,28.685834,23.192533,872.331244,250.941546,0.773427,97.685835,547.840941,5.965662,113.43955,84.188304,Arid,148058713.0,107430040.7,74575972.66,51388268.79,36614571.55,27014332.68,5134.779646,6678.766119,3793.339868,2798.786895,2174.930377,1764.629504,1.954816,368.501241,6.180017227,0.646025725,0.695034614,0.597016902,0.550235723,0.512365234,0.476722452,16220290.0,242.609831,Cropland,Vertisols,Metamorphics,15.8833,77.9572,Krishna,Andhra Pradesh,67180.0,66450.61719,1.085714216,1993,8,243,Monsoon
276.09,315.0321633700607,-38.94216337006071,38.94216337006071,INDOFLOODS-gauge-32,276.09,12.46672409,22.65716325,29.92526355,56.67865499,59.86214870000001,60.01991501,60.28805923,60.98490883,63.581222,69.32850224,6,639711.4375,421990.8438,66450.61719,1525,424555.75,1498839.375,1.515936732,0.368663013,0.00359199,3.24e-11,0.371705264,2.712504387,0.000748579,0.00016425,1.651873589,1.506778359,0.426804543,875,1.69e-08,0.000102799,2.77e-12,0.250480592,875,194.0,44.0,6.0,2.0,5755048.0,2778756.5,1333108.625,395859.9375,518155.375,6577.197754,14323.4873,30297.92383,65976.65625,259077.6875,0.482838124,0.479750067,0.296945006,1.308936119,4.510309219,4.409090996,7.333333492,3.0,25.490368,10.781986,55.467851,218.188066,35.971121,16.529331,19.441791,24.801398,25.237016,28.685834,23.192533,872.331244,250.941546,0.773427,97.685835,547.840941,5.965662,113.43955,84.188304,Arid,148058713.0,107430040.7,74575972.66,51388268.79,36614571.55,27014332.68,5134.779646,6678.766119,3793.339868,2798.786895,2174.930377,1764.629504,1.954816,368.501241,6.180017227,0.646025725,0.695034614,0.597016902,0.550235723,0.512365234,0.476722452,16220290.0,242.609831,Cropland,Vertisols,Metamorphics,15.8833,77.9572,Krishna,Andhra Pradesh,67180.0,66450.61719,1.085714216,1975,9,263,Monsoon
276.11,315.0321633700607,-38.92216337006067,38.92216337006067,INDOFLOODS-gauge-32,276.11,4.942627421,10.72163426,15.73445011,21.90086614,31.84886559,37.97520484,43.83327096,47.36914045,49.09713019,51.6896379,6,639711.4375,421990.8438,66450.61719,1525,424555.75,1498839.375,1.515936732,0.368663013,0.00359199,3.24e-11,0.371705264,2.712504387,0.000748579,0.00016425,1.651873589,1.506778359,0.426804543,875,1.69e-08,0.000102799,2.77e-12,0.250480592,875,194.0,44.0,6.0,2.0,5755048.0,2778756.5,1333108.625,395859.9375,518155.375,6577.197754,14323.4873,30297.92383,65976.65625,259077.6875,0.482838124,0.479750067,0.296945006,1.308936119,4.510309219,4.409090996,7.333333492,3.0,25.490368,10.781986,55.467851,218.188066,35.971121,16.529331,19.441791,24.801398,25.237016,28.685834,23.192533,872.331244,250.941546,0.773427,97.685835,547.840941,5.965662,113.43955,84.188304,Arid,148058713.0,107430040.7,74575972.66,51388268.79,36614571.55,27014332.68,5134.779646,6678.766119,3793.339868,2798.786895,2174.930377,1764.629504,1.954816,368.501241,6.180017227,0.646025725,0.695034614,0.597016902,0.550235723,0.512365234,0.476722452,16220290.0,242.609831,Cropland,Vertisols,Metamorphics,15.8833,77.9572,Krishna,Andhra Pradesh,67180.0,66450.61719,1.085714216,1978,7,211,Monsoon
276.11,315.0321633700607,-38.92216337006067,38.92216337006067,INDOFLOODS-gauge-32,276.11,6.143459602,10.68033732,15.40926484,20.99856111,28.9964407,33.06584438,36.4201657,41.18153944,48.71490029,62.49226210000001,6,639711.4375,421990.8438,66450.61719,1525,424555.75,1498839.375,1.515936732,0.368663013,0.00359199,3.24e-11,0.371705264,2.712504387,0.000748579,0.00016425,1.651873589,1.506778359,0.426804543,875,1.69e-08,0.000102799,2.77e-12,0.250480592,875,194.0,44.0,6.0,2.0,5755048.0,2778756.5,1333108.625,395859.9375,518155.375,6577.197754,14323.4873,30297.92383,65976.65625,259077.6875,0.482838124,0.479750067,0.296945006,1.308936119,4.510309219,4.409090996,7.333333492,3.0,25.490368,10.781986,55.467851,218.188066,35.971121,16.529331,19.441791,24.801398,25.237016,28.685834,23.192533,872.331244,250.941546,0.773427,97.685835,547.840941,5.965662,113.43955,84.188304,Arid,148058713.0,107430040.7,74575972.66,51388268.79,36614571.55,27014332.68,5134.779646,6678.766119,3793.339868,2798.786895,2174.930377,1764.629504,1.954816,368.501241,6.180017227,0.646025725,0.695034614,0.597016902,0.550235723,0.512365234,0.476722452,16220290.0,242.609831,Cropland,Vertisols,Metamorphics,15.8833,77.9572,Krishna,Andhra Pradesh,67180.0,66450.61719,1.085714216,1994,7,206,Monsoon
276.11,315.0321633700607,-38.92216337006067,38.92216337006067,INDOFLOODS-gauge-32,276.11,5.607610172,10.36404986,15.59057688,22.03804224,38.15207533,55.70516978,61.32693884,67.77289204,74.19371464,78.13427097,6,639711.4375,421990.8438,66450.61719,1525,424555.75,1498839.375,1.515936732,0.368663013,0.00359199,3.24e-11,0.371705264,2.712504387,0.000748579,0.00016425,1.651873589,1.506778359,0.426804543,875,1.69e-08,0.000102799,2.77e-12,0.250480592,875,194.0,44.0,6.0,2.0,5755048.0,2778756.5,1333108.625,395859.9375,518155.375,6577.197754,14323.4873,30297.92383,65976.65625,259077.6875,0.482838124,0.479750067,0.296945006,1.308936119,4.510309219,4.409090996,7.333333492,3.0,25.490368,10.781986,55.467851,218.188066,35.971121,16.529331,19.441791,24.801398,25.237016,28.685834,23.192533,872.331244,250.941546,0.773427,97.685835,547.840941,5.965662,113.43955,84.188304,Arid,148058713.0,107430040.7,74575972.66,51388268.79,36614571.55,27014332.68,5134.779646,6678.766119,3793.339868,2798.786895,2174.930377,1764.629504,1.954816,368.501241,6.180017227,0.646025725,0.695034614,0.597016902,0.550235723,0.512365234,0.476722452,16220290.0,242.609831,Cropland,Vertisols,Metamorphics,15.8833,77.9572,Krishna,Andhra Pradesh,67180.0,66450.61719,1.085714216,2014,8,217,Monsoon
276.17,315.0321633700607,-38.86216337006067,38.86216337006067,INDOFLOODS-gauge-32,276.17,6.780684615,14.62325706,24.95611544,33.63449553,37.81697194,42.49171269,44.83736863,47.05568976,50.09834029,51.94425525,6,639711.4375,421990.8438,66450.61719,1525,424555.75,1498839.375,1.515936732,0.368663013,0.00359199,3.24e-11,0.371705264,2.712504387,0.000748579,0.00016425,1.651873589,1.506778359,0.426804543,875,1.69e-08,0.000102799,2.77e-12,0.250480592,875,194.0,44.0,6.0,2.0,5755048.0,2778756.5,1333108.625,395859.9375,518155.375,6577.197754,14323.4873,30297.92383,65976.65625,259077.6875,0.482838124,0.479750067,0.296945006,1.308936119,4.510309219,4.409090996,7.333333492,3.0,25.490368,10.781986,55.467851,218.188066,35.971121,16.529331,19.441791,24.801398,25.237016,28.685834,23.192533,872.331244,250.941546,0.773427,97.685835,547.840941,5.965662,113.43955,84.188304,Arid,148058713.0,107430040.7,74575972.66,51388268.79,36614571.55,27014332.68,5134.779646,6678.766119,3793.339868,2798.786895,2174.930377,1764.629504,1.954816,368.501241,6.180017227,0.646025725,0.695034614,0.597016902,0.550235723,0.512365234,0.476722452,16220290.0,242.609831,Cropland,Vertisols,Metamorphics,15.8833,77.9572,Krishna,Andhra Pradesh,67180.0,66450.61719,1.085714216,1975,7,207,Monsoon
276.2,315.0321633700607,-38.8321633700607,38.8321633700607,INDOFLOODS-gauge-32,276.2,4.496010181,12.73968334,16.33681116,23.2652585,30.53728418,35.74539305,37.9269291,39.65250613,41.97152092,48.52601433,6,639711.4375,421990.8438,66450.61719,1525,424555.75,1498839.375,1.515936732,0.368663013,0.00359199,3.24e-11,0.371705264,2.712504387,0.000748579,0.00016425,1.651873589,1.506778359,0.426804543,875,1.69e-08,0.000102799,2.77e-12,0.250480592,875,194.0,44.0,6.0,2.0,5755048.0,2778756.5,1333108.625,395859.9375,518155.375,6577.197754,14323.4873,30297.92383,65976.65625,259077.6875,0.482838124,0.479750067,0.296945006,1.308936119,4.510309219,4.409090996,7.333333492,3.0,25.490368,10.781986,55.467851,218.188066,35.971121,16.529331,19.441791,24.801398,25.237016,28.685834,23.192533,872.331244,250.941546,0.773427,97.685835,547.840941,5.965662,113.43955,84.188304,Arid,148058713.0,107430040.7,74575972.66,51388268.79,36614571.55,27014332.68,5134.779646,6678.766119,3793.339868,2798.786895,2174.930377,1764.629504,1.954816,368.501241,6.180017227,0.646025725,0.695034614,0.597016902,0.550235723,0.512365234,0.476722452,16220290.0,242.609831,Cropland,Vertisols,Metamorphics,15.8833,77.9572,Krishna,Andhra Pradesh,67180.0,66450.61719,1.085714216,1991,8,230,Monsoon
639.7,600.8687036877375,38.831296312262566,38.831296312262566,INDOFLOODS-gauge-319,639.7,0.036093018,6.293427148999998,18.34085589,19.97196811,21.3169419,26.10852529,28.82280284,29.44179981,30.95111742,34.97506365,4,127419.5781,97785.86719,3298.440918,552,100640.2969,319578.8125,1.303046942,0.325660348,0.00548488,6.13e-10,0.405847251,3.070683956,0.000175231,0.000151761,1.580865264,1.266089082,0.398710966,43,1.7e-08,0.000111872,2.58e-12,0.083771802,43,9.0,3.0,1.0,,246173.9063,92599.05469,140640.8906,21159.23242,,5724.974609,10288.78418,46880.29688,21159.23242,,0.376152992,1.518815637,0.15044865,,4.777777672,3.0,3.0,,24.244818,10.761735,56.086204,217.895015,34.524937,15.330933,19.194004,23.728458,24.071864,27.32367,21.646546,770.187908,167.716006,1.33417,87.78182,423.558455,7.539388,133.620923,64.086302,Tropical,696193281.4,492973433.2,334615683.0,220245511.6,151504351.3,106779797.8,5119.719323,6659.177282,3846.718692,2823.256303,2193.197179,1775.823774,19.868362,1484.3,32.44191144,0.655875555,0.705631667,0.606119503,0.558625055,0.520177164,0.483990947,6336434.0,1905.966541,Cropland,Lixisols,No dominant class,12.5172,77.4369,Cauvery,Karnataka,3500.0,3298.440918,5.758830914,2017,8,226,Monsoon
276.21,315.0321633700607,-38.82216337006071,38.82216337006071,INDOFLOODS-gauge-32,276.21,30.79647779,54.98949804,60.7579294,65.95325982,70.46347812,73.69082378,84.46131282,98.3063539,108.507927,116.6318056,6,639711.4375,421990.8438,66450.61719,1525,424555.75,1498839.375,1.515936732,0.368663013,0.00359199,3.24e-11,0.371705264,2.712504387,0.000748579,0.00016425,1.651873589,1.506778359,0.426804543,875,1.69e-08,0.000102799,2.77e-12,0.250480592,875,194.0,44.0,6.0,2.0,5755048.0,2778756.5,1333108.625,395859.9375,518155.375,6577.197754,14323.4873,30297.92383,65976.65625,259077.6875,0.482838124,0.479750067,0.296945006,1.308936119,4.510309219,4.409090996,7.333333492,3.0,25.490368,10.781986,55.467851,218.188066,35.971121,16.529331,19.441791,24.801398,25.237016,28.685834,23.192533,872.331244,250.941546,0.773427,97.685835,547.840941,5.965662,113.43955,84.188304,Arid,148058713.0,107430040.7,74575972.66,51388268.79,36614571.55,27014332.68,5134.779646,6678.766119,3793.339868,2798.786895,2174.930377,1764.629504,1.954816,368.501241,6.180017227,0.646025725,0.695034614,0.597016902,0.550235723,0.512365234,0.476722452,16220290.0,242.609831,Cropland,Vertisols,Metamorphics,15.8833,77.9572,Krishna,Andhra Pradesh,67180.0,66450.61719,1.085714216,1966,10,277,Post-Monsoon
491.9,453.1240690386608,38.77593096133921,38.77593096133921,INDOFLOODS-gauge-635,491.9,0.0,0.0,0.0,0.0,0.0,0.0,0.0,0.0,0.0,0.0,5,146478.4219,95281.04688,6916.848633,871,102859.7891,413458.3438,1.537330151,0.653757989,0.008467838,4.14e-10,0.508457422,1.529618025,0.000292653,0.000171563,1.412371159,1.424059153,0.354276121,91,1.75e-08,0.000101965,3e-12,0.149431586,91,21.0,6.0,2.0,1.0,667246.125,297716.4375,110971.1563,64964.47656,45778.89844,7332.375,14176.97363,18495.19336,32482.23828,45778.89844,0.446186841,0.372741103,0.585417688,0.704675853,4.333333492,3.5,3.0,2.0,24.697116,13.489069,51.997748,312.343017,37.21263,11.273022,25.939608,24.69549,22.683453,28.783872,20.832747,977.227105,310.872203,0.283622,120.732693,708.380507,4.309689,163.994694,10.433103,Arid,492278343.5,355511052.1,242275839.3,163117788.6,138522526.6,95598537.28,7055.1577,9176.586,5155.1304,3743.8674,3565.661,2801.1133,5.421074,543.5,20.48071097,0.72103643,0.7757358,0.6663372,0.6141242,0.5718565,0.53207517,3569752.0,515.95891,Cropland,Vertisols,Basic volcanic rocks,19.8783,74.4819,Godavari,Maharashtra,6840.0,6916.848633,1.123518026,2020,1,19,Winter
276.31,315.0321633700607,-38.72216337006069,38.72216337006069,INDOFLOODS-gauge-32,276.31,8.970202427,19.66617072,44.37922974,61.87789544,67.70453967,69.70936027,72.92802201,74.96190501,80.72013244,81.59147856,6,639711.4375,421990.8438,66450.61719,1525,424555.75,1498839.375,1.515936732,0.368663013,0.00359199,3.24e-11,0.371705264,2.712504387,0.000748579,0.00016425,1.651873589,1.506778359,0.426804543,875,1.69e-08,0.000102799,2.77e-12,0.250480592,875,194.0,44.0,6.0,2.0,5755048.0,2778756.5,1333108.625,395859.9375,518155.375,6577.197754,14323.4873,30297.92383,65976.65625,259077.6875,0.482838124,0.479750067,0.296945006,1.308936119,4.510309219,4.409090996,7.333333492,3.0,25.490368,10.781986,55.467851,218.188066,35.971121,16.529331,19.441791,24.801398,25.237016,28.685834,23.192533,872.331244,250.941546,0.773427,97.685835,547.840941,5.965662,113.43955,84.188304,Arid,148058713.0,107430040.7,74575972.66,51388268.79,36614571.55,27014332.68,5134.779646,6678.766119,3793.339868,2798.786895,2174.930377,1764.629504,1.954816,368.501241,6.180017227,0.646025725,0.695034614,0.597016902,0.550235723,0.512365234,0.476722452,16220290.0,242.609831,Cropland,Vertisols,Metamorphics,15.8833,77.9572,Krishna,Andhra Pradesh,67180.0,66450.61719,1.085714216,1998,9,272,Monsoon
276.32,315.0321633700607,-38.71216337006069,38.71216337006069,INDOFLOODS-gauge-32,276.32,6.280600934,17.61474006,29.7437778,42.83628856,52.21055978,56.93319736,63.68559404,70.65036298,77.91459821,86.09025201,6,639711.4375,421990.8438,66450.61719,1525,424555.75,1498839.375,1.515936732,0.368663013,0.00359199,3.24e-11,0.371705264,2.712504387,0.000748579,0.00016425,1.651873589,1.506778359,0.426804543,875,1.69e-08,0.000102799,2.77e-12,0.250480592,875,194.0,44.0,6.0,2.0,5755048.0,2778756.5,1333108.625,395859.9375,518155.375,6577.197754,14323.4873,30297.92383,65976.65625,259077.6875,0.482838124,0.479750067,0.296945006,1.308936119,4.510309219,4.409090996,7.333333492,3.0,25.490368,10.781986,55.467851,218.188066,35.971121,16.529331,19.441791,24.801398,25.237016,28.685834,23.192533,872.331244,250.941546,0.773427,97.685835,547.840941,5.965662,113.43955,84.188304,Arid,148058713.0,107430040.7,74575972.66,51388268.79,36614571.55,27014332.68,5134.779646,6678.766119,3793.339868,2798.786895,2174.930377,1764.629504,1.954816,368.501241,6.180017227,0.646025725,0.695034614,0.597016902,0.550235723,0.512365234,0.476722452,16220290.0,242.609831,Cropland,Vertisols,Metamorphics,15.8833,77.9572,Krishna,Andhra Pradesh,67180.0,66450.61719,1.085714216,1991,7,212,Monsoon
276.32,315.0321633700607,-38.71216337006069,38.71216337006069,INDOFLOODS-gauge-32,276.32,4.869580271,9.277790761,12.94790711,17.02235585,22.744173,27.3108951,30.18595372,31.85866377,33.09425025,36.57216592,6,639711.4375,421990.8438,66450.61719,1525,424555.75,1498839.375,1.515936732,0.368663013,0.00359199,3.24e-11,0.371705264,2.712504387,0.000748579,0.00016425,1.651873589,1.506778359,0.426804543,875,1.69e-08,0.000102799,2.77e-12,0.250480592,875,194.0,44.0,6.0,2.0,5755048.0,2778756.5,1333108.625,395859.9375,518155.375,6577.197754,14323.4873,30297.92383,65976.65625,259077.6875,0.482838124,0.479750067,0.296945006,1.308936119,4.510309219,4.409090996,7.333333492,3.0,25.490368,10.781986,55.467851,218.188066,35.971121,16.529331,19.441791,24.801398,25.237016,28.685834,23.192533,872.331244,250.941546,0.773427,97.685835,547.840941,5.965662,113.43955,84.188304,Arid,148058713.0,107430040.7,74575972.66,51388268.79,36614571.55,27014332.68,5134.779646,6678.766119,3793.339868,2798.786895,2174.930377,1764.629504,1.954816,368.501241,6.180017227,0.646025725,0.695034614,0.597016902,0.550235723,0.512365234,0.476722452,16220290.0,242.609831,Cropland,Vertisols,Metamorphics,15.8833,77.9572,Krishna,Andhra Pradesh,67180.0,66450.61719,1.085714216,1968,8,224,Monsoon
293.88,332.5716935185517,-38.69169351855169,38.69169351855169,INDOFLOODS-gauge-472,293.88,31.66324966,54.647125,81.62010799,126.8389549,215.651437,271.1891358,364.9142587,425.0874067,463.8994058,495.65955539999993,6,650388.9375,378736.5625,44652.65625,913,411680.4063,1664588.375,1.717259407,0.263467401,0.00221774,4.07e-11,0.202508584,3.795535803,0.000451163,0.000167508,2.237970829,1.579839468,0.390720576,581,1.68e-08,0.000100405,2.82e-12,0.152935132,581,126.0,31.0,9.0,3.0,3671381.5,1916652.625,965564.375,357243.875,345153.2813,6319.073242,15211.52832,31147.23828,39693.76563,115051.0938,0.522052169,0.503776431,0.369984537,0.966155887,4.611111164,4.064516068,3.444444418,3.0,24.964161,12.751767,41.11585,504.492075,41.046781,10.038858,31.007923,25.90896,24.431836,31.598482,18.730509,1267.92929,405.424048,4.618662,142.814047,1031.16188,27.087191,135.854057,34.012834,Tropical,62070252.02,44784344.93,31091858.92,24356314.02,23683134.33,20921424.15,2990.2112,3889.343,2227.44,1882.7871,1810.0876,1581.1671,1.487467,288.432099,5.58474887,0.474407538,0.510397127,0.438418027,0.40406436,0.376254261,0.350080065,8364153.0,186.969563,Cropland,Vertisols,Basic volcanic rocks,22.7561,77.7328,Narmada,Madhya Pradesh,44548.0,44652.65625,0.234929178,2016,7,195,Monsoon
276.35,315.0321633700607,-38.68216337006066,38.68216337006066,INDOFLOODS-gauge-32,276.35,3.205189672,8.432983594,15.86608245,24.63694198,36.25380396,44.82244921,54.85429671,64.57851545,72.20100005,88.59213177,6,639711.4375,421990.8438,66450.61719,1525,424555.75,1498839.375,1.515936732,0.368663013,0.00359199,3.24e-11,0.371705264,2.712504387,0.000748579,0.00016425,1.651873589,1.506778359,0.426804543,875,1.69e-08,0.000102799,2.77e-12,0.250480592,875,194.0,44.0,6.0,2.0,5755048.0,2778756.5,1333108.625,395859.9375,518155.375,6577.197754,14323.4873,30297.92383,65976.65625,259077.6875,0.482838124,0.479750067,0.296945006,1.308936119,4.510309219,4.409090996,7.333333492,3.0,25.490368,10.781986,55.467851,218.188066,35.971121,16.529331,19.441791,24.801398,25.237016,28.685834,23.192533,872.331244,250.941546,0.773427,97.685835,547.840941,5.965662,113.43955,84.188304,Arid,148058713.0,107430040.7,74575972.66,51388268.79,36614571.55,27014332.68,5134.779646,6678.766119,3793.339868,2798.786895,2174.930377,1764.629504,1.954816,368.501241,6.180017227,0.646025725,0.695034614,0.597016902,0.550235723,0.512365234,0.476722452,16220290.0,242.609831,Cropland,Vertisols,Metamorphics,15.8833,77.9572,Krishna,Andhra Pradesh,67180.0,66450.61719,1.085714216,2005,8,218,Monsoon
276.42,315.0321633700607,-38.61216337006067,38.61216337006067,INDOFLOODS-gauge-32,276.42,2.77250747,12.21509829,23.62527044,38.66896119,51.36896528,60.45361084,63.83468238,66.74331893,68.50080904,69.78135996,6,639711.4375,421990.8438,66450.61719,1525,424555.75,1498839.375,1.515936732,0.368663013,0.00359199,3.24e-11,0.371705264,2.712504387,0.000748579,0.00016425,1.651873589,1.506778359,0.426804543,875,1.69e-08,0.000102799,2.77e-12,0.250480592,875,194.0,44.0,6.0,2.0,5755048.0,2778756.5,1333108.625,395859.9375,518155.375,6577.197754,14323.4873,30297.92383,65976.65625,259077.6875,0.482838124,0.479750067,0.296945006,1.308936119,4.510309219,4.409090996,7.333333492,3.0,25.490368,10.781986,55.467851,218.188066,35.971121,16.529331,19.441791,24.801398,25.237016,28.685834,23.192533,872.331244,250.941546,0.773427,97.685835,547.840941,5.965662,113.43955,84.188304,Arid,148058713.0,107430040.7,74575972.66,51388268.79,36614571.55,27014332.68,5134.779646,6678.766119,3793.339868,2798.786895,2174.930377,1764.629504,1.954816,368.501241,6.180017227,0.646025725,0.695034614,0.597016902,0.550235723,0.512365234,0.476722452,16220290.0,242.609831,Cropland,Vertisols,Metamorphics,15.8833,77.9572,Krishna,Andhra Pradesh,67180.0,66450.61719,1.085714216,1971,10,288,Post-Monsoon
276.42,315.0321633700607,-38.61216337006067,38.61216337006067,INDOFLOODS-gauge-32,276.42,5.761750257,12.77024134,20.56817653,40.78397087,65.00998512,74.69227587,79.31624524,93.78643574,109.1099248,115.566158,6,639711.4375,421990.8438,66450.61719,1525,424555.75,1498839.375,1.515936732,0.368663013,0.00359199,3.24e-11,0.371705264,2.712504387,0.000748579,0.00016425,1.651873589,1.506778359,0.426804543,875,1.69e-08,0.000102799,2.77e-12,0.250480592,875,194.0,44.0,6.0,2.0,5755048.0,2778756.5,1333108.625,395859.9375,518155.375,6577.197754,14323.4873,30297.92383,65976.65625,259077.6875,0.482838124,0.479750067,0.296945006,1.308936119,4.510309219,4.409090996,7.333333492,3.0,25.490368,10.781986,55.467851,218.188066,35.971121,16.529331,19.441791,24.801398,25.237016,28.685834,23.192533,872.331244,250.941546,0.773427,97.685835,547.840941,5.965662,113.43955,84.188304,Arid,148058713.0,107430040.7,74575972.66,51388268.79,36614571.55,27014332.68,5134.779646,6678.766119,3793.339868,2798.786895,2174.930377,1764.629504,1.954816,368.501241,6.180017227,0.646025725,0.695034614,0.597016902,0.550235723,0.512365234,0.476722452,16220290.0,242.609831,Cropland,Vertisols,Metamorphics,15.8833,77.9572,Krishna,Andhra Pradesh,67180.0,66450.61719,1.085714216,1969,8,217,Monsoon
276.45,315.0321633700607,-38.5821633700607,38.5821633700607,INDOFLOODS-gauge-32,276.45,13.87145233,23.3562758,37.48460401,57.44243857,75.30521679,94.09239738,99.47531826,111.7882795,143.3859381,164.61095759999995,6,639711.4375,421990.8438,66450.61719,1525,424555.75,1498839.375,1.515936732,0.368663013,0.00359199,3.24e-11,0.371705264,2.712504387,0.000748579,0.00016425,1.651873589,1.506778359,0.426804543,875,1.69e-08,0.000102799,2.77e-12,0.250480592,875,194.0,44.0,6.0,2.0,5755048.0,2778756.5,1333108.625,395859.9375,518155.375,6577.197754,14323.4873,30297.92383,65976.65625,259077.6875,0.482838124,0.479750067,0.296945006,1.308936119,4.510309219,4.409090996,7.333333492,3.0,25.490368,10.781986,55.467851,218.188066,35.971121,16.529331,19.441791,24.801398,25.237016,28.685834,23.192533,872.331244,250.941546,0.773427,97.685835,547.840941,5.965662,113.43955,84.188304,Arid,148058713.0,107430040.7,74575972.66,51388268.79,36614571.55,27014332.68,5134.779646,6678.766119,3793.339868,2798.786895,2174.930377,1764.629504,1.954816,368.501241,6.180017227,0.646025725,0.695034614,0.597016902,0.550235723,0.512365234,0.476722452,16220290.0,242.609831,Cropland,Vertisols,Metamorphics,15.8833,77.9572,Krishna,Andhra Pradesh,67180.0,66450.61719,1.085714216,1970,8,234,Monsoon
276.48,315.0321633700607,-38.55216337006067,38.55216337006067,INDOFLOODS-gauge-32,276.48,3.243365314,9.008979095,11.92589861,30.72218118,36.24365834,41.96223936,52.84149968,65.18768547,67.61234159,86.11462014,6,639711.4375,421990.8438,66450.61719,1525,424555.75,1498839.375,1.515936732,0.368663013,0.00359199,3.24e-11,0.371705264,2.712504387,0.000748579,0.00016425,1.651873589,1.506778359,0.426804543,875,1.69e-08,0.000102799,2.77e-12,0.250480592,875,194.0,44.0,6.0,2.0,5755048.0,2778756.5,1333108.625,395859.9375,518155.375,6577.197754,14323.4873,30297.92383,65976.65625,259077.6875,0.482838124,0.479750067,0.296945006,1.308936119,4.510309219,4.409090996,7.333333492,3.0,25.490368,10.781986,55.467851,218.188066,35.971121,16.529331,19.441791,24.801398,25.237016,28.685834,23.192533,872.331244,250.941546,0.773427,97.685835,547.840941,5.965662,113.43955,84.188304,Arid,148058713.0,107430040.7,74575972.66,51388268.79,36614571.55,27014332.68,5134.779646,6678.766119,3793.339868,2798.786895,2174.930377,1764.629504,1.954816,368.501241,6.180017227,0.646025725,0.695034614,0.597016902,0.550235723,0.512365234,0.476722452,16220290.0,242.609831,Cropland,Vertisols,Metamorphics,15.8833,77.9572,Krishna,Andhra Pradesh,67180.0,66450.61719,1.085714216,1975,11,311,Post-Monsoon
276.58,315.0321633700607,-38.4521633700607,38.4521633700607,INDOFLOODS-gauge-32,276.58,2.792536617,11.52414912,29.85231848,43.19352571,48.61604833,53.51304881,60.00201616,74.44650106,101.9437507,126.214876,6,639711.4375,421990.8438,66450.61719,1525,424555.75,1498839.375,1.515936732,0.368663013,0.00359199,3.24e-11,0.371705264,2.712504387,0.000748579,0.00016425,1.651873589,1.506778359,0.426804543,875,1.69e-08,0.000102799,2.77e-12,0.250480592,875,194.0,44.0,6.0,2.0,5755048.0,2778756.5,1333108.625,395859.9375,518155.375,6577.197754,14323.4873,30297.92383,65976.65625,259077.6875,0.482838124,0.479750067,0.296945006,1.308936119,4.510309219,4.409090996,7.333333492,3.0,25.490368,10.781986,55.467851,218.188066,35.971121,16.529331,19.441791,24.801398,25.237016,28.685834,23.192533,872.331244,250.941546,0.773427,97.685835,547.840941,5.965662,113.43955,84.188304,Arid,148058713.0,107430040.7,74575972.66,51388268.79,36614571.55,27014332.68,5134.779646,6678.766119,3793.339868,2798.786895,2174.930377,1764.629504,1.954816,368.501241,6.180017227,0.646025725,0.695034614,0.597016902,0.550235723,0.512365234,0.476722452,16220290.0,242.609831,Cropland,Vertisols,Metamorphics,15.8833,77.9572,Krishna,Andhra Pradesh,67180.0,66450.61719,1.085714216,1980,7,193,Monsoon
276.59,315.0321633700607,-38.44216337006071,38.44216337006071,INDOFLOODS-gauge-32,276.59,12.34618579,14.77084191,33.27312046,45.01608933,51.19302413,57.57554364,59.18694646,59.96499384,60.69560202,61.34748648,6,639711.4375,421990.8438,66450.61719,1525,424555.75,1498839.375,1.515936732,0.368663013,0.00359199,3.24e-11,0.371705264,2.712504387,0.000748579,0.00016425,1.651873589,1.506778359,0.426804543,875,1.69e-08,0.000102799,2.77e-12,0.250480592,875,194.0,44.0,6.0,2.0,5755048.0,2778756.5,1333108.625,395859.9375,518155.375,6577.197754,14323.4873,30297.92383,65976.65625,259077.6875,0.482838124,0.479750067,0.296945006,1.308936119,4.510309219,4.409090996,7.333333492,3.0,25.490368,10.781986,55.467851,218.188066,35.971121,16.529331,19.441791,24.801398,25.237016,28.685834,23.192533,872.331244,250.941546,0.773427,97.685835,547.840941,5.965662,113.43955,84.188304,Arid,148058713.0,107430040.7,74575972.66,51388268.79,36614571.55,27014332.68,5134.779646,6678.766119,3793.339868,2798.786895,2174.930377,1764.629504,1.954816,368.501241,6.180017227,0.646025725,0.695034614,0.597016902,0.550235723,0.512365234,0.476722452,16220290.0,242.609831,Cropland,Vertisols,Metamorphics,15.8833,77.9572,Krishna,Andhra Pradesh,67180.0,66450.61719,1.085714216,1975,10,304,Post-Monsoon
276.61,315.0321633700607,-38.42216337006067,38.42216337006067,INDOFLOODS-gauge-32,276.61,19.83568697,38.85533629,43.3623348,51.85371181,57.71646977,57.98908328,58.30357368,59.55391566,61.7766282,75.82592438,6,639711.4375,421990.8438,66450.61719,1525,424555.75,1498839.375,1.515936732,0.368663013,0.00359199,3.24e-11,0.371705264,2.712504387,0.000748579,0.00016425,1.651873589,1.506778359,0.426804543,875,1.69e-08,0.000102799,2.77e-12,0.250480592,875,194.0,44.0,6.0,2.0,5755048.0,2778756.5,1333108.625,395859.9375,518155.375,6577.197754,14323.4873,30297.92383,65976.65625,259077.6875,0.482838124,0.479750067,0.296945006,1.308936119,4.510309219,4.409090996,7.333333492,3.0,25.490368,10.781986,55.467851,218.188066,35.971121,16.529331,19.441791,24.801398,25.237016,28.685834,23.192533,872.331244,250.941546,0.773427,97.685835,547.840941,5.965662,113.43955,84.188304,Arid,148058713.0,107430040.7,74575972.66,51388268.79,36614571.55,27014332.68,5134.779646,6678.766119,3793.339868,2798.786895,2174.930377,1764.629504,1.954816,368.501241,6.180017227,0.646025725,0.695034614,0.597016902,0.550235723,0.512365234,0.476722452,16220290.0,242.609831,Cropland,Vertisols,Metamorphics,15.8833,77.9572,Krishna,Andhra Pradesh,67180.0,66450.61719,1.085714216,1996,9,250,Monsoon
276.63,315.0321633700607,-38.40216337006069,38.40216337006069,INDOFLOODS-gauge-32,276.63,21.87871314,50.40584269,54.90816954,66.94719213,69.70253612,71.73278134,72.72390034,73.70124048,76.78489248,83.88938866,6,639711.4375,421990.8438,66450.61719,1525,424555.75,1498839.375,1.515936732,0.368663013,0.00359199,3.24e-11,0.371705264,2.712504387,0.000748579,0.00016425,1.651873589,1.506778359,0.426804543,875,1.69e-08,0.000102799,2.77e-12,0.250480592,875,194.0,44.0,6.0,2.0,5755048.0,2778756.5,1333108.625,395859.9375,518155.375,6577.197754,14323.4873,30297.92383,65976.65625,259077.6875,0.482838124,0.479750067,0.296945006,1.308936119,4.510309219,4.409090996,7.333333492,3.0,25.490368,10.781986,55.467851,218.188066,35.971121,16.529331,19.441791,24.801398,25.237016,28.685834,23.192533,872.331244,250.941546,0.773427,97.685835,547.840941,5.965662,113.43955,84.188304,Arid,148058713.0,107430040.7,74575972.66,51388268.79,36614571.55,27014332.68,5134.779646,6678.766119,3793.339868,2798.786895,2174.930377,1764.629504,1.954816,368.501241,6.180017227,0.646025725,0.695034614,0.597016902,0.550235723,0.512365234,0.476722452,16220290.0,242.609831,Cropland,Vertisols,Metamorphics,15.8833,77.9572,Krishna,Andhra Pradesh,67180.0,66450.61719,1.085714216,1967,10,277,Post-Monsoon
276.63,315.0321633700607,-38.40216337006069,38.40216337006069,INDOFLOODS-gauge-32,276.63,5.012815849,11.17923188,21.12723133,27.25357058,33.1116367,36.64750619,38.37549593,40.96800364,44.67287344,50.10417575,6,639711.4375,421990.8438,66450.61719,1525,424555.75,1498839.375,1.515936732,0.368663013,0.00359199,3.24e-11,0.371705264,2.712504387,0.000748579,0.00016425,1.651873589,1.506778359,0.426804543,875,1.69e-08,0.000102799,2.77e-12,0.250480592,875,194.0,44.0,6.0,2.0,5755048.0,2778756.5,1333108.625,395859.9375,518155.375,6577.197754,14323.4873,30297.92383,65976.65625,259077.6875,0.482838124,0.479750067,0.296945006,1.308936119,4.510309219,4.409090996,7.333333492,3.0,25.490368,10.781986,55.467851,218.188066,35.971121,16.529331,19.441791,24.801398,25.237016,28.685834,23.192533,872.331244,250.941546,0.773427,97.685835,547.840941,5.965662,113.43955,84.188304,Arid,148058713.0,107430040.7,74575972.66,51388268.79,36614571.55,27014332.68,5134.779646,6678.766119,3793.339868,2798.786895,2174.930377,1764.629504,1.954816,368.501241,6.180017227,0.646025725,0.695034614,0.597016902,0.550235723,0.512365234,0.476722452,16220290.0,242.609831,Cropland,Vertisols,Metamorphics,15.8833,77.9572,Krishna,Andhra Pradesh,67180.0,66450.61719,1.085714216,1978,7,209,Monsoon
276.64,315.0321633700607,-38.3921633700607,38.3921633700607,INDOFLOODS-gauge-32,276.64,4.442807773999999,8.323865338,13.35280512,21.83906107,25.91027395,27.56762597,29.63954112,33.64732883,41.49892319,56.62146662,6,639711.4375,421990.8438,66450.61719,1525,424555.75,1498839.375,1.515936732,0.368663013,0.00359199,3.24e-11,0.371705264,2.712504387,0.000748579,0.00016425,1.651873589,1.506778359,0.426804543,875,1.69e-08,0.000102799,2.77e-12,0.250480592,875,194.0,44.0,6.0,2.0,5755048.0,2778756.5,1333108.625,395859.9375,518155.375,6577.197754,14323.4873,30297.92383,65976.65625,259077.6875,0.482838124,0.479750067,0.296945006,1.308936119,4.510309219,4.409090996,7.333333492,3.0,25.490368,10.781986,55.467851,218.188066,35.971121,16.529331,19.441791,24.801398,25.237016,28.685834,23.192533,872.331244,250.941546,0.773427,97.685835,547.840941,5.965662,113.43955,84.188304,Arid,148058713.0,107430040.7,74575972.66,51388268.79,36614571.55,27014332.68,5134.779646,6678.766119,3793.339868,2798.786895,2174.930377,1764.629504,1.954816,368.501241,6.180017227,0.646025725,0.695034614,0.597016902,0.550235723,0.512365234,0.476722452,16220290.0,242.609831,Cropland,Vertisols,Metamorphics,15.8833,77.9572,Krishna,Andhra Pradesh,67180.0,66450.61719,1.085714216,1997,8,222,Monsoon
276.65,315.0321633700607,-38.38216337006071,38.38216337006071,INDOFLOODS-gauge-32,276.65,5.109281665,9.337030116,17.9957337,24.95491695,34.87709396,54.32115401,65.63503781,70.57014187,74.00898344,83.10191452,6,639711.4375,421990.8438,66450.61719,1525,424555.75,1498839.375,1.515936732,0.368663013,0.00359199,3.24e-11,0.371705264,2.712504387,0.000748579,0.00016425,1.651873589,1.506778359,0.426804543,875,1.69e-08,0.000102799,2.77e-12,0.250480592,875,194.0,44.0,6.0,2.0,5755048.0,2778756.5,1333108.625,395859.9375,518155.375,6577.197754,14323.4873,30297.92383,65976.65625,259077.6875,0.482838124,0.479750067,0.296945006,1.308936119,4.510309219,4.409090996,7.333333492,3.0,25.490368,10.781986,55.467851,218.188066,35.971121,16.529331,19.441791,24.801398,25.237016,28.685834,23.192533,872.331244,250.941546,0.773427,97.685835,547.840941,5.965662,113.43955,84.188304,Arid,148058713.0,107430040.7,74575972.66,51388268.79,36614571.55,27014332.68,5134.779646,6678.766119,3793.339868,2798.786895,2174.930377,1764.629504,1.954816,368.501241,6.180017227,0.646025725,0.695034614,0.597016902,0.550235723,0.512365234,0.476722452,16220290.0,242.609831,Cropland,Vertisols,Metamorphics,15.8833,77.9572,Krishna,Andhra Pradesh,67180.0,66450.61719,1.085714216,1992,8,230,Monsoon
276.68,315.0321633700607,-38.35216337006068,38.35216337006068,INDOFLOODS-gauge-32,276.68,11.84743129,24.27775836,34.02361561,53.13501887,64.69848263,67.15939465,73.33154192,82.48132574,93.42305785,101.3509986,6,639711.4375,421990.8438,66450.61719,1525,424555.75,1498839.375,1.515936732,0.368663013,0.00359199,3.24e-11,0.371705264,2.712504387,0.000748579,0.00016425,1.651873589,1.506778359,0.426804543,875,1.69e-08,0.000102799,2.77e-12,0.250480592,875,194.0,44.0,6.0,2.0,5755048.0,2778756.5,1333108.625,395859.9375,518155.375,6577.197754,14323.4873,30297.92383,65976.65625,259077.6875,0.482838124,0.479750067,0.296945006,1.308936119,4.510309219,4.409090996,7.333333492,3.0,25.490368,10.781986,55.467851,218.188066,35.971121,16.529331,19.441791,24.801398,25.237016,28.685834,23.192533,872.331244,250.941546,0.773427,97.685835,547.840941,5.965662,113.43955,84.188304,Arid,148058713.0,107430040.7,74575972.66,51388268.79,36614571.55,27014332.68,5134.779646,6678.766119,3793.339868,2798.786895,2174.930377,1764.629504,1.954816,368.501241,6.180017227,0.646025725,0.695034614,0.597016902,0.550235723,0.512365234,0.476722452,16220290.0,242.609831,Cropland,Vertisols,Metamorphics,15.8833,77.9572,Krishna,Andhra Pradesh,67180.0,66450.61719,1.085714216,2010,8,237,Monsoon
276.69,315.0321633700607,-38.34216337006069,38.34216337006069,INDOFLOODS-gauge-32,276.69,31.59765866,52.82267813,58.68714711,71.50549437,83.45391972,92.39922167,99.94595403,107.9786255,113.6860926,118.0078599,6,639711.4375,421990.8438,66450.61719,1525,424555.75,1498839.375,1.515936732,0.368663013,0.00359199,3.24e-11,0.371705264,2.712504387,0.000748579,0.00016425,1.651873589,1.506778359,0.426804543,875,1.69e-08,0.000102799,2.77e-12,0.250480592,875,194.0,44.0,6.0,2.0,5755048.0,2778756.5,1333108.625,395859.9375,518155.375,6577.197754,14323.4873,30297.92383,65976.65625,259077.6875,0.482838124,0.479750067,0.296945006,1.308936119,4.510309219,4.409090996,7.333333492,3.0,25.490368,10.781986,55.467851,218.188066,35.971121,16.529331,19.441791,24.801398,25.237016,28.685834,23.192533,872.331244,250.941546,0.773427,97.685835,547.840941,5.965662,113.43955,84.188304,Arid,148058713.0,107430040.7,74575972.66,51388268.79,36614571.55,27014332.68,5134.779646,6678.766119,3793.339868,2798.786895,2174.930377,1764.629504,1.954816,368.501241,6.180017227,0.646025725,0.695034614,0.597016902,0.550235723,0.512365234,0.476722452,16220290.0,242.609831,Cropland,Vertisols,Metamorphics,15.8833,77.9572,Krishna,Andhra Pradesh,67180.0,66450.61719,1.085714216,1970,8,226,Monsoon
276.69,315.0321633700607,-38.34216337006069,38.34216337006069,INDOFLOODS-gauge-32,276.69,10.04523184,20.17590632,33.38652585,42.69597499,48.12011483,61.57198393,65.61346118,67.91226568,71.92748859,76.22540919,6,639711.4375,421990.8438,66450.61719,1525,424555.75,1498839.375,1.515936732,0.368663013,0.00359199,3.24e-11,0.371705264,2.712504387,0.000748579,0.00016425,1.651873589,1.506778359,0.426804543,875,1.69e-08,0.000102799,2.77e-12,0.250480592,875,194.0,44.0,6.0,2.0,5755048.0,2778756.5,1333108.625,395859.9375,518155.375,6577.197754,14323.4873,30297.92383,65976.65625,259077.6875,0.482838124,0.479750067,0.296945006,1.308936119,4.510309219,4.409090996,7.333333492,3.0,25.490368,10.781986,55.467851,218.188066,35.971121,16.529331,19.441791,24.801398,25.237016,28.685834,23.192533,872.331244,250.941546,0.773427,97.685835,547.840941,5.965662,113.43955,84.188304,Arid,148058713.0,107430040.7,74575972.66,51388268.79,36614571.55,27014332.68,5134.779646,6678.766119,3793.339868,2798.786895,2174.930377,1764.629504,1.954816,368.501241,6.180017227,0.646025725,0.695034614,0.597016902,0.550235723,0.512365234,0.476722452,16220290.0,242.609831,Cropland,Vertisols,Metamorphics,15.8833,77.9572,Krishna,Andhra Pradesh,67180.0,66450.61719,1.085714216,1974,9,262,Monsoon
276.71,315.0321633700607,-38.32216337006071,38.32216337006071,INDOFLOODS-gauge-32,276.71,41.34041045,81.74163785,93.58230236,106.8533082,111.7891773,112.7511681,113.8212523,116.3166231,117.257089,118.0227601,6,639711.4375,421990.8438,66450.61719,1525,424555.75,1498839.375,1.515936732,0.368663013,0.00359199,3.24e-11,0.371705264,2.712504387,0.000748579,0.00016425,1.651873589,1.506778359,0.426804543,875,1.69e-08,0.000102799,2.77e-12,0.250480592,875,194.0,44.0,6.0,2.0,5755048.0,2778756.5,1333108.625,395859.9375,518155.375,6577.197754,14323.4873,30297.92383,65976.65625,259077.6875,0.482838124,0.479750067,0.296945006,1.308936119,4.510309219,4.409090996,7.333333492,3.0,25.490368,10.781986,55.467851,218.188066,35.971121,16.529331,19.441791,24.801398,25.237016,28.685834,23.192533,872.331244,250.941546,0.773427,97.685835,547.840941,5.965662,113.43955,84.188304,Arid,148058713.0,107430040.7,74575972.66,51388268.79,36614571.55,27014332.68,5134.779646,6678.766119,3793.339868,2798.786895,2174.930377,1764.629504,1.954816,368.501241,6.180017227,0.646025725,0.695034614,0.597016902,0.550235723,0.512365234,0.476722452,16220290.0,242.609831,Cropland,Vertisols,Metamorphics,15.8833,77.9572,Krishna,Andhra Pradesh,67180.0,66450.61719,1.085714216,1965,9,263,Monsoon
276.71,315.0321633700607,-38.32216337006071,38.32216337006071,INDOFLOODS-gauge-32,276.71,28.68088546,43.66783692,77.83028287,106.5603496,118.6073467,120.2379516,120.927042,121.58332620000002,121.8669978,122.2196973,6,639711.4375,421990.8438,66450.61719,1525,424555.75,1498839.375,1.515936732,0.368663013,0.00359199,3.24e-11,0.371705264,2.712504387,0.000748579,0.00016425,1.651873589,1.506778359,0.426804543,875,1.69e-08,0.000102799,2.77e-12,0.250480592,875,194.0,44.0,6.0,2.0,5755048.0,2778756.5,1333108.625,395859.9375,518155.375,6577.197754,14323.4873,30297.92383,65976.65625,259077.6875,0.482838124,0.479750067,0.296945006,1.308936119,4.510309219,4.409090996,7.333333492,3.0,25.490368,10.781986,55.467851,218.188066,35.971121,16.529331,19.441791,24.801398,25.237016,28.685834,23.192533,872.331244,250.941546,0.773427,97.685835,547.840941,5.965662,113.43955,84.188304,Arid,148058713.0,107430040.7,74575972.66,51388268.79,36614571.55,27014332.68,5134.779646,6678.766119,3793.339868,2798.786895,2174.930377,1764.629504,1.954816,368.501241,6.180017227,0.646025725,0.695034614,0.597016902,0.550235723,0.512365234,0.476722452,16220290.0,242.609831,Cropland,Vertisols,Metamorphics,15.8833,77.9572,Krishna,Andhra Pradesh,67180.0,66450.61719,1.085714216,1970,9,260,Monsoon
276.72,315.0321633700607,-38.31216337006066,38.31216337006066,INDOFLOODS-gauge-32,276.72,4.59176632,11.34781256,23.16421141,32.44896041,37.55824208,41.78599053,50.44469411,57.40387736,67.32605437,86.77011442,6,639711.4375,421990.8438,66450.61719,1525,424555.75,1498839.375,1.515936732,0.368663013,0.00359199,3.24e-11,0.371705264,2.712504387,0.000748579,0.00016425,1.651873589,1.506778359,0.426804543,875,1.69e-08,0.000102799,2.77e-12,0.250480592,875,194.0,44.0,6.0,2.0,5755048.0,2778756.5,1333108.625,395859.9375,518155.375,6577.197754,14323.4873,30297.92383,65976.65625,259077.6875,0.482838124,0.479750067,0.296945006,1.308936119,4.510309219,4.409090996,7.333333492,3.0,25.490368,10.781986,55.467851,218.188066,35.971121,16.529331,19.441791,24.801398,25.237016,28.685834,23.192533,872.331244,250.941546,0.773427,97.685835,547.840941,5.965662,113.43955,84.188304,Arid,148058713.0,107430040.7,74575972.66,51388268.79,36614571.55,27014332.68,5134.779646,6678.766119,3793.339868,2798.786895,2174.930377,1764.629504,1.954816,368.501241,6.180017227,0.646025725,0.695034614,0.597016902,0.550235723,0.512365234,0.476722452,16220290.0,242.609831,Cropland,Vertisols,Metamorphics,15.8833,77.9572,Krishna,Andhra Pradesh,67180.0,66450.61719,1.085714216,1992,8,234,Monsoon
276.86,315.0321633700607,-38.17216337006067,38.17216337006067,INDOFLOODS-gauge-32,276.86,27.19359552,46.51957943,66.6164769,71.26814350000002,72.7741853,75.23280873,97.20441535,120.971531,132.9558107,139.8288017,6,639711.4375,421990.8438,66450.61719,1525,424555.75,1498839.375,1.515936732,0.368663013,0.00359199,3.24e-11,0.371705264,2.712504387,0.000748579,0.00016425,1.651873589,1.506778359,0.426804543,875,1.69e-08,0.000102799,2.77e-12,0.250480592,875,194.0,44.0,6.0,2.0,5755048.0,2778756.5,1333108.625,395859.9375,518155.375,6577.197754,14323.4873,30297.92383,65976.65625,259077.6875,0.482838124,0.479750067,0.296945006,1.308936119,4.510309219,4.409090996,7.333333492,3.0,25.490368,10.781986,55.467851,218.188066,35.971121,16.529331,19.441791,24.801398,25.237016,28.685834,23.192533,872.331244,250.941546,0.773427,97.685835,547.840941,5.965662,113.43955,84.188304,Arid,148058713.0,107430040.7,74575972.66,51388268.79,36614571.55,27014332.68,5134.779646,6678.766119,3793.339868,2798.786895,2174.930377,1764.629504,1.954816,368.501241,6.180017227,0.646025725,0.695034614,0.597016902,0.550235723,0.512365234,0.476722452,16220290.0,242.609831,Cropland,Vertisols,Metamorphics,15.8833,77.9572,Krishna,Andhra Pradesh,67180.0,66450.61719,1.085714216,1993,10,284,Post-Monsoon
276.88,315.0321633700607,-38.15216337006069,38.15216337006069,INDOFLOODS-gauge-32,276.88,13.34120723,18.76372986,23.66073033,30.14969769,44.59418259,72.09143218,96.36255748,106.7170757,114.1533763,117.736017,6,639711.4375,421990.8438,66450.61719,1525,424555.75,1498839.375,1.515936732,0.368663013,0.00359199,3.24e-11,0.371705264,2.712504387,0.000748579,0.00016425,1.651873589,1.506778359,0.426804543,875,1.69e-08,0.000102799,2.77e-12,0.250480592,875,194.0,44.0,6.0,2.0,5755048.0,2778756.5,1333108.625,395859.9375,518155.375,6577.197754,14323.4873,30297.92383,65976.65625,259077.6875,0.482838124,0.479750067,0.296945006,1.308936119,4.510309219,4.409090996,7.333333492,3.0,25.490368,10.781986,55.467851,218.188066,35.971121,16.529331,19.441791,24.801398,25.237016,28.685834,23.192533,872.331244,250.941546,0.773427,97.685835,547.840941,5.965662,113.43955,84.188304,Arid,148058713.0,107430040.7,74575972.66,51388268.79,36614571.55,27014332.68,5134.779646,6678.766119,3793.339868,2798.786895,2174.930377,1764.629504,1.954816,368.501241,6.180017227,0.646025725,0.695034614,0.597016902,0.550235723,0.512365234,0.476722452,16220290.0,242.609831,Cropland,Vertisols,Metamorphics,15.8833,77.9572,Krishna,Andhra Pradesh,67180.0,66450.61719,1.085714216,1980,7,190,Monsoon
276.88,315.0321633700607,-38.15216337006069,38.15216337006069,INDOFLOODS-gauge-32,276.88,15.30270031,33.66999972,39.18825607,41.31783567,43.92012929999999,50.03047784,58.08919093,66.59482996,76.87845236,83.9626417,6,639711.4375,421990.8438,66450.61719,1525,424555.75,1498839.375,1.515936732,0.368663013,0.00359199,3.24e-11,0.371705264,2.712504387,0.000748579,0.00016425,1.651873589,1.506778359,0.426804543,875,1.69e-08,0.000102799,2.77e-12,0.250480592,875,194.0,44.0,6.0,2.0,5755048.0,2778756.5,1333108.625,395859.9375,518155.375,6577.197754,14323.4873,30297.92383,65976.65625,259077.6875,0.482838124,0.479750067,0.296945006,1.308936119,4.510309219,4.409090996,7.333333492,3.0,25.490368,10.781986,55.467851,218.188066,35.971121,16.529331,19.441791,24.801398,25.237016,28.685834,23.192533,872.331244,250.941546,0.773427,97.685835,547.840941,5.965662,113.43955,84.188304,Arid,148058713.0,107430040.7,74575972.66,51388268.79,36614571.55,27014332.68,5134.779646,6678.766119,3793.339868,2798.786895,2174.930377,1764.629504,1.954816,368.501241,6.180017227,0.646025725,0.695034614,0.597016902,0.550235723,0.512365234,0.476722452,16220290.0,242.609831,Cropland,Vertisols,Metamorphics,15.8833,77.9572,Krishna,Andhra Pradesh,67180.0,66450.61719,1.085714216,1981,9,262,Monsoon
276.94,315.0321633700607,-38.09216337006069,38.09216337006069,INDOFLOODS-gauge-32,276.94,4.2540317010000015,9.936863645,18.11063791,30.73232071,35.40164061,38.13016271,40.47020208,43.9708068,45.43803151,46.82637527,6,639711.4375,421990.8438,66450.61719,1525,424555.75,1498839.375,1.515936732,0.368663013,0.00359199,3.24e-11,0.371705264,2.712504387,0.000748579,0.00016425,1.651873589,1.506778359,0.426804543,875,1.69e-08,0.000102799,2.77e-12,0.250480592,875,194.0,44.0,6.0,2.0,5755048.0,2778756.5,1333108.625,395859.9375,518155.375,6577.197754,14323.4873,30297.92383,65976.65625,259077.6875,0.482838124,0.479750067,0.296945006,1.308936119,4.510309219,4.409090996,7.333333492,3.0,25.490368,10.781986,55.467851,218.188066,35.971121,16.529331,19.441791,24.801398,25.237016,28.685834,23.192533,872.331244,250.941546,0.773427,97.685835,547.840941,5.965662,113.43955,84.188304,Arid,148058713.0,107430040.7,74575972.66,51388268.79,36614571.55,27014332.68,5134.779646,6678.766119,3793.339868,2798.786895,2174.930377,1764.629504,1.954816,368.501241,6.180017227,0.646025725,0.695034614,0.597016902,0.550235723,0.512365234,0.476722452,16220290.0,242.609831,Cropland,Vertisols,Metamorphics,15.8833,77.9572,Krishna,Andhra Pradesh,67180.0,66450.61719,1.085714216,2006,8,227,Monsoon
276.97,315.0321633700607,-38.06216337006066,38.06216337006066,INDOFLOODS-gauge-32,276.97,31.74530249,38.5419428,46.35751052,52.60111986,58.42785614,60.55634693,65.14513786,67.25723163,69.42706806,76.76605761,6,639711.4375,421990.8438,66450.61719,1525,424555.75,1498839.375,1.515936732,0.368663013,0.00359199,3.24e-11,0.371705264,2.712504387,0.000748579,0.00016425,1.651873589,1.506778359,0.426804543,875,1.69e-08,0.000102799,2.77e-12,0.250480592,875,194.0,44.0,6.0,2.0,5755048.0,2778756.5,1333108.625,395859.9375,518155.375,6577.197754,14323.4873,30297.92383,65976.65625,259077.6875,0.482838124,0.479750067,0.296945006,1.308936119,4.510309219,4.409090996,7.333333492,3.0,25.490368,10.781986,55.467851,218.188066,35.971121,16.529331,19.441791,24.801398,25.237016,28.685834,23.192533,872.331244,250.941546,0.773427,97.685835,547.840941,5.965662,113.43955,84.188304,Arid,148058713.0,107430040.7,74575972.66,51388268.79,36614571.55,27014332.68,5134.779646,6678.766119,3793.339868,2798.786895,2174.930377,1764.629504,1.954816,368.501241,6.180017227,0.646025725,0.695034614,0.597016902,0.550235723,0.512365234,0.476722452,16220290.0,242.609831,Cropland,Vertisols,Metamorphics,15.8833,77.9572,Krishna,Andhra Pradesh,67180.0,66450.61719,1.085714216,2007,6,174,Monsoon
491.18,453.1240690386608,38.05593096133924,38.05593096133924,INDOFLOODS-gauge-635,491.18,0.0,0.0,0.0,0.0,0.0,0.0,0.0,0.0,0.0,0.0,5,146478.4219,95281.04688,6916.848633,871,102859.7891,413458.3438,1.537330151,0.653757989,0.008467838,4.14e-10,0.508457422,1.529618025,0.000292653,0.000171563,1.412371159,1.424059153,0.354276121,91,1.75e-08,0.000101965,3e-12,0.149431586,91,21.0,6.0,2.0,1.0,667246.125,297716.4375,110971.1563,64964.47656,45778.89844,7332.375,14176.97363,18495.19336,32482.23828,45778.89844,0.446186841,0.372741103,0.585417688,0.704675853,4.333333492,3.5,3.0,2.0,24.697116,13.489069,51.997748,312.343017,37.21263,11.273022,25.939608,24.69549,22.683453,28.783872,20.832747,977.227105,310.872203,0.283622,120.732693,708.380507,4.309689,163.994694,10.433103,Arid,492278343.5,355511052.1,242275839.3,163117788.6,138522526.6,95598537.28,7055.1577,9176.586,5155.1304,3743.8674,3565.661,2801.1133,5.421074,543.5,20.48071097,0.72103643,0.7757358,0.6663372,0.6141242,0.5718565,0.53207517,3569752.0,515.95891,Cropland,Vertisols,Basic volcanic rocks,19.8783,74.4819,Godavari,Maharashtra,6840.0,6916.848633,1.123518026,2020,1,24,Winter
276.98,315.0321633700607,-38.05216337006067,38.05216337006067,INDOFLOODS-gauge-32,276.98,19.52533857,27.17668671,34.83798789,42.9707572,58.67336256,68.92205759,75.30907317,84.12849233,104.8512717,110.9351044,6,639711.4375,421990.8438,66450.61719,1525,424555.75,1498839.375,1.515936732,0.368663013,0.00359199,3.24e-11,0.371705264,2.712504387,0.000748579,0.00016425,1.651873589,1.506778359,0.426804543,875,1.69e-08,0.000102799,2.77e-12,0.250480592,875,194.0,44.0,6.0,2.0,5755048.0,2778756.5,1333108.625,395859.9375,518155.375,6577.197754,14323.4873,30297.92383,65976.65625,259077.6875,0.482838124,0.479750067,0.296945006,1.308936119,4.510309219,4.409090996,7.333333492,3.0,25.490368,10.781986,55.467851,218.188066,35.971121,16.529331,19.441791,24.801398,25.237016,28.685834,23.192533,872.331244,250.941546,0.773427,97.685835,547.840941,5.965662,113.43955,84.188304,Arid,148058713.0,107430040.7,74575972.66,51388268.79,36614571.55,27014332.68,5134.779646,6678.766119,3793.339868,2798.786895,2174.930377,1764.629504,1.954816,368.501241,6.180017227,0.646025725,0.695034614,0.597016902,0.550235723,0.512365234,0.476722452,16220290.0,242.609831,Cropland,Vertisols,Metamorphics,15.8833,77.9572,Krishna,Andhra Pradesh,67180.0,66450.61719,1.085714216,1998,10,288,Post-Monsoon
277.07,315.0321633700607,-37.96216337006069,37.96216337006069,INDOFLOODS-gauge-32,277.07,8.604511575,13.67197423,25.57823461,38.04916095,40.11184131,40.53053689,40.76559558,40.97710839,43.26721876,46.56976398,6,639711.4375,421990.8438,66450.61719,1525,424555.75,1498839.375,1.515936732,0.368663013,0.00359199,3.24e-11,0.371705264,2.712504387,0.000748579,0.00016425,1.651873589,1.506778359,0.426804543,875,1.69e-08,0.000102799,2.77e-12,0.250480592,875,194.0,44.0,6.0,2.0,5755048.0,2778756.5,1333108.625,395859.9375,518155.375,6577.197754,14323.4873,30297.92383,65976.65625,259077.6875,0.482838124,0.479750067,0.296945006,1.308936119,4.510309219,4.409090996,7.333333492,3.0,25.490368,10.781986,55.467851,218.188066,35.971121,16.529331,19.441791,24.801398,25.237016,28.685834,23.192533,872.331244,250.941546,0.773427,97.685835,547.840941,5.965662,113.43955,84.188304,Arid,148058713.0,107430040.7,74575972.66,51388268.79,36614571.55,27014332.68,5134.779646,6678.766119,3793.339868,2798.786895,2174.930377,1764.629504,1.954816,368.501241,6.180017227,0.646025725,0.695034614,0.597016902,0.550235723,0.512365234,0.476722452,16220290.0,242.609831,Cropland,Vertisols,Metamorphics,15.8833,77.9572,Krishna,Andhra Pradesh,67180.0,66450.61719,1.085714216,1980,8,228,Monsoon
277.1,315.0321633700607,-37.93216337006066,37.93216337006066,INDOFLOODS-gauge-32,277.1,14.58874013,33.62103611,46.63840421,64.33529947,86.96338295,94.00203271,106.0979104,111.6821849,123.2752509,149.0274205,6,639711.4375,421990.8438,66450.61719,1525,424555.75,1498839.375,1.515936732,0.368663013,0.00359199,3.24e-11,0.371705264,2.712504387,0.000748579,0.00016425,1.651873589,1.506778359,0.426804543,875,1.69e-08,0.000102799,2.77e-12,0.250480592,875,194.0,44.0,6.0,2.0,5755048.0,2778756.5,1333108.625,395859.9375,518155.375,6577.197754,14323.4873,30297.92383,65976.65625,259077.6875,0.482838124,0.479750067,0.296945006,1.308936119,4.510309219,4.409090996,7.333333492,3.0,25.490368,10.781986,55.467851,218.188066,35.971121,16.529331,19.441791,24.801398,25.237016,28.685834,23.192533,872.331244,250.941546,0.773427,97.685835,547.840941,5.965662,113.43955,84.188304,Arid,148058713.0,107430040.7,74575972.66,51388268.79,36614571.55,27014332.68,5134.779646,6678.766119,3793.339868,2798.786895,2174.930377,1764.629504,1.954816,368.501241,6.180017227,0.646025725,0.695034614,0.597016902,0.550235723,0.512365234,0.476722452,16220290.0,242.609831,Cropland,Vertisols,Metamorphics,15.8833,77.9572,Krishna,Andhra Pradesh,67180.0,66450.61719,1.085714216,1968,10,276,Post-Monsoon
277.13,315.0321633700607,-37.90216337006069,37.90216337006069,INDOFLOODS-gauge-32,277.13,11.59306596,37.34523562,62.82681239,86.05081603,108.0441835,112.78536509999998,114.4365682,115.9284938,117.0917025,118.9374945,6,639711.4375,421990.8438,66450.61719,1525,424555.75,1498839.375,1.515936732,0.368663013,0.00359199,3.24e-11,0.371705264,2.712504387,0.000748579,0.00016425,1.651873589,1.506778359,0.426804543,875,1.69e-08,0.000102799,2.77e-12,0.250480592,875,194.0,44.0,6.0,2.0,5755048.0,2778756.5,1333108.625,395859.9375,518155.375,6577.197754,14323.4873,30297.92383,65976.65625,259077.6875,0.482838124,0.479750067,0.296945006,1.308936119,4.510309219,4.409090996,7.333333492,3.0,25.490368,10.781986,55.467851,218.188066,35.971121,16.529331,19.441791,24.801398,25.237016,28.685834,23.192533,872.331244,250.941546,0.773427,97.685835,547.840941,5.965662,113.43955,84.188304,Arid,148058713.0,107430040.7,74575972.66,51388268.79,36614571.55,27014332.68,5134.779646,6678.766119,3793.339868,2798.786895,2174.930377,1764.629504,1.954816,368.501241,6.180017227,0.646025725,0.695034614,0.597016902,0.550235723,0.512365234,0.476722452,16220290.0,242.609831,Cropland,Vertisols,Metamorphics,15.8833,77.9572,Krishna,Andhra Pradesh,67180.0,66450.61719,1.085714216,1968,9,268,Monsoon
277.29,315.0321633700607,-37.742163370060666,37.742163370060666,INDOFLOODS-gauge-32,277.29,15.62985268,52.49750617,66.47962885,77.87344115,82.24214453,85.27809449,86.97046779,89.36764649,93.71735927,103.7625911,6,639711.4375,421990.8438,66450.61719,1525,424555.75,1498839.375,1.515936732,0.368663013,0.00359199,3.24e-11,0.371705264,2.712504387,0.000748579,0.00016425,1.651873589,1.506778359,0.426804543,875,1.69e-08,0.000102799,2.77e-12,0.250480592,875,194.0,44.0,6.0,2.0,5755048.0,2778756.5,1333108.625,395859.9375,518155.375,6577.197754,14323.4873,30297.92383,65976.65625,259077.6875,0.482838124,0.479750067,0.296945006,1.308936119,4.510309219,4.409090996,7.333333492,3.0,25.490368,10.781986,55.467851,218.188066,35.971121,16.529331,19.441791,24.801398,25.237016,28.685834,23.192533,872.331244,250.941546,0.773427,97.685835,547.840941,5.965662,113.43955,84.188304,Arid,148058713.0,107430040.7,74575972.66,51388268.79,36614571.55,27014332.68,5134.779646,6678.766119,3793.339868,2798.786895,2174.930377,1764.629504,1.954816,368.501241,6.180017227,0.646025725,0.695034614,0.597016902,0.550235723,0.512365234,0.476722452,16220290.0,242.609831,Cropland,Vertisols,Metamorphics,15.8833,77.9572,Krishna,Andhra Pradesh,67180.0,66450.61719,1.085714216,1974,9,271,Monsoon
277.3,315.0321633700607,-37.73216337006068,37.73216337006068,INDOFLOODS-gauge-32,277.3,8.123878547999999,40.91914595,49.54826152,63.28976957,84.00773443,100.6739191,105.4801053,124.3395334,135.2053308,138.1830707,6,639711.4375,421990.8438,66450.61719,1525,424555.75,1498839.375,1.515936732,0.368663013,0.00359199,3.24e-11,0.371705264,2.712504387,0.000748579,0.00016425,1.651873589,1.506778359,0.426804543,875,1.69e-08,0.000102799,2.77e-12,0.250480592,875,194.0,44.0,6.0,2.0,5755048.0,2778756.5,1333108.625,395859.9375,518155.375,6577.197754,14323.4873,30297.92383,65976.65625,259077.6875,0.482838124,0.479750067,0.296945006,1.308936119,4.510309219,4.409090996,7.333333492,3.0,25.490368,10.781986,55.467851,218.188066,35.971121,16.529331,19.441791,24.801398,25.237016,28.685834,23.192533,872.331244,250.941546,0.773427,97.685835,547.840941,5.965662,113.43955,84.188304,Arid,148058713.0,107430040.7,74575972.66,51388268.79,36614571.55,27014332.68,5134.779646,6678.766119,3793.339868,2798.786895,2174.930377,1764.629504,1.954816,368.501241,6.180017227,0.646025725,0.695034614,0.597016902,0.550235723,0.512365234,0.476722452,16220290.0,242.609831,Cropland,Vertisols,Metamorphics,15.8833,77.9572,Krishna,Andhra Pradesh,67180.0,66450.61719,1.085714216,1966,9,268,Monsoon
277.31,315.0321633700607,-37.72216337006069,37.72216337006069,INDOFLOODS-gauge-32,277.31,7.547219735,20.32745042,32.0087189,56.15451863,79.3060959,96.05458302,111.19983870000002,118.1539673,122.3715722,129.2932509,6,639711.4375,421990.8438,66450.61719,1525,424555.75,1498839.375,1.515936732,0.368663013,0.00359199,3.24e-11,0.371705264,2.712504387,0.000748579,0.00016425,1.651873589,1.506778359,0.426804543,875,1.69e-08,0.000102799,2.77e-12,0.250480592,875,194.0,44.0,6.0,2.0,5755048.0,2778756.5,1333108.625,395859.9375,518155.375,6577.197754,14323.4873,30297.92383,65976.65625,259077.6875,0.482838124,0.479750067,0.296945006,1.308936119,4.510309219,4.409090996,7.333333492,3.0,25.490368,10.781986,55.467851,218.188066,35.971121,16.529331,19.441791,24.801398,25.237016,28.685834,23.192533,872.331244,250.941546,0.773427,97.685835,547.840941,5.965662,113.43955,84.188304,Arid,148058713.0,107430040.7,74575972.66,51388268.79,36614571.55,27014332.68,5134.779646,6678.766119,3793.339868,2798.786895,2174.930377,1764.629504,1.954816,368.501241,6.180017227,0.646025725,0.695034614,0.597016902,0.550235723,0.512365234,0.476722452,16220290.0,242.609831,Cropland,Vertisols,Metamorphics,15.8833,77.9572,Krishna,Andhra Pradesh,67180.0,66450.61719,1.085714216,2008,8,228,Monsoon
277.36,315.0321633700607,-37.67216337006067,37.67216337006067,INDOFLOODS-gauge-32,277.36,17.69689526,40.32497874,47.3636285,59.45950615,65.04378068,76.63684664,102.3890163,127.8705931,151.09459669999995,173.0879642,6,639711.4375,421990.8438,66450.61719,1525,424555.75,1498839.375,1.515936732,0.368663013,0.00359199,3.24e-11,0.371705264,2.712504387,0.000748579,0.00016425,1.651873589,1.506778359,0.426804543,875,1.69e-08,0.000102799,2.77e-12,0.250480592,875,194.0,44.0,6.0,2.0,5755048.0,2778756.5,1333108.625,395859.9375,518155.375,6577.197754,14323.4873,30297.92383,65976.65625,259077.6875,0.482838124,0.479750067,0.296945006,1.308936119,4.510309219,4.409090996,7.333333492,3.0,25.490368,10.781986,55.467851,218.188066,35.971121,16.529331,19.441791,24.801398,25.237016,28.685834,23.192533,872.331244,250.941546,0.773427,97.685835,547.840941,5.965662,113.43955,84.188304,Arid,148058713.0,107430040.7,74575972.66,51388268.79,36614571.55,27014332.68,5134.779646,6678.766119,3793.339868,2798.786895,2174.930377,1764.629504,1.954816,368.501241,6.180017227,0.646025725,0.695034614,0.597016902,0.550235723,0.512365234,0.476722452,16220290.0,242.609831,Cropland,Vertisols,Metamorphics,15.8833,77.9572,Krishna,Andhra Pradesh,67180.0,66450.61719,1.085714216,1968,9,273,Monsoon
277.52,315.0321633700607,-37.51216337006071,37.51216337006071,INDOFLOODS-gauge-32,277.52,35.9614852,58.30480895,61.00251907,68.16022434,82.35254922,91.27290694,95.49723017,103.9062888,129.0599967,130.6050638,6,639711.4375,421990.8438,66450.61719,1525,424555.75,1498839.375,1.515936732,0.368663013,0.00359199,3.24e-11,0.371705264,2.712504387,0.000748579,0.00016425,1.651873589,1.506778359,0.426804543,875,1.69e-08,0.000102799,2.77e-12,0.250480592,875,194.0,44.0,6.0,2.0,5755048.0,2778756.5,1333108.625,395859.9375,518155.375,6577.197754,14323.4873,30297.92383,65976.65625,259077.6875,0.482838124,0.479750067,0.296945006,1.308936119,4.510309219,4.409090996,7.333333492,3.0,25.490368,10.781986,55.467851,218.188066,35.971121,16.529331,19.441791,24.801398,25.237016,28.685834,23.192533,872.331244,250.941546,0.773427,97.685835,547.840941,5.965662,113.43955,84.188304,Arid,148058713.0,107430040.7,74575972.66,51388268.79,36614571.55,27014332.68,5134.779646,6678.766119,3793.339868,2798.786895,2174.930377,1764.629504,1.954816,368.501241,6.180017227,0.646025725,0.695034614,0.597016902,0.550235723,0.512365234,0.476722452,16220290.0,242.609831,Cropland,Vertisols,Metamorphics,15.8833,77.9572,Krishna,Andhra Pradesh,67180.0,66450.61719,1.085714216,1996,10,277,Post-Monsoon
277.71,315.0321633700607,-37.32216337006071,37.32216337006071,INDOFLOODS-gauge-32,277.71,10.24013546,22.62098646,39.46165655,59.5542338,70.21286485,73.26847056,76.75463146,82.14462042,86.18192686,89.49076995,6,639711.4375,421990.8438,66450.61719,1525,424555.75,1498839.375,1.515936732,0.368663013,0.00359199,3.24e-11,0.371705264,2.712504387,0.000748579,0.00016425,1.651873589,1.506778359,0.426804543,875,1.69e-08,0.000102799,2.77e-12,0.250480592,875,194.0,44.0,6.0,2.0,5755048.0,2778756.5,1333108.625,395859.9375,518155.375,6577.197754,14323.4873,30297.92383,65976.65625,259077.6875,0.482838124,0.479750067,0.296945006,1.308936119,4.510309219,4.409090996,7.333333492,3.0,25.490368,10.781986,55.467851,218.188066,35.971121,16.529331,19.441791,24.801398,25.237016,28.685834,23.192533,872.331244,250.941546,0.773427,97.685835,547.840941,5.965662,113.43955,84.188304,Arid,148058713.0,107430040.7,74575972.66,51388268.79,36614571.55,27014332.68,5134.779646,6678.766119,3793.339868,2798.786895,2174.930377,1764.629504,1.954816,368.501241,6.180017227,0.646025725,0.695034614,0.597016902,0.550235723,0.512365234,0.476722452,16220290.0,242.609831,Cropland,Vertisols,Metamorphics,15.8833,77.9572,Krishna,Andhra Pradesh,67180.0,66450.61719,1.085714216,1965,8,214,Monsoon
277.83,315.0321633700607,-37.2021633700607,37.2021633700607,INDOFLOODS-gauge-32,277.83,23.33227029,54.57495156,57.22797959,57.53257047,58.49204627,61.54779383,65.4287829,69.25161062,70.29814040000001,73.52483384,6,639711.4375,421990.8438,66450.61719,1525,424555.75,1498839.375,1.515936732,0.368663013,0.00359199,3.24e-11,0.371705264,2.712504387,0.000748579,0.00016425,1.651873589,1.506778359,0.426804543,875,1.69e-08,0.000102799,2.77e-12,0.250480592,875,194.0,44.0,6.0,2.0,5755048.0,2778756.5,1333108.625,395859.9375,518155.375,6577.197754,14323.4873,30297.92383,65976.65625,259077.6875,0.482838124,0.479750067,0.296945006,1.308936119,4.510309219,4.409090996,7.333333492,3.0,25.490368,10.781986,55.467851,218.188066,35.971121,16.529331,19.441791,24.801398,25.237016,28.685834,23.192533,872.331244,250.941546,0.773427,97.685835,547.840941,5.965662,113.43955,84.188304,Arid,148058713.0,107430040.7,74575972.66,51388268.79,36614571.55,27014332.68,5134.779646,6678.766119,3793.339868,2798.786895,2174.930377,1764.629504,1.954816,368.501241,6.180017227,0.646025725,0.695034614,0.597016902,0.550235723,0.512365234,0.476722452,16220290.0,242.609831,Cropland,Vertisols,Metamorphics,15.8833,77.9572,Krishna,Andhra Pradesh,67180.0,66450.61719,1.085714216,1975,10,292,Post-Monsoon
277.84,315.0321633700607,-37.19216337006071,37.19216337006071,INDOFLOODS-gauge-32,277.84,11.30214965,28.67106361,49.30266165,61.07708578,67.39770365,87.91058887,101.9632546,109.6714893,122.1339905,135.3880696,6,639711.4375,421990.8438,66450.61719,1525,424555.75,1498839.375,1.515936732,0.368663013,0.00359199,3.24e-11,0.371705264,2.712504387,0.000748579,0.00016425,1.651873589,1.506778359,0.426804543,875,1.69e-08,0.000102799,2.77e-12,0.250480592,875,194.0,44.0,6.0,2.0,5755048.0,2778756.5,1333108.625,395859.9375,518155.375,6577.197754,14323.4873,30297.92383,65976.65625,259077.6875,0.482838124,0.479750067,0.296945006,1.308936119,4.510309219,4.409090996,7.333333492,3.0,25.490368,10.781986,55.467851,218.188066,35.971121,16.529331,19.441791,24.801398,25.237016,28.685834,23.192533,872.331244,250.941546,0.773427,97.685835,547.840941,5.965662,113.43955,84.188304,Arid,148058713.0,107430040.7,74575972.66,51388268.79,36614571.55,27014332.68,5134.779646,6678.766119,3793.339868,2798.786895,2174.930377,1764.629504,1.954816,368.501241,6.180017227,0.646025725,0.695034614,0.597016902,0.550235723,0.512365234,0.476722452,16220290.0,242.609831,Cropland,Vertisols,Metamorphics,15.8833,77.9572,Krishna,Andhra Pradesh,67180.0,66450.61719,1.085714216,2007,8,220,Monsoon
277.88,315.0321633700607,-37.15216337006069,37.15216337006069,INDOFLOODS-gauge-32,277.88,31.68722305,59.85279794,67.69938258,83.08914004,111.7700255,126.756977,160.9194229,189.6494897,201.6964867,203.3270916,6,639711.4375,421990.8438,66450.61719,1525,424555.75,1498839.375,1.515936732,0.368663013,0.00359199,3.24e-11,0.371705264,2.712504387,0.000748579,0.00016425,1.651873589,1.506778359,0.426804543,875,1.69e-08,0.000102799,2.77e-12,0.250480592,875,194.0,44.0,6.0,2.0,5755048.0,2778756.5,1333108.625,395859.9375,518155.375,6577.197754,14323.4873,30297.92383,65976.65625,259077.6875,0.482838124,0.479750067,0.296945006,1.308936119,4.510309219,4.409090996,7.333333492,3.0,25.490368,10.781986,55.467851,218.188066,35.971121,16.529331,19.441791,24.801398,25.237016,28.685834,23.192533,872.331244,250.941546,0.773427,97.685835,547.840941,5.965662,113.43955,84.188304,Arid,148058713.0,107430040.7,74575972.66,51388268.79,36614571.55,27014332.68,5134.779646,6678.766119,3793.339868,2798.786895,2174.930377,1764.629504,1.954816,368.501241,6.180017227,0.646025725,0.695034614,0.597016902,0.550235723,0.512365234,0.476722452,16220290.0,242.609831,Cropland,Vertisols,Metamorphics,15.8833,77.9572,Krishna,Andhra Pradesh,67180.0,66450.61719,1.085714216,1970,9,264,Monsoon
278.01,315.0321633700607,-37.022163370060696,37.022163370060696,INDOFLOODS-gauge-32,278.01,4.761373735,12.29473459,26.0720964,46.36063847,65.52701702,84.88485913,105.4588918,113.1903804,117.9400895,120.1164654,6,639711.4375,421990.8438,66450.61719,1525,424555.75,1498839.375,1.515936732,0.368663013,0.00359199,3.24e-11,0.371705264,2.712504387,0.000748579,0.00016425,1.651873589,1.506778359,0.426804543,875,1.69e-08,0.000102799,2.77e-12,0.250480592,875,194.0,44.0,6.0,2.0,5755048.0,2778756.5,1333108.625,395859.9375,518155.375,6577.197754,14323.4873,30297.92383,65976.65625,259077.6875,0.482838124,0.479750067,0.296945006,1.308936119,4.510309219,4.409090996,7.333333492,3.0,25.490368,10.781986,55.467851,218.188066,35.971121,16.529331,19.441791,24.801398,25.237016,28.685834,23.192533,872.331244,250.941546,0.773427,97.685835,547.840941,5.965662,113.43955,84.188304,Arid,148058713.0,107430040.7,74575972.66,51388268.79,36614571.55,27014332.68,5134.779646,6678.766119,3793.339868,2798.786895,2174.930377,1764.629504,1.954816,368.501241,6.180017227,0.646025725,0.695034614,0.597016902,0.550235723,0.512365234,0.476722452,16220290.0,242.609831,Cropland,Vertisols,Metamorphics,15.8833,77.9572,Krishna,Andhra Pradesh,67180.0,66450.61719,1.085714216,1994,7,199,Monsoon
278.08,315.0321633700607,-36.9521633700607,36.9521633700607,INDOFLOODS-gauge-32,278.08,10.76877263,32.50735107,50.6796401,59.7607081,70.87999671,83.19554047,99.29882602,117.91132759999998,147.4073221,168.28416330000005,6,639711.4375,421990.8438,66450.61719,1525,424555.75,1498839.375,1.515936732,0.368663013,0.00359199,3.24e-11,0.371705264,2.712504387,0.000748579,0.00016425,1.651873589,1.506778359,0.426804543,875,1.69e-08,0.000102799,2.77e-12,0.250480592,875,194.0,44.0,6.0,2.0,5755048.0,2778756.5,1333108.625,395859.9375,518155.375,6577.197754,14323.4873,30297.92383,65976.65625,259077.6875,0.482838124,0.479750067,0.296945006,1.308936119,4.510309219,4.409090996,7.333333492,3.0,25.490368,10.781986,55.467851,218.188066,35.971121,16.529331,19.441791,24.801398,25.237016,28.685834,23.192533,872.331244,250.941546,0.773427,97.685835,547.840941,5.965662,113.43955,84.188304,Arid,148058713.0,107430040.7,74575972.66,51388268.79,36614571.55,27014332.68,5134.779646,6678.766119,3793.339868,2798.786895,2174.930377,1764.629504,1.954816,368.501241,6.180017227,0.646025725,0.695034614,0.597016902,0.550235723,0.512365234,0.476722452,16220290.0,242.609831,Cropland,Vertisols,Metamorphics,15.8833,77.9572,Krishna,Andhra Pradesh,67180.0,66450.61719,1.085714216,1967,8,217,Monsoon
278.16,315.0321633700607,-36.87216337006066,36.87216337006066,INDOFLOODS-gauge-32,278.16,8.200612856000001,17.6294782,21.58333086,25.73966971,30.71225492,40.37814184,47.42735311,56.60326991,60.77894524,61.7591971,6,639711.4375,421990.8438,66450.61719,1525,424555.75,1498839.375,1.515936732,0.368663013,0.00359199,3.24e-11,0.371705264,2.712504387,0.000748579,0.00016425,1.651873589,1.506778359,0.426804543,875,1.69e-08,0.000102799,2.77e-12,0.250480592,875,194.0,44.0,6.0,2.0,5755048.0,2778756.5,1333108.625,395859.9375,518155.375,6577.197754,14323.4873,30297.92383,65976.65625,259077.6875,0.482838124,0.479750067,0.296945006,1.308936119,4.510309219,4.409090996,7.333333492,3.0,25.490368,10.781986,55.467851,218.188066,35.971121,16.529331,19.441791,24.801398,25.237016,28.685834,23.192533,872.331244,250.941546,0.773427,97.685835,547.840941,5.965662,113.43955,84.188304,Arid,148058713.0,107430040.7,74575972.66,51388268.79,36614571.55,27014332.68,5134.779646,6678.766119,3793.339868,2798.786895,2174.930377,1764.629504,1.954816,368.501241,6.180017227,0.646025725,0.695034614,0.597016902,0.550235723,0.512365234,0.476722452,16220290.0,242.609831,Cropland,Vertisols,Metamorphics,15.8833,77.9572,Krishna,Andhra Pradesh,67180.0,66450.61719,1.085714216,1978,9,271,Monsoon
278.34,315.0321633700607,-36.69216337006071,36.69216337006071,INDOFLOODS-gauge-32,278.34,30.38358059,41.68104446,42.45768983,45.22312431,50.347334,61.49699514,76.08573527,95.11803125,108.1353993,125.8322946,6,639711.4375,421990.8438,66450.61719,1525,424555.75,1498839.375,1.515936732,0.368663013,0.00359199,3.24e-11,0.371705264,2.712504387,0.000748579,0.00016425,1.651873589,1.506778359,0.426804543,875,1.69e-08,0.000102799,2.77e-12,0.250480592,875,194.0,44.0,6.0,2.0,5755048.0,2778756.5,1333108.625,395859.9375,518155.375,6577.197754,14323.4873,30297.92383,65976.65625,259077.6875,0.482838124,0.479750067,0.296945006,1.308936119,4.510309219,4.409090996,7.333333492,3.0,25.490368,10.781986,55.467851,218.188066,35.971121,16.529331,19.441791,24.801398,25.237016,28.685834,23.192533,872.331244,250.941546,0.773427,97.685835,547.840941,5.965662,113.43955,84.188304,Arid,148058713.0,107430040.7,74575972.66,51388268.79,36614571.55,27014332.68,5134.779646,6678.766119,3793.339868,2798.786895,2174.930377,1764.629504,1.954816,368.501241,6.180017227,0.646025725,0.695034614,0.597016902,0.550235723,0.512365234,0.476722452,16220290.0,242.609831,Cropland,Vertisols,Metamorphics,15.8833,77.9572,Krishna,Andhra Pradesh,67180.0,66450.61719,1.085714216,1968,10,282,Post-Monsoon
278.39,315.0321633700607,-36.6421633700607,36.6421633700607,INDOFLOODS-gauge-32,278.39,56.47099304,85.08041597,108.3919355,120.0606433,136.6998757,142.275974,146.74381680000005,156.3773494,159.7397447,170.91911230000005,6,639711.4375,421990.8438,66450.61719,1525,424555.75,1498839.375,1.515936732,0.368663013,0.00359199,3.24e-11,0.371705264,2.712504387,0.000748579,0.00016425,1.651873589,1.506778359,0.426804543,875,1.69e-08,0.000102799,2.77e-12,0.250480592,875,194.0,44.0,6.0,2.0,5755048.0,2778756.5,1333108.625,395859.9375,518155.375,6577.197754,14323.4873,30297.92383,65976.65625,259077.6875,0.482838124,0.479750067,0.296945006,1.308936119,4.510309219,4.409090996,7.333333492,3.0,25.490368,10.781986,55.467851,218.188066,35.971121,16.529331,19.441791,24.801398,25.237016,28.685834,23.192533,872.331244,250.941546,0.773427,97.685835,547.840941,5.965662,113.43955,84.188304,Arid,148058713.0,107430040.7,74575972.66,51388268.79,36614571.55,27014332.68,5134.779646,6678.766119,3793.339868,2798.786895,2174.930377,1764.629504,1.954816,368.501241,6.180017227,0.646025725,0.695034614,0.597016902,0.550235723,0.512365234,0.476722452,16220290.0,242.609831,Cropland,Vertisols,Metamorphics,15.8833,77.9572,Krishna,Andhra Pradesh,67180.0,66450.61719,1.085714216,2007,9,262,Monsoon
276.11,311.5875112847268,-35.477511284726745,35.477511284726745,INDOFLOODS-gauge-32,276.11,1.97080926,3.896060926,18.92553635,50.05450402,78.42857514,80.9925025,81.75208806,82.15381067,82.70076534,83.22449781,6,639711.4375,421990.8438,66450.61719,1525,424555.75,1498839.375,1.515936732,0.368663013,0.00359199,3.24e-11,0.371705264,2.712504387,0.000748579,0.00016425,1.651873589,1.506778359,0.426804543,875,1.69e-08,0.000102799,2.77e-12,0.250480592,875,194.0,44.0,6.0,2.0,5755048.0,2778756.5,1333108.625,395859.9375,518155.375,6577.197754,14323.4873,30297.92383,65976.65625,259077.6875,0.482838124,0.479750067,0.296945006,1.308936119,4.510309219,4.409090996,7.333333492,3.0,25.490368,10.781986,55.467851,218.188066,35.971121,16.529331,19.441791,24.801398,25.237016,28.685834,23.192533,872.331244,250.941546,0.773427,97.685835,547.840941,5.965662,113.43955,84.188304,Arid,148058713.0,107430040.7,74575972.66,51388268.79,36614571.55,27014332.68,5134.779646,6678.766119,3793.339868,2798.786895,2174.930377,1764.629504,1.954816,368.501241,6.180017227,0.646025725,0.695034614,0.597016902,0.550235723,0.512365234,0.476722452,16220290.0,242.609831,Cropland,Vertisols,Metamorphics,15.8833,77.9572,Krishna,Andhra Pradesh,67180.0,66450.61719,1.085714216,1965,8,226,Monsoon
276.12,311.5875112847268,-35.467511284726754,35.467511284726754,INDOFLOODS-gauge-32,276.12,3.822827725,4.869357502,8.096050938,14.88165999,21.35488788,25.60880036,27.87642933,29.06893825,29.42506958,29.76247926,6,639711.4375,421990.8438,66450.61719,1525,424555.75,1498839.375,1.515936732,0.368663013,0.00359199,3.24e-11,0.371705264,2.712504387,0.000748579,0.00016425,1.651873589,1.506778359,0.426804543,875,1.69e-08,0.000102799,2.77e-12,0.250480592,875,194.0,44.0,6.0,2.0,5755048.0,2778756.5,1333108.625,395859.9375,518155.375,6577.197754,14323.4873,30297.92383,65976.65625,259077.6875,0.482838124,0.479750067,0.296945006,1.308936119,4.510309219,4.409090996,7.333333492,3.0,25.490368,10.781986,55.467851,218.188066,35.971121,16.529331,19.441791,24.801398,25.237016,28.685834,23.192533,872.331244,250.941546,0.773427,97.685835,547.840941,5.965662,113.43955,84.188304,Arid,148058713.0,107430040.7,74575972.66,51388268.79,36614571.55,27014332.68,5134.779646,6678.766119,3793.339868,2798.786895,2174.930377,1764.629504,1.954816,368.501241,6.180017227,0.646025725,0.695034614,0.597016902,0.550235723,0.512365234,0.476722452,16220290.0,242.609831,Cropland,Vertisols,Metamorphics,15.8833,77.9572,Krishna,Andhra Pradesh,67180.0,66450.61719,1.085714216,1975,10,285,Post-Monsoon
276.21,311.5875112847268,-35.37751128472678,35.37751128472678,INDOFLOODS-gauge-32,276.21,4.391113404,7.146947326,15.50019844,20.67245284,25.54203311,29.9502436,33.62035995,37.69480869,43.41662584,47.98334794,6,639711.4375,421990.8438,66450.61719,1525,424555.75,1498839.375,1.515936732,0.368663013,0.00359199,3.24e-11,0.371705264,2.712504387,0.000748579,0.00016425,1.651873589,1.506778359,0.426804543,875,1.69e-08,0.000102799,2.77e-12,0.250480592,875,194.0,44.0,6.0,2.0,5755048.0,2778756.5,1333108.625,395859.9375,518155.375,6577.197754,14323.4873,30297.92383,65976.65625,259077.6875,0.482838124,0.479750067,0.296945006,1.308936119,4.510309219,4.409090996,7.333333492,3.0,25.490368,10.781986,55.467851,218.188066,35.971121,16.529331,19.441791,24.801398,25.237016,28.685834,23.192533,872.331244,250.941546,0.773427,97.685835,547.840941,5.965662,113.43955,84.188304,Arid,148058713.0,107430040.7,74575972.66,51388268.79,36614571.55,27014332.68,5134.779646,6678.766119,3793.339868,2798.786895,2174.930377,1764.629504,1.954816,368.501241,6.180017227,0.646025725,0.695034614,0.597016902,0.550235723,0.512365234,0.476722452,16220290.0,242.609831,Cropland,Vertisols,Metamorphics,15.8833,77.9572,Krishna,Andhra Pradesh,67180.0,66450.61719,1.085714216,1968,8,228,Monsoon
276.3,311.5875112847268,-35.28751128472675,35.28751128472675,INDOFLOODS-gauge-32,276.3,3.854201568,7.006511145,12.95270865,20.53657628,30.84892199,41.41381613,47.93468118,52.82960165,57.09631319,64.27878188,6,639711.4375,421990.8438,66450.61719,1525,424555.75,1498839.375,1.515936732,0.368663013,0.00359199,3.24e-11,0.371705264,2.712504387,0.000748579,0.00016425,1.651873589,1.506778359,0.426804543,875,1.69e-08,0.000102799,2.77e-12,0.250480592,875,194.0,44.0,6.0,2.0,5755048.0,2778756.5,1333108.625,395859.9375,518155.375,6577.197754,14323.4873,30297.92383,65976.65625,259077.6875,0.482838124,0.479750067,0.296945006,1.308936119,4.510309219,4.409090996,7.333333492,3.0,25.490368,10.781986,55.467851,218.188066,35.971121,16.529331,19.441791,24.801398,25.237016,28.685834,23.192533,872.331244,250.941546,0.773427,97.685835,547.840941,5.965662,113.43955,84.188304,Arid,148058713.0,107430040.7,74575972.66,51388268.79,36614571.55,27014332.68,5134.779646,6678.766119,3793.339868,2798.786895,2174.930377,1764.629504,1.954816,368.501241,6.180017227,0.646025725,0.695034614,0.597016902,0.550235723,0.512365234,0.476722452,16220290.0,242.609831,Cropland,Vertisols,Metamorphics,15.8833,77.9572,Krishna,Andhra Pradesh,67180.0,66450.61719,1.085714216,1975,8,230,Monsoon
276.44,311.5875112847268,-35.14751128472676,35.14751128472676,INDOFLOODS-gauge-32,276.44,1.5389855,7.321843817,26.66788669,40.53933902,50.02416249,64.1524907,84.11032527,101.9731035,120.7602841,126.143205,6,639711.4375,421990.8438,66450.61719,1525,424555.75,1498839.375,1.515936732,0.368663013,0.00359199,3.24e-11,0.371705264,2.712504387,0.000748579,0.00016425,1.651873589,1.506778359,0.426804543,875,1.69e-08,0.000102799,2.77e-12,0.250480592,875,194.0,44.0,6.0,2.0,5755048.0,2778756.5,1333108.625,395859.9375,518155.375,6577.197754,14323.4873,30297.92383,65976.65625,259077.6875,0.482838124,0.479750067,0.296945006,1.308936119,4.510309219,4.409090996,7.333333492,3.0,25.490368,10.781986,55.467851,218.188066,35.971121,16.529331,19.441791,24.801398,25.237016,28.685834,23.192533,872.331244,250.941546,0.773427,97.685835,547.840941,5.965662,113.43955,84.188304,Arid,148058713.0,107430040.7,74575972.66,51388268.79,36614571.55,27014332.68,5134.779646,6678.766119,3793.339868,2798.786895,2174.930377,1764.629504,1.954816,368.501241,6.180017227,0.646025725,0.695034614,0.597016902,0.550235723,0.512365234,0.476722452,16220290.0,242.609831,Cropland,Vertisols,Metamorphics,15.8833,77.9572,Krishna,Andhra Pradesh,67180.0,66450.61719,1.085714216,1970,8,237,Monsoon
276.56,311.5875112847268,-35.02751128472676,35.02751128472676,INDOFLOODS-gauge-32,276.56,1.7999764109999998,5.580273075,12.65058371,19.91416426,26.5665903,30.820622,36.50345395,44.67722821,57.29891101,61.96823091,6,639711.4375,421990.8438,66450.61719,1525,424555.75,1498839.375,1.515936732,0.368663013,0.00359199,3.24e-11,0.371705264,2.712504387,0.000748579,0.00016425,1.651873589,1.506778359,0.426804543,875,1.69e-08,0.000102799,2.77e-12,0.250480592,875,194.0,44.0,6.0,2.0,5755048.0,2778756.5,1333108.625,395859.9375,518155.375,6577.197754,14323.4873,30297.92383,65976.65625,259077.6875,0.482838124,0.479750067,0.296945006,1.308936119,4.510309219,4.409090996,7.333333492,3.0,25.490368,10.781986,55.467851,218.188066,35.971121,16.529331,19.441791,24.801398,25.237016,28.685834,23.192533,872.331244,250.941546,0.773427,97.685835,547.840941,5.965662,113.43955,84.188304,Arid,148058713.0,107430040.7,74575972.66,51388268.79,36614571.55,27014332.68,5134.779646,6678.766119,3793.339868,2798.786895,2174.930377,1764.629504,1.954816,368.501241,6.180017227,0.646025725,0.695034614,0.597016902,0.550235723,0.512365234,0.476722452,16220290.0,242.609831,Cropland,Vertisols,Metamorphics,15.8833,77.9572,Krishna,Andhra Pradesh,67180.0,66450.61719,1.085714216,2006,8,232,Monsoon
276.59,311.5875112847268,-34.997511284726784,34.997511284726784,INDOFLOODS-gauge-32,276.59,1.6767147080000002,2.461281371,4.212365903,10.52344991,23.46554866,37.3758303,54.10906661,80.42786329,114.04066740000002,141.14749880000005,6,639711.4375,421990.8438,66450.61719,1525,424555.75,1498839.375,1.515936732,0.368663013,0.00359199,3.24e-11,0.371705264,2.712504387,0.000748579,0.00016425,1.651873589,1.506778359,0.426804543,875,1.69e-08,0.000102799,2.77e-12,0.250480592,875,194.0,44.0,6.0,2.0,5755048.0,2778756.5,1333108.625,395859.9375,518155.375,6577.197754,14323.4873,30297.92383,65976.65625,259077.6875,0.482838124,0.479750067,0.296945006,1.308936119,4.510309219,4.409090996,7.333333492,3.0,25.490368,10.781986,55.467851,218.188066,35.971121,16.529331,19.441791,24.801398,25.237016,28.685834,23.192533,872.331244,250.941546,0.773427,97.685835,547.840941,5.965662,113.43955,84.188304,Arid,148058713.0,107430040.7,74575972.66,51388268.79,36614571.55,27014332.68,5134.779646,6678.766119,3793.339868,2798.786895,2174.930377,1764.629504,1.954816,368.501241,6.180017227,0.646025725,0.695034614,0.597016902,0.550235723,0.512365234,0.476722452,16220290.0,242.609831,Cropland,Vertisols,Metamorphics,15.8833,77.9572,Krishna,Andhra Pradesh,67180.0,66450.61719,1.085714216,1982,8,219,Monsoon
280.44,315.0321633700607,-34.59216337006069,34.59216337006069,INDOFLOODS-gauge-32,280.44,11.81657251,37.3462845,65.85576295,81.37379607,82.23545117,82.41369061,82.54957585,82.57125711,82.58979044,84.79019866,6,639711.4375,421990.8438,66450.61719,1525,424555.75,1498839.375,1.515936732,0.368663013,0.00359199,3.24e-11,0.371705264,2.712504387,0.000748579,0.00016425,1.651873589,1.506778359,0.426804543,875,1.69e-08,0.000102799,2.77e-12,0.250480592,875,194.0,44.0,6.0,2.0,5755048.0,2778756.5,1333108.625,395859.9375,518155.375,6577.197754,14323.4873,30297.92383,65976.65625,259077.6875,0.482838124,0.479750067,0.296945006,1.308936119,4.510309219,4.409090996,7.333333492,3.0,25.490368,10.781986,55.467851,218.188066,35.971121,16.529331,19.441791,24.801398,25.237016,28.685834,23.192533,872.331244,250.941546,0.773427,97.685835,547.840941,5.965662,113.43955,84.188304,Arid,148058713.0,107430040.7,74575972.66,51388268.79,36614571.55,27014332.68,5134.779646,6678.766119,3793.339868,2798.786895,2174.930377,1764.629504,1.954816,368.501241,6.180017227,0.646025725,0.695034614,0.597016902,0.550235723,0.512365234,0.476722452,16220290.0,242.609831,Cropland,Vertisols,Metamorphics,15.8833,77.9572,Krishna,Andhra Pradesh,67180.0,66450.61719,1.085714216,1992,11,324,Post-Monsoon
322.51,357.0718533461313,-34.56185334613133,34.56185334613133,INDOFLOODS-gauge-526,322.51,65.26175094,104.672855,122.7195751,126.8030113,131.0176402,140.73585559999998,180.942974,208.0055637,226.0486344,237.679326,6,472637.1563,255888.5313,25984.77539,791,285735.7813,1144848.375,1.847043157,0.318265617,0.002768292,7.7e-11,0.24913393,3.142029762,0.000382583,0.000160936,2.0177145,1.654105544,0.412838221,343,1.69e-08,0.000104737,2.71e-12,0.127300754,343,69.0,18.0,5.0,2.0,1991387.5,1038619.688,529238.8125,274154.5938,302551.9063,5805.794434,15052.45898,29402.15625,54830.91797,151275.9531,0.521555781,0.509559751,0.518016815,1.103581429,4.9710145,3.833333254,3.599999905,2.5,24.551002,12.999871,41.115241,514.322788,40.824335,9.209207,31.615128,25.784083,22.457422,31.199476,18.126943,1286.5322,412.283941,5.018142,141.789426,1032.383962,31.134045,144.708767,35.433957,Temperate,70430466.68,50700348.63,35067131.01,27369228.36,26515597.7,23339661.78,2990.2112,3889.343,2227.44,1882.7871,1810.0876,1581.1671,1.637423,327.498498,6.41918425,0.476251677,0.512381166,0.440122266,0.405635058,0.377716855,0.351440913,5099614.0,195.979946,No dominant class,Vertisols,Basic volcanic rocks,23.0308,79.0156,Narmada,Madhya Pradesh,26453.0,25984.77539,1.77002461,2019,8,227,Monsoon
277.1,311.5875112847268,-34.487511284726736,34.487511284726736,INDOFLOODS-gauge-32,277.1,1.139613634,3.741318566,8.117700229,15.01276459,23.29548509,27.68659849,30.44243241,38.79568353,43.96793793,48.83751820000001,6,639711.4375,421990.8438,66450.61719,1525,424555.75,1498839.375,1.515936732,0.368663013,0.00359199,3.24e-11,0.371705264,2.712504387,0.000748579,0.00016425,1.651873589,1.506778359,0.426804543,875,1.69e-08,0.000102799,2.77e-12,0.250480592,875,194.0,44.0,6.0,2.0,5755048.0,2778756.5,1333108.625,395859.9375,518155.375,6577.197754,14323.4873,30297.92383,65976.65625,259077.6875,0.482838124,0.479750067,0.296945006,1.308936119,4.510309219,4.409090996,7.333333492,3.0,25.490368,10.781986,55.467851,218.188066,35.971121,16.529331,19.441791,24.801398,25.237016,28.685834,23.192533,872.331244,250.941546,0.773427,97.685835,547.840941,5.965662,113.43955,84.188304,Arid,148058713.0,107430040.7,74575972.66,51388268.79,36614571.55,27014332.68,5134.779646,6678.766119,3793.339868,2798.786895,2174.930377,1764.629504,1.954816,368.501241,6.180017227,0.646025725,0.695034614,0.597016902,0.550235723,0.512365234,0.476722452,16220290.0,242.609831,Cropland,Vertisols,Metamorphics,15.8833,77.9572,Krishna,Andhra Pradesh,67180.0,66450.61719,1.085714216,1968,8,233,Monsoon
277.75,311.5875112847268,-33.83751128472676,33.83751128472676,INDOFLOODS-gauge-32,277.75,4.037306438,7.346149528,11.3847262,19.98313227,38.0001674,55.2907785,71.53973132,92.89367695,113.9207361,147.53268,6,639711.4375,421990.8438,66450.61719,1525,424555.75,1498839.375,1.515936732,0.368663013,0.00359199,3.24e-11,0.371705264,2.712504387,0.000748579,0.00016425,1.651873589,1.506778359,0.426804543,875,1.69e-08,0.000102799,2.77e-12,0.250480592,875,194.0,44.0,6.0,2.0,5755048.0,2778756.5,1333108.625,395859.9375,518155.375,6577.197754,14323.4873,30297.92383,65976.65625,259077.6875,0.482838124,0.479750067,0.296945006,1.308936119,4.510309219,4.409090996,7.333333492,3.0,25.490368,10.781986,55.467851,218.188066,35.971121,16.529331,19.441791,24.801398,25.237016,28.685834,23.192533,872.331244,250.941546,0.773427,97.685835,547.840941,5.965662,113.43955,84.188304,Arid,148058713.0,107430040.7,74575972.66,51388268.79,36614571.55,27014332.68,5134.779646,6678.766119,3793.339868,2798.786895,2174.930377,1764.629504,1.954816,368.501241,6.180017227,0.646025725,0.695034614,0.597016902,0.550235723,0.512365234,0.476722452,16220290.0,242.609831,Cropland,Vertisols,Metamorphics,15.8833,77.9572,Krishna,Andhra Pradesh,67180.0,66450.61719,1.085714216,1965,7,206,Monsoon
281.58,315.0321633700607,-33.4521633700607,33.4521633700607,INDOFLOODS-gauge-32,281.58,93.68591492,129.7122541,145.60645490000005,150.4847386,151.7843444,158.19276010000004,161.3403006,172.2567542,185.3101124,204.589968,6,639711.4375,421990.8438,66450.61719,1525,424555.75,1498839.375,1.515936732,0.368663013,0.00359199,3.24e-11,0.371705264,2.712504387,0.000748579,0.00016425,1.651873589,1.506778359,0.426804543,875,1.69e-08,0.000102799,2.77e-12,0.250480592,875,194.0,44.0,6.0,2.0,5755048.0,2778756.5,1333108.625,395859.9375,518155.375,6577.197754,14323.4873,30297.92383,65976.65625,259077.6875,0.482838124,0.479750067,0.296945006,1.308936119,4.510309219,4.409090996,7.333333492,3.0,25.490368,10.781986,55.467851,218.188066,35.971121,16.529331,19.441791,24.801398,25.237016,28.685834,23.192533,872.331244,250.941546,0.773427,97.685835,547.840941,5.965662,113.43955,84.188304,Arid,148058713.0,107430040.7,74575972.66,51388268.79,36614571.55,27014332.68,5134.779646,6678.766119,3793.339868,2798.786895,2174.930377,1764.629504,1.954816,368.501241,6.180017227,0.646025725,0.695034614,0.597016902,0.550235723,0.512365234,0.476722452,16220290.0,242.609831,Cropland,Vertisols,Metamorphics,15.8833,77.9572,Krishna,Andhra Pradesh,67180.0,66450.61719,1.085714216,2009,10,274,Post-Monsoon
426.54,459.7096976189643,-33.16969761896428,33.16969761896428,INDOFLOODS-gauge-603,426.54,31.21022096,59.45851325,74.75389912,79.09558827,82.44475016,82.49900568,82.69953016,82.96158085,83.36661289,83.60940847,5,288439.0313,224881.3906,11938.87891,508,227430.9844,643058.0,1.282627344,0.230815142,0.002233645,1.43e-10,0.36280489,4.332471371,0.000292353,0.000164851,1.672012806,1.268248558,0.448542804,146,1.57e-08,9.55e-05,2.6e-12,0.083744273,146,33.0,6.0,2.0,1.0,1071777.75,515277.2813,179200.9063,85801.78125,116077.6563,7340.943359,15614.46289,29866.81836,42900.89063,116077.6563,0.48076877,0.347775668,0.478802174,1.352858305,4.424242496,5.5,3.0,2.0,26.332066,13.636384,52.133101,326.56427,39.940671,13.778926,26.161745,25.633477,25.316222,30.794776,22.59334,663.913557,171.96329,1.200081,105.349574,407.17707,7.484378,68.005466,31.945543,Arid,209709904.3,151935506.1,104111240.7,70491080.17,60171699.36,41798898.34,7055.1577,9176.586,5155.1304,3743.8674,3565.661,2801.1133,2.982158,354.666667,4.24556039,0.72103643,0.7757358,0.6663372,0.6141242,0.5718565,0.53207517,3454048.0,286.953622,Cropland,Vertisols,Basic volcanic rocks,17.5342,75.885,Krishna,Maharashtra,12092.0,11938.87891,1.266300777,1969,8,236,Monsoon
426.54,459.7096976189643,-33.16969761896428,33.16969761896428,INDOFLOODS-gauge-603,426.54,5.3635927510000005,8.339479807,37.71190329,42.21972785,46.71106773,57.76855737,69.78025235,73.87851961,75.76642908,76.98827182,5,288439.0313,224881.3906,11938.87891,508,227430.9844,643058.0,1.282627344,0.230815142,0.002233645,1.43e-10,0.36280489,4.332471371,0.000292353,0.000164851,1.672012806,1.268248558,0.448542804,146,1.57e-08,9.55e-05,2.6e-12,0.083744273,146,33.0,6.0,2.0,1.0,1071777.75,515277.2813,179200.9063,85801.78125,116077.6563,7340.943359,15614.46289,29866.81836,42900.89063,116077.6563,0.48076877,0.347775668,0.478802174,1.352858305,4.424242496,5.5,3.0,2.0,26.332066,13.636384,52.133101,326.56427,39.940671,13.778926,26.161745,25.633477,25.316222,30.794776,22.59334,663.913557,171.96329,1.200081,105.349574,407.17707,7.484378,68.005466,31.945543,Arid,209709904.3,151935506.1,104111240.7,70491080.17,60171699.36,41798898.34,7055.1577,9176.586,5155.1304,3743.8674,3565.661,2801.1133,2.982158,354.666667,4.24556039,0.72103643,0.7757358,0.6663372,0.6141242,0.5718565,0.53207517,3454048.0,286.953622,Cropland,Vertisols,Basic volcanic rocks,17.5342,75.885,Krishna,Maharashtra,12092.0,11938.87891,1.266300777,1989,9,268,Monsoon
426.54,459.6604476189643,-33.120447618964306,33.120447618964306,INDOFLOODS-gauge-603,426.54,8.964295572000001,24.80303608,52.80044839,81.60855816,97.76427854,134.892194,175.3210205,204.4239775,228.0773944,244.99021980000003,5,288439.0313,224881.3906,11938.87891,508,227430.9844,643058.0,1.282627344,0.230815142,0.002233645,1.43e-10,0.36280489,4.332471371,0.000292353,0.000164851,1.672012806,1.268248558,0.448542804,146,1.57e-08,9.55e-05,2.6e-12,0.083744273,146,33.0,6.0,2.0,1.0,1071777.75,515277.2813,179200.9063,85801.78125,116077.6563,7340.943359,15614.46289,29866.81836,42900.89063,116077.6563,0.48076877,0.347775668,0.478802174,1.352858305,4.424242496,5.5,3.0,2.0,26.332066,13.636384,52.133101,326.56427,39.940671,13.778926,26.161745,25.633477,25.316222,30.794776,22.59334,663.913557,171.96329,1.200081,105.349574,407.17707,7.484378,68.005466,31.945543,Arid,209709904.3,151935506.1,104111240.7,70491080.17,60171699.36,41798898.34,7055.1577,9176.586,5155.1304,3743.8674,3565.661,2801.1133,2.982158,354.666667,4.24556039,0.72103643,0.7757358,0.6663372,0.6141242,0.5718565,0.53207517,3454048.0,286.953622,Cropland,Vertisols,Basic volcanic rocks,17.5342,75.885,Krishna,Maharashtra,12092.0,11938.87891,1.266300777,2008,9,259,Monsoon
426.73,459.6604476189643,-32.93044761896431,32.93044761896431,INDOFLOODS-gauge-603,426.73,4.0208513980000005,39.55456839,54.47705706,83.23769693,98.41904272,150.399449,187.4820995,202.39995080000003,219.7182988,226.30914590000003,5,288439.0313,224881.3906,11938.87891,508,227430.9844,643058.0,1.282627344,0.230815142,0.002233645,1.43e-10,0.36280489,4.332471371,0.000292353,0.000164851,1.672012806,1.268248558,0.448542804,146,1.57e-08,9.55e-05,2.6e-12,0.083744273,146,33.0,6.0,2.0,1.0,1071777.75,515277.2813,179200.9063,85801.78125,116077.6563,7340.943359,15614.46289,29866.81836,42900.89063,116077.6563,0.48076877,0.347775668,0.478802174,1.352858305,4.424242496,5.5,3.0,2.0,26.332066,13.636384,52.133101,326.56427,39.940671,13.778926,26.161745,25.633477,25.316222,30.794776,22.59334,663.913557,171.96329,1.200081,105.349574,407.17707,7.484378,68.005466,31.945543,Arid,209709904.3,151935506.1,104111240.7,70491080.17,60171699.36,41798898.34,7055.1577,9176.586,5155.1304,3743.8674,3565.661,2801.1133,2.982158,354.666667,4.24556039,0.72103643,0.7757358,0.6663372,0.6141242,0.5718565,0.53207517,3454048.0,286.953622,Cropland,Vertisols,Basic volcanic rocks,17.5342,75.885,Krishna,Maharashtra,12092.0,11938.87891,1.266300777,1983,9,272,Monsoon
426.69,459.6203331861519,-32.93033318615187,32.93033318615187,INDOFLOODS-gauge-603,426.69,55.43284395,64.13635705,115.772066,120.5901852,121.3741873,121.4295767,122.2287762,128.091912,130.2697497,130.34418259999998,5,288439.0313,224881.3906,11938.87891,508,227430.9844,643058.0,1.282627344,0.230815142,0.002233645,1.43e-10,0.36280489,4.332471371,0.000292353,0.000164851,1.672012806,1.268248558,0.448542804,146,1.57e-08,9.55e-05,2.6e-12,0.083744273,146,33.0,6.0,2.0,1.0,1071777.75,515277.2813,179200.9063,85801.78125,116077.6563,7340.943359,15614.46289,29866.81836,42900.89063,116077.6563,0.48076877,0.347775668,0.478802174,1.352858305,4.424242496,5.5,3.0,2.0,26.332066,13.636384,52.133101,326.56427,39.940671,13.778926,26.161745,25.633477,25.316222,30.794776,22.59334,663.913557,171.96329,1.200081,105.349574,407.17707,7.484378,68.005466,31.945543,Arid,209709904.3,151935506.1,104111240.7,70491080.17,60171699.36,41798898.34,7055.1577,9176.586,5155.1304,3743.8674,3565.661,2801.1133,2.982158,354.666667,4.24556039,0.72103643,0.7757358,0.6663372,0.6141242,0.5718565,0.53207517,3454048.0,286.953622,Cropland,Vertisols,Basic volcanic rocks,17.5342,75.885,Krishna,Maharashtra,12092.0,11938.87891,1.266300777,1966,11,319,Post-Monsoon
426.78,459.6203331861519,-32.840333186151895,32.840333186151895,INDOFLOODS-gauge-603,426.78,46.0352146,93.02366084,134.80843969999998,173.9105931,189.6994025,219.9179175,225.6213399,230.3730924,231.4242234,232.4449176,5,288439.0313,224881.3906,11938.87891,508,227430.9844,643058.0,1.282627344,0.230815142,0.002233645,1.43e-10,0.36280489,4.332471371,0.000292353,0.000164851,1.672012806,1.268248558,0.448542804,146,1.57e-08,9.55e-05,2.6e-12,0.083744273,146,33.0,6.0,2.0,1.0,1071777.75,515277.2813,179200.9063,85801.78125,116077.6563,7340.943359,15614.46289,29866.81836,42900.89063,116077.6563,0.48076877,0.347775668,0.478802174,1.352858305,4.424242496,5.5,3.0,2.0,26.332066,13.636384,52.133101,326.56427,39.940671,13.778926,26.161745,25.633477,25.316222,30.794776,22.59334,663.913557,171.96329,1.200081,105.349574,407.17707,7.484378,68.005466,31.945543,Arid,209709904.3,151935506.1,104111240.7,70491080.17,60171699.36,41798898.34,7055.1577,9176.586,5155.1304,3743.8674,3565.661,2801.1133,2.982158,354.666667,4.24556039,0.72103643,0.7757358,0.6663372,0.6141242,0.5718565,0.53207517,3454048.0,286.953622,Cropland,Vertisols,Basic volcanic rocks,17.5342,75.885,Krishna,Maharashtra,12092.0,11938.87891,1.266300777,1969,9,248,Monsoon
426.84,459.6604476189643,-32.82044761896435,32.82044761896435,INDOFLOODS-gauge-603,426.84,30.16068548,40.57382859,51.76384742,61.59986157,63.16961524,82.23397133,93.9900191,105.4603402,120.6254607,145.3509177,5,288439.0313,224881.3906,11938.87891,508,227430.9844,643058.0,1.282627344,0.230815142,0.002233645,1.43e-10,0.36280489,4.332471371,0.000292353,0.000164851,1.672012806,1.268248558,0.448542804,146,1.57e-08,9.55e-05,2.6e-12,0.083744273,146,33.0,6.0,2.0,1.0,1071777.75,515277.2813,179200.9063,85801.78125,116077.6563,7340.943359,15614.46289,29866.81836,42900.89063,116077.6563,0.48076877,0.347775668,0.478802174,1.352858305,4.424242496,5.5,3.0,2.0,26.332066,13.636384,52.133101,326.56427,39.940671,13.778926,26.161745,25.633477,25.316222,30.794776,22.59334,663.913557,171.96329,1.200081,105.349574,407.17707,7.484378,68.005466,31.945543,Arid,209709904.3,151935506.1,104111240.7,70491080.17,60171699.36,41798898.34,7055.1577,9176.586,5155.1304,3743.8674,3565.661,2801.1133,2.982158,354.666667,4.24556039,0.72103643,0.7757358,0.6663372,0.6141242,0.5718565,0.53207517,3454048.0,286.953622,Cropland,Vertisols,Basic volcanic rocks,17.5342,75.885,Krishna,Maharashtra,12092.0,11938.87891,1.266300777,1988,9,273,Monsoon
426.9,459.6203331861519,-32.72033318615189,32.72033318615189,INDOFLOODS-gauge-603,426.9,22.41599776,58.68654532,86.05566057,120.7076317,139.4930651,151.76020459999995,156.70507719999995,166.86877030000005,174.498415,177.82471850000005,5,288439.0313,224881.3906,11938.87891,508,227430.9844,643058.0,1.282627344,0.230815142,0.002233645,1.43e-10,0.36280489,4.332471371,0.000292353,0.000164851,1.672012806,1.268248558,0.448542804,146,1.57e-08,9.55e-05,2.6e-12,0.083744273,146,33.0,6.0,2.0,1.0,1071777.75,515277.2813,179200.9063,85801.78125,116077.6563,7340.943359,15614.46289,29866.81836,42900.89063,116077.6563,0.48076877,0.347775668,0.478802174,1.352858305,4.424242496,5.5,3.0,2.0,26.332066,13.636384,52.133101,326.56427,39.940671,13.778926,26.161745,25.633477,25.316222,30.794776,22.59334,663.913557,171.96329,1.200081,105.349574,407.17707,7.484378,68.005466,31.945543,Arid,209709904.3,151935506.1,104111240.7,70491080.17,60171699.36,41798898.34,7055.1577,9176.586,5155.1304,3743.8674,3565.661,2801.1133,2.982158,354.666667,4.24556039,0.72103643,0.7757358,0.6663372,0.6141242,0.5718565,0.53207517,3454048.0,286.953622,Cropland,Vertisols,Basic volcanic rocks,17.5342,75.885,Krishna,Maharashtra,12092.0,11938.87891,1.266300777,1988,9,247,Monsoon
427.2,459.6203331861519,-32.42033318615188,32.42033318615188,INDOFLOODS-gauge-603,427.2,22.455927,68.66743682,99.7844869,103.8179911,106.346802,111.2105541,115.9446847,122.4978689,132.5352789,147.27436369999995,5,288439.0313,224881.3906,11938.87891,508,227430.9844,643058.0,1.282627344,0.230815142,0.002233645,1.43e-10,0.36280489,4.332471371,0.000292353,0.000164851,1.672012806,1.268248558,0.448542804,146,1.57e-08,9.55e-05,2.6e-12,0.083744273,146,33.0,6.0,2.0,1.0,1071777.75,515277.2813,179200.9063,85801.78125,116077.6563,7340.943359,15614.46289,29866.81836,42900.89063,116077.6563,0.48076877,0.347775668,0.478802174,1.352858305,4.424242496,5.5,3.0,2.0,26.332066,13.636384,52.133101,326.56427,39.940671,13.778926,26.161745,25.633477,25.316222,30.794776,22.59334,663.913557,171.96329,1.200081,105.349574,407.17707,7.484378,68.005466,31.945543,Arid,209709904.3,151935506.1,104111240.7,70491080.17,60171699.36,41798898.34,7055.1577,9176.586,5155.1304,3743.8674,3565.661,2801.1133,2.982158,354.666667,4.24556039,0.72103643,0.7757358,0.6663372,0.6141242,0.5718565,0.53207517,3454048.0,286.953622,Cropland,Vertisols,Basic volcanic rocks,17.5342,75.885,Krishna,Maharashtra,12092.0,11938.87891,1.266300777,1988,9,261,Monsoon
427.53,459.7096976189643,-32.179697618964326,32.179697618964326,INDOFLOODS-gauge-603,427.53,10.5487142,25.716511800000006,31.24359953,42.89640901,56.05655506,59.74698460000001,63.545159,68.55106617,76.10345159,77.66307853,5,288439.0313,224881.3906,11938.87891,508,227430.9844,643058.0,1.282627344,0.230815142,0.002233645,1.43e-10,0.36280489,4.332471371,0.000292353,0.000164851,1.672012806,1.268248558,0.448542804,146,1.57e-08,9.55e-05,2.6e-12,0.083744273,146,33.0,6.0,2.0,1.0,1071777.75,515277.2813,179200.9063,85801.78125,116077.6563,7340.943359,15614.46289,29866.81836,42900.89063,116077.6563,0.48076877,0.347775668,0.478802174,1.352858305,4.424242496,5.5,3.0,2.0,26.332066,13.636384,52.133101,326.56427,39.940671,13.778926,26.161745,25.633477,25.316222,30.794776,22.59334,663.913557,171.96329,1.200081,105.349574,407.17707,7.484378,68.005466,31.945543,Arid,209709904.3,151935506.1,104111240.7,70491080.17,60171699.36,41798898.34,7055.1577,9176.586,5155.1304,3743.8674,3565.661,2801.1133,2.982158,354.666667,4.24556039,0.72103643,0.7757358,0.6663372,0.6141242,0.5718565,0.53207517,3454048.0,286.953622,Cropland,Vertisols,Basic volcanic rocks,17.5342,75.885,Krishna,Maharashtra,12092.0,11938.87891,1.266300777,1998,10,289,Post-Monsoon
427.45,459.6203331861519,-32.17033318615188,32.17033318615188,INDOFLOODS-gauge-603,427.45,16.95787702,70.76873841,109.9926002,131.3778273,168.7595442,176.475503,178.3042501,180.945004,184.1246892,185.4724487,5,288439.0313,224881.3906,11938.87891,508,227430.9844,643058.0,1.282627344,0.230815142,0.002233645,1.43e-10,0.36280489,4.332471371,0.000292353,0.000164851,1.672012806,1.268248558,0.448542804,146,1.57e-08,9.55e-05,2.6e-12,0.083744273,146,33.0,6.0,2.0,1.0,1071777.75,515277.2813,179200.9063,85801.78125,116077.6563,7340.943359,15614.46289,29866.81836,42900.89063,116077.6563,0.48076877,0.347775668,0.478802174,1.352858305,4.424242496,5.5,3.0,2.0,26.332066,13.636384,52.133101,326.56427,39.940671,13.778926,26.161745,25.633477,25.316222,30.794776,22.59334,663.913557,171.96329,1.200081,105.349574,407.17707,7.484378,68.005466,31.945543,Arid,209709904.3,151935506.1,104111240.7,70491080.17,60171699.36,41798898.34,7055.1577,9176.586,5155.1304,3743.8674,3565.661,2801.1133,2.982158,354.666667,4.24556039,0.72103643,0.7757358,0.6663372,0.6141242,0.5718565,0.53207517,3454048.0,286.953622,Cropland,Vertisols,Basic volcanic rocks,17.5342,75.885,Krishna,Maharashtra,12092.0,11938.87891,1.266300777,1983,9,260,Monsoon
369.79,337.799855866686,31.990144133314004,31.990144133314004,INDOFLOODS-gauge-526,369.79,4.371082205,4.899642408,5.523154503,7.459358395,8.006100861,11.35265854,18.70360787,23.64333093,24.9839875,25.9709948,6,472637.1563,255888.5313,25984.77539,791,285735.7813,1144848.375,1.847043157,0.318265617,0.002768292,7.7e-11,0.24913393,3.142029762,0.000382583,0.000160936,2.0177145,1.654105544,0.412838221,343,1.69e-08,0.000104737,2.71e-12,0.127300754,343,69.0,18.0,5.0,2.0,1991387.5,1038619.688,529238.8125,274154.5938,302551.9063,5805.794434,15052.45898,29402.15625,54830.91797,151275.9531,0.521555781,0.509559751,0.518016815,1.103581429,4.9710145,3.833333254,3.599999905,2.5,24.551002,12.999871,41.115241,514.322788,40.824335,9.209207,31.615128,25.784083,22.457422,31.199476,18.126943,1286.5322,412.283941,5.018142,141.789426,1032.383962,31.134045,144.708767,35.433957,Temperate,70430466.68,50700348.63,35067131.01,27369228.36,26515597.7,23339661.78,2990.2112,3889.343,2227.44,1882.7871,1810.0876,1581.1671,1.637423,327.498498,6.41918425,0.476251677,0.512381166,0.440122266,0.405635058,0.377716855,0.351440913,5099614.0,195.979946,No dominant class,Vertisols,Basic volcanic rocks,23.0308,79.0156,Narmada,Madhya Pradesh,26453.0,25984.77539,1.77002461,1973,8,215,Monsoon
427.73,459.7096976189643,-31.97969761896428,31.97969761896428,INDOFLOODS-gauge-603,427.73,9.026169872,18.52156096,19.36495456,24.88114136,29.93003428,46.11101575,53.1869885,68.7439549,74.29348861,74.42533599,5,288439.0313,224881.3906,11938.87891,508,227430.9844,643058.0,1.282627344,0.230815142,0.002233645,1.43e-10,0.36280489,4.332471371,0.000292353,0.000164851,1.672012806,1.268248558,0.448542804,146,1.57e-08,9.55e-05,2.6e-12,0.083744273,146,33.0,6.0,2.0,1.0,1071777.75,515277.2813,179200.9063,85801.78125,116077.6563,7340.943359,15614.46289,29866.81836,42900.89063,116077.6563,0.48076877,0.347775668,0.478802174,1.352858305,4.424242496,5.5,3.0,2.0,26.332066,13.636384,52.133101,326.56427,39.940671,13.778926,26.161745,25.633477,25.316222,30.794776,22.59334,663.913557,171.96329,1.200081,105.349574,407.17707,7.484378,68.005466,31.945543,Arid,209709904.3,151935506.1,104111240.7,70491080.17,60171699.36,41798898.34,7055.1577,9176.586,5155.1304,3743.8674,3565.661,2801.1133,2.982158,354.666667,4.24556039,0.72103643,0.7757358,0.6663372,0.6141242,0.5718565,0.53207517,3454048.0,286.953622,Cropland,Vertisols,Basic volcanic rocks,17.5342,75.885,Krishna,Maharashtra,12092.0,11938.87891,1.266300777,1998,10,277,Post-Monsoon
427.71,459.6604476189643,-31.950447618964347,31.950447618964347,INDOFLOODS-gauge-603,427.71,37.08265048,52.00050181,69.31884984,75.90969694,80.53004053,88.85651919,105.8143962,159.6252576,198.8491194,220.2343465,5,288439.0313,224881.3906,11938.87891,508,227430.9844,643058.0,1.282627344,0.230815142,0.002233645,1.43e-10,0.36280489,4.332471371,0.000292353,0.000164851,1.672012806,1.268248558,0.448542804,146,1.57e-08,9.55e-05,2.6e-12,0.083744273,146,33.0,6.0,2.0,1.0,1071777.75,515277.2813,179200.9063,85801.78125,116077.6563,7340.943359,15614.46289,29866.81836,42900.89063,116077.6563,0.48076877,0.347775668,0.478802174,1.352858305,4.424242496,5.5,3.0,2.0,26.332066,13.636384,52.133101,326.56427,39.940671,13.778926,26.161745,25.633477,25.316222,30.794776,22.59334,663.913557,171.96329,1.200081,105.349574,407.17707,7.484378,68.005466,31.945543,Arid,209709904.3,151935506.1,104111240.7,70491080.17,60171699.36,41798898.34,7055.1577,9176.586,5155.1304,3743.8674,3565.661,2801.1133,2.982158,354.666667,4.24556039,0.72103643,0.7757358,0.6663372,0.6141242,0.5718565,0.53207517,3454048.0,286.953622,Cropland,Vertisols,Basic volcanic rocks,17.5342,75.885,Krishna,Maharashtra,12092.0,11938.87891,1.266300777,1983,9,266,Monsoon
427.75,459.6604476189643,-31.910447618964326,31.910447618964326,INDOFLOODS-gauge-603,427.75,35.66330207,60.92592114,85.40832091,98.75230753,108.4790035,112.5836706,113.3793017,115.76748,115.9401337,116.1850215,5,288439.0313,224881.3906,11938.87891,508,227430.9844,643058.0,1.282627344,0.230815142,0.002233645,1.43e-10,0.36280489,4.332471371,0.000292353,0.000164851,1.672012806,1.268248558,0.448542804,146,1.57e-08,9.55e-05,2.6e-12,0.083744273,146,33.0,6.0,2.0,1.0,1071777.75,515277.2813,179200.9063,85801.78125,116077.6563,7340.943359,15614.46289,29866.81836,42900.89063,116077.6563,0.48076877,0.347775668,0.478802174,1.352858305,4.424242496,5.5,3.0,2.0,26.332066,13.636384,52.133101,326.56427,39.940671,13.778926,26.161745,25.633477,25.316222,30.794776,22.59334,663.913557,171.96329,1.200081,105.349574,407.17707,7.484378,68.005466,31.945543,Arid,209709904.3,151935506.1,104111240.7,70491080.17,60171699.36,41798898.34,7055.1577,9176.586,5155.1304,3743.8674,3565.661,2801.1133,2.982158,354.666667,4.24556039,0.72103643,0.7757358,0.6663372,0.6141242,0.5718565,0.53207517,3454048.0,286.953622,Cropland,Vertisols,Basic volcanic rocks,17.5342,75.885,Krishna,Maharashtra,12092.0,11938.87891,1.266300777,1970,9,261,Monsoon
427.91,459.7096976189643,-31.799697618964277,31.799697618964277,INDOFLOODS-gauge-603,427.91,21.81698004,32.50437837,39.14595295,39.46762218,39.72896953,40.7808153,41.164156,44.24072283,49.33518262,52.39440037,5,288439.0313,224881.3906,11938.87891,508,227430.9844,643058.0,1.282627344,0.230815142,0.002233645,1.43e-10,0.36280489,4.332471371,0.000292353,0.000164851,1.672012806,1.268248558,0.448542804,146,1.57e-08,9.55e-05,2.6e-12,0.083744273,146,33.0,6.0,2.0,1.0,1071777.75,515277.2813,179200.9063,85801.78125,116077.6563,7340.943359,15614.46289,29866.81836,42900.89063,116077.6563,0.48076877,0.347775668,0.478802174,1.352858305,4.424242496,5.5,3.0,2.0,26.332066,13.636384,52.133101,326.56427,39.940671,13.778926,26.161745,25.633477,25.316222,30.794776,22.59334,663.913557,171.96329,1.200081,105.349574,407.17707,7.484378,68.005466,31.945543,Arid,209709904.3,151935506.1,104111240.7,70491080.17,60171699.36,41798898.34,7055.1577,9176.586,5155.1304,3743.8674,3565.661,2801.1133,2.982158,354.666667,4.24556039,0.72103643,0.7757358,0.6663372,0.6141242,0.5718565,0.53207517,3454048.0,286.953622,Cropland,Vertisols,Basic volcanic rocks,17.5342,75.885,Krishna,Maharashtra,12092.0,11938.87891,1.266300777,1998,9,250,Monsoon
428.03,459.7096976189643,-31.67969761896433,31.67969761896433,INDOFLOODS-gauge-603,428.03,7.075972745,22.63293915,28.18247286,28.31432024,28.72538102,33.19094913,44.94972167,63.30526624,67.0140144,72.20685917,5,288439.0313,224881.3906,11938.87891,508,227430.9844,643058.0,1.282627344,0.230815142,0.002233645,1.43e-10,0.36280489,4.332471371,0.000292353,0.000164851,1.672012806,1.268248558,0.448542804,146,1.57e-08,9.55e-05,2.6e-12,0.083744273,146,33.0,6.0,2.0,1.0,1071777.75,515277.2813,179200.9063,85801.78125,116077.6563,7340.943359,15614.46289,29866.81836,42900.89063,116077.6563,0.48076877,0.347775668,0.478802174,1.352858305,4.424242496,5.5,3.0,2.0,26.332066,13.636384,52.133101,326.56427,39.940671,13.778926,26.161745,25.633477,25.316222,30.794776,22.59334,663.913557,171.96329,1.200081,105.349574,407.17707,7.484378,68.005466,31.945543,Arid,209709904.3,151935506.1,104111240.7,70491080.17,60171699.36,41798898.34,7055.1577,9176.586,5155.1304,3743.8674,3565.661,2801.1133,2.982158,354.666667,4.24556039,0.72103643,0.7757358,0.6663372,0.6141242,0.5718565,0.53207517,3454048.0,286.953622,Cropland,Vertisols,Basic volcanic rocks,17.5342,75.885,Krishna,Maharashtra,12092.0,11938.87891,1.266300777,1998,9,271,Monsoon
428.54,459.6604476189643,-31.120447618964302,31.120447618964302,INDOFLOODS-gauge-603,428.54,15.2042391,31.19506347,50.88336533,78.36894726,83.73254001,86.70842707,116.0808506,120.5886751,125.080015,136.1375046,5,288439.0313,224881.3906,11938.87891,508,227430.9844,643058.0,1.282627344,0.230815142,0.002233645,1.43e-10,0.36280489,4.332471371,0.000292353,0.000164851,1.672012806,1.268248558,0.448542804,146,1.57e-08,9.55e-05,2.6e-12,0.083744273,146,33.0,6.0,2.0,1.0,1071777.75,515277.2813,179200.9063,85801.78125,116077.6563,7340.943359,15614.46289,29866.81836,42900.89063,116077.6563,0.48076877,0.347775668,0.478802174,1.352858305,4.424242496,5.5,3.0,2.0,26.332066,13.636384,52.133101,326.56427,39.940671,13.778926,26.161745,25.633477,25.316222,30.794776,22.59334,663.913557,171.96329,1.200081,105.349574,407.17707,7.484378,68.005466,31.945543,Arid,209709904.3,151935506.1,104111240.7,70491080.17,60171699.36,41798898.34,7055.1577,9176.586,5155.1304,3743.8674,3565.661,2801.1133,2.982158,354.666667,4.24556039,0.72103643,0.7757358,0.6663372,0.6141242,0.5718565,0.53207517,3454048.0,286.953622,Cropland,Vertisols,Basic volcanic rocks,17.5342,75.885,Krishna,Maharashtra,12092.0,11938.87891,1.266300777,1989,9,272,Monsoon
11.06,38.80356226466556,-27.74356226466556,27.74356226466556,INDOFLOODS-gauge-415,11.06,16.13310456,30.4258925,90.27028581,106.1702009,106.52930759999998,109.15228159999998,115.0331379,115.9744145,116.0884381,116.683564,3,72434.13281,55587.21484,1997.918213,2471,60972.99219,229047.1875,1.303071856,0.537406206,0.04052614,1.3e-09,0.478561372,1.860789776,0.000165905,0.000163423,1.455818892,1.187970757,0.316241086,30,1.9e-08,0.000116384,3.11e-12,0.403817683,30,7.0,1.0,,,179444.0469,82128.53906,64932.76172,,,5981.468262,11732.64844,64932.76172,,,0.457683265,0.790623605,,,4.285714149,7.0,,,23.847881,8.340213,61.605801,135.839355,31.067796,17.518193,13.549603,22.887077,24.161501,25.930615,22.698801,2919.689251,898.92179,4.271853,113.728711,1960.158093,27.860309,274.155165,1092.44793,Tropical,355874357.0,260060111.6,178251872.7,117157187.7,75195902.56,52992703.1,6198.6033,8062.473,4543.04175,3278.923625,2272.3594,1714.75555,1.299235,385.833333,27.74146696,0.92650666,0.94325585,0.85622,0.78912809,0.734815675,0.683698025,976164.5974,484.658589,No dominant class,Cambisols,Metamorphics,11.2394,76.0233,West Flowing Rivers From Tadri to Kanyakumari,Kerala,1876.0,1997.918213,6.498838646,1981,7,190,Monsoon
294.55,322.0959693548212,-27.54596935482118,27.54596935482118,INDOFLOODS-gauge-472,294.55,36.11356183,65.13811672,81.88461309,117.1961093,162.0970569,194.9061616,229.2092353,248.3760243,259.36425890000004,269.93530310000006,6,650388.9375,378736.5625,44652.65625,913,411680.4063,1664588.375,1.717259407,0.263467401,0.00221774,4.07e-11,0.202508584,3.795535803,0.000451163,0.000167508,2.237970829,1.579839468,0.390720576,581,1.68e-08,0.000100405,2.82e-12,0.152935132,581,126.0,31.0,9.0,3.0,3671381.5,1916652.625,965564.375,357243.875,345153.2813,6319.073242,15211.52832,31147.23828,39693.76563,115051.0938,0.522052169,0.503776431,0.369984537,0.966155887,4.611111164,4.064516068,3.444444418,3.0,24.964161,12.751767,41.11585,504.492075,41.046781,10.038858,31.007923,25.90896,24.431836,31.598482,18.730509,1267.92929,405.424048,4.618662,142.814047,1031.16188,27.087191,135.854057,34.012834,Tropical,62070252.02,44784344.93,31091858.92,24356314.02,23683134.33,20921424.15,2990.2112,3889.343,2227.44,1882.7871,1810.0876,1581.1671,1.487467,288.432099,5.58474887,0.474407538,0.510397127,0.438418027,0.40406436,0.376254261,0.350080065,8364153.0,186.969563,Cropland,Vertisols,Basic volcanic rocks,22.7561,77.7328,Narmada,Madhya Pradesh,44548.0,44652.65625,0.234929178,2013,8,213,Monsoon
12.08,39.4896683001435,-27.4096683001435,27.4096683001435,INDOFLOODS-gauge-415,12.08,156.64680880000003,263.2470403,329.4558456000001,370.5989846000001,393.9876835,403.8312418,406.6300049,408.3327835,412.1647345,413.3497664,3,72434.13281,55587.21484,1997.918213,2471,60972.99219,229047.1875,1.303071856,0.537406206,0.04052614,1.3e-09,0.478561372,1.860789776,0.000165905,0.000163423,1.455818892,1.187970757,0.316241086,30,1.9e-08,0.000116384,3.11e-12,0.403817683,30,7.0,1.0,,,179444.0469,82128.53906,64932.76172,,,5981.468262,11732.64844,64932.76172,,,0.457683265,0.790623605,,,4.285714149,7.0,,,23.847881,8.340213,61.605801,135.839355,31.067796,17.518193,13.549603,22.887077,24.161501,25.930615,22.698801,2919.689251,898.92179,4.271853,113.728711,1960.158093,27.860309,274.155165,1092.44793,Tropical,355874357.0,260060111.6,178251872.7,117157187.7,75195902.56,52992703.1,6198.6033,8062.473,4543.04175,3278.923625,2272.3594,1714.75555,1.299235,385.833333,27.74146696,0.92650666,0.94325585,0.85622,0.78912809,0.734815675,0.683698025,976164.5974,484.658589,No dominant class,Cambisols,Metamorphics,11.2394,76.0233,West Flowing Rivers From Tadri to Kanyakumari,Kerala,1876.0,1997.918213,6.498838646,2019,8,221,Monsoon
11.88,38.80356226466556,-26.92356226466556,26.92356226466556,INDOFLOODS-gauge-415,11.88,77.154519,119.4736825,181.9308754,217.4596723,234.720657,254.3900383,284.2069966,373.7028879,438.944568,451.1738142,3,72434.13281,55587.21484,1997.918213,2471,60972.99219,229047.1875,1.303071856,0.537406206,0.04052614,1.3e-09,0.478561372,1.860789776,0.000165905,0.000163423,1.455818892,1.187970757,0.316241086,30,1.9e-08,0.000116384,3.11e-12,0.403817683,30,7.0,1.0,,,179444.0469,82128.53906,64932.76172,,,5981.468262,11732.64844,64932.76172,,,0.457683265,0.790623605,,,4.285714149,7.0,,,23.847881,8.340213,61.605801,135.839355,31.067796,17.518193,13.549603,22.887077,24.161501,25.930615,22.698801,2919.689251,898.92179,4.271853,113.728711,1960.158093,27.860309,274.155165,1092.44793,Tropical,355874357.0,260060111.6,178251872.7,117157187.7,75195902.56,52992703.1,6198.6033,8062.473,4543.04175,3278.923625,2272.3594,1714.75555,1.299235,385.833333,27.74146696,0.92650666,0.94325585,0.85622,0.78912809,0.734815675,0.683698025,976164.5974,484.658589,No dominant class,Cambisols,Metamorphics,11.2394,76.0233,West Flowing Rivers From Tadri to Kanyakumari,Kerala,1876.0,1997.918213,6.498838646,1982,7,202,Monsoon
11.94,38.80356226466556,-26.86356226466556,26.86356226466556,INDOFLOODS-gauge-415,11.94,141.1378803,233.6297153,278.1705251,300.9283454,342.0862261000001,420.4240009,519.7318907,653.0681969999998,772.3653588999998,989.9627836,3,72434.13281,55587.21484,1997.918213,2471,60972.99219,229047.1875,1.303071856,0.537406206,0.04052614,1.3e-09,0.478561372,1.860789776,0.000165905,0.000163423,1.455818892,1.187970757,0.316241086,30,1.9e-08,0.000116384,3.11e-12,0.403817683,30,7.0,1.0,,,179444.0469,82128.53906,64932.76172,,,5981.468262,11732.64844,64932.76172,,,0.457683265,0.790623605,,,4.285714149,7.0,,,23.847881,8.340213,61.605801,135.839355,31.067796,17.518193,13.549603,22.887077,24.161501,25.930615,22.698801,2919.689251,898.92179,4.271853,113.728711,1960.158093,27.860309,274.155165,1092.44793,Tropical,355874357.0,260060111.6,178251872.7,117157187.7,75195902.56,52992703.1,6198.6033,8062.473,4543.04175,3278.923625,2272.3594,1714.75555,1.299235,385.833333,27.74146696,0.92650666,0.94325585,0.85622,0.78912809,0.734815675,0.683698025,976164.5974,484.658589,No dominant class,Cambisols,Metamorphics,11.2394,76.0233,West Flowing Rivers From Tadri to Kanyakumari,Kerala,1876.0,1997.918213,6.498838646,1983,7,203,Monsoon
281.16,307.9053103845949,-26.74531038459486,26.74531038459486,INDOFLOODS-gauge-917,281.16,30.64748464,46.97847729,52.95829377,61.97549499,70.99728512,79.91171946,96.86988992,129.6802763,158.6427501,175.3921775,6,898543.875,541031.3125,128209.9141,1125,558456.9375,2168122.75,1.660798311,0.411095023,0.002014479,1.77e-11,0.342739165,2.432527542,0.0009612,0.000158753,1.720260859,1.608976126,0.414434046,1646,1.63e-08,0.000102389,2.58e-12,0.17859681,1646,351.0,66.0,16.0,4.0,10488742.0,5251639.0,2057882.25,1169442.0,998446.625,6372.26123,14961.93457,31180.0332,73090.125,249611.6563,0.500692904,0.39185524,0.568274498,0.853780389,4.689458847,5.318181992,4.125,4.0,25.62659,12.308767,53.446811,270.927281,37.686071,14.604778,23.081293,24.951908,24.621566,29.422005,22.634794,911.17224,267.764627,0.880375,105.508704,587.284308,8.098528,94.500816,34.233804,Arid,237533942.3,171757108.7,118038660.4,79993440.39,64291547.46,45274181.95,6151.495645,8001.20023,4530.012261,3305.381776,2919.405862,2319.456594,4.047464,380.048734,10.57823579,0.688037874,0.740233897,0.635841954,0.586018509,0.545685222,0.507724515,41648070.0,322.819146,Cropland,Vertisols,Basic volcanic rocks,16.2592,77.8411,Krishna,Telangana,132920.0,128209.9141,3.543549428,2006,8,218,Monsoon
281.16,307.9053103845949,-26.74531038459486,26.74531038459486,INDOFLOODS-gauge-917,281.16,15.42743049,23.92600281,28.82408467,36.49277374,49.14123643,64.38895979,89.08826331,126.8547996,154.8928329,185.7447013,6,898543.875,541031.3125,128209.9141,1125,558456.9375,2168122.75,1.660798311,0.411095023,0.002014479,1.77e-11,0.342739165,2.432527542,0.0009612,0.000158753,1.720260859,1.608976126,0.414434046,1646,1.63e-08,0.000102389,2.58e-12,0.17859681,1646,351.0,66.0,16.0,4.0,10488742.0,5251639.0,2057882.25,1169442.0,998446.625,6372.26123,14961.93457,31180.0332,73090.125,249611.6563,0.500692904,0.39185524,0.568274498,0.853780389,4.689458847,5.318181992,4.125,4.0,25.62659,12.308767,53.446811,270.927281,37.686071,14.604778,23.081293,24.951908,24.621566,29.422005,22.634794,911.17224,267.764627,0.880375,105.508704,587.284308,8.098528,94.500816,34.233804,Arid,237533942.3,171757108.7,118038660.4,79993440.39,64291547.46,45274181.95,6151.495645,8001.20023,4530.012261,3305.381776,2919.405862,2319.456594,4.047464,380.048734,10.57823579,0.688037874,0.740233897,0.635841954,0.586018509,0.545685222,0.507724515,41648070.0,322.819146,Cropland,Vertisols,Basic volcanic rocks,16.2592,77.8411,Krishna,Telangana,132920.0,128209.9141,3.543549428,1994,7,202,Monsoon
358.14,384.7215545132,-26.581554513200047,26.581554513200047,INDOFLOODS-gauge-376,358.14,21.47811724,68.09157398,100.2869637,138.31826,200.8966201,234.0349846,261.5688792,277.9814461,290.2083455,313.5184359,5,654491.5,387402.9375,53425.38672,1050,391114.7813,1456955.125,1.689433455,0.349252254,0.002684634,3.92e-11,0.316275239,2.863260031,0.000582722,0.000154854,1.790785551,1.673400044,0.44921872,682,1.59e-08,0.000102621,2.46e-12,0.162596524,682,135.0,26.0,5.0,1.0,4251124.0,2129094.5,919132.75,548761.6875,425013.0625,6233.319824,15771.07031,35351.25781,109752.3359,425013.0625,0.500830948,0.431701243,0.597042918,0.774494767,5.051851749,5.192307472,5.199999809,5.0,24.886114,11.508619,55.013738,225.251972,35.944398,15.023709,20.92069,24.082293,24.532564,28.19022,22.581033,1081.826247,342.483466,0.644068,105.006073,706.011856,8.935753,106.736811,43.517281,Arid,239589982.6,173519552.2,120454167.9,81811399.33,64132066.66,45638973.4,5833.850283,7588.041539,4330.248945,3159.186384,2702.643662,2157.882645,4.059788,406.990895,14.18872328,0.679267951,0.730798666,0.627737326,0.578548944,0.538729762,0.501252919,18345460.0,340.909181,Cropland,Vertisols,Basic volcanic rocks,16.4911,76.9231,Krishna,Karnataka,55150.0,53425.38672,3.127131967,2019,8,221,Monsoon
281.48,307.9053103845949,-26.425310384594862,26.425310384594862,INDOFLOODS-gauge-917,281.48,17.64194338,26.05608007,41.71636638,49.78488701,55.40551294,60.63792501,67.3210603,71.79191087,74.31836412,78.05667077,6,898543.875,541031.3125,128209.9141,1125,558456.9375,2168122.75,1.660798311,0.411095023,0.002014479,1.77e-11,0.342739165,2.432527542,0.0009612,0.000158753,1.720260859,1.608976126,0.414434046,1646,1.63e-08,0.000102389,2.58e-12,0.17859681,1646,351.0,66.0,16.0,4.0,10488742.0,5251639.0,2057882.25,1169442.0,998446.625,6372.26123,14961.93457,31180.0332,73090.125,249611.6563,0.500692904,0.39185524,0.568274498,0.853780389,4.689458847,5.318181992,4.125,4.0,25.62659,12.308767,53.446811,270.927281,37.686071,14.604778,23.081293,24.951908,24.621566,29.422005,22.634794,911.17224,267.764627,0.880375,105.508704,587.284308,8.098528,94.500816,34.233804,Arid,237533942.3,171757108.7,118038660.4,79993440.39,64291547.46,45274181.95,6151.495645,8001.20023,4530.012261,3305.381776,2919.405862,2319.456594,4.047464,380.048734,10.57823579,0.688037874,0.740233897,0.635841954,0.586018509,0.545685222,0.507724515,41648070.0,322.819146,Cropland,Vertisols,Basic volcanic rocks,16.2592,77.8411,Krishna,Telangana,132920.0,128209.9141,3.543549428,1998,10,288,Post-Monsoon
12.53,38.80356226466556,-26.27356226466556,26.27356226466556,INDOFLOODS-gauge-415,12.53,27.20795653,34.71738263,36.74722493,42.959956,59.09518022,97.84207116,123.4830927,153.3163713,170.6876327,185.2466884,3,72434.13281,55587.21484,1997.918213,2471,60972.99219,229047.1875,1.303071856,0.537406206,0.04052614,1.3e-09,0.478561372,1.860789776,0.000165905,0.000163423,1.455818892,1.187970757,0.316241086,30,1.9e-08,0.000116384,3.11e-12,0.403817683,30,7.0,1.0,,,179444.0469,82128.53906,64932.76172,,,5981.468262,11732.64844,64932.76172,,,0.457683265,0.790623605,,,4.285714149,7.0,,,23.847881,8.340213,61.605801,135.839355,31.067796,17.518193,13.549603,22.887077,24.161501,25.930615,22.698801,2919.689251,898.92179,4.271853,113.728711,1960.158093,27.860309,274.155165,1092.44793,Tropical,355874357.0,260060111.6,178251872.7,117157187.7,75195902.56,52992703.1,6198.6033,8062.473,4543.04175,3278.923625,2272.3594,1714.75555,1.299235,385.833333,27.74146696,0.92650666,0.94325585,0.85622,0.78912809,0.734815675,0.683698025,976164.5974,484.658589,No dominant class,Cambisols,Metamorphics,11.2394,76.0233,West Flowing Rivers From Tadri to Kanyakumari,Kerala,1876.0,1997.918213,6.498838646,1981,8,229,Monsoon
281.83,307.9053103845949,-26.0753103845949,26.0753103845949,INDOFLOODS-gauge-917,281.83,10.52141401,17.7588046,36.1057073,50.26407897,61.82204214,80.21124839,105.74128799999998,135.7176075,166.3650921,182.6960848,6,898543.875,541031.3125,128209.9141,1125,558456.9375,2168122.75,1.660798311,0.411095023,0.002014479,1.77e-11,0.342739165,2.432527542,0.0009612,0.000158753,1.720260859,1.608976126,0.414434046,1646,1.63e-08,0.000102389,2.58e-12,0.17859681,1646,351.0,66.0,16.0,4.0,10488742.0,5251639.0,2057882.25,1169442.0,998446.625,6372.26123,14961.93457,31180.0332,73090.125,249611.6563,0.500692904,0.39185524,0.568274498,0.853780389,4.689458847,5.318181992,4.125,4.0,25.62659,12.308767,53.446811,270.927281,37.686071,14.604778,23.081293,24.951908,24.621566,29.422005,22.634794,911.17224,267.764627,0.880375,105.508704,587.284308,8.098528,94.500816,34.233804,Arid,237533942.3,171757108.7,118038660.4,79993440.39,64291547.46,45274181.95,6151.495645,8001.20023,4530.012261,3305.381776,2919.405862,2319.456594,4.047464,380.048734,10.57823579,0.688037874,0.740233897,0.635841954,0.586018509,0.545685222,0.507724515,41648070.0,322.819146,Cropland,Vertisols,Basic volcanic rocks,16.2592,77.8411,Krishna,Telangana,132920.0,128209.9141,3.543549428,2006,8,226,Monsoon
284.0,309.9452918885613,-25.945291888561314,25.945291888561314,INDOFLOODS-gauge-917,284.0,13.61150819,26.78560348,55.74270798,77.31113959999998,104.2111187,151.76412319999997,182.8544689,209.5472624,225.08463140000003,234.82308680000003,6,898543.875,541031.3125,128209.9141,1125,558456.9375,2168122.75,1.660798311,0.411095023,0.002014479,1.77e-11,0.342739165,2.432527542,0.0009612,0.000158753,1.720260859,1.608976126,0.414434046,1646,1.63e-08,0.000102389,2.58e-12,0.17859681,1646,351.0,66.0,16.0,4.0,10488742.0,5251639.0,2057882.25,1169442.0,998446.625,6372.26123,14961.93457,31180.0332,73090.125,249611.6563,0.500692904,0.39185524,0.568274498,0.853780389,4.689458847,5.318181992,4.125,4.0,25.62659,12.308767,53.446811,270.927281,37.686071,14.604778,23.081293,24.951908,24.621566,29.422005,22.634794,911.17224,267.764627,0.880375,105.508704,587.284308,8.098528,94.500816,34.233804,Arid,237533942.3,171757108.7,118038660.4,79993440.39,64291547.46,45274181.95,6151.495645,8001.20023,4530.012261,3305.381776,2919.405862,2319.456594,4.047464,380.048734,10.57823579,0.688037874,0.740233897,0.635841954,0.586018509,0.545685222,0.507724515,41648070.0,322.819146,Cropland,Vertisols,Basic volcanic rocks,16.2592,77.8411,Krishna,Telangana,132920.0,128209.9141,3.543549428,2019,8,222,Monsoon
282.28,307.9053103845949,-25.62531038459491,25.62531038459491,INDOFLOODS-gauge-917,282.28,36.86365013,56.82030578,68.52318934,82.68427106,97.39962126,126.3681297,173.0649106,209.8958753,224.6333241,236.43451890000003,6,898543.875,541031.3125,128209.9141,1125,558456.9375,2168122.75,1.660798311,0.411095023,0.002014479,1.77e-11,0.342739165,2.432527542,0.0009612,0.000158753,1.720260859,1.608976126,0.414434046,1646,1.63e-08,0.000102389,2.58e-12,0.17859681,1646,351.0,66.0,16.0,4.0,10488742.0,5251639.0,2057882.25,1169442.0,998446.625,6372.26123,14961.93457,31180.0332,73090.125,249611.6563,0.500692904,0.39185524,0.568274498,0.853780389,4.689458847,5.318181992,4.125,4.0,25.62659,12.308767,53.446811,270.927281,37.686071,14.604778,23.081293,24.951908,24.621566,29.422005,22.634794,911.17224,267.764627,0.880375,105.508704,587.284308,8.098528,94.500816,34.233804,Arid,237533942.3,171757108.7,118038660.4,79993440.39,64291547.46,45274181.95,6151.495645,8001.20023,4530.012261,3305.381776,2919.405862,2319.456594,4.047464,380.048734,10.57823579,0.688037874,0.740233897,0.635841954,0.586018509,0.545685222,0.507724515,41648070.0,322.819146,Cropland,Vertisols,Basic volcanic rocks,16.2592,77.8411,Krishna,Telangana,132920.0,128209.9141,3.543549428,2005,8,214,Monsoon
355.26,379.4637755100164,-24.20377551001644,24.20377551001644,INDOFLOODS-gauge-376,355.26,13.86322013,25.38339401,38.78519478,51.98304074,62.06602091,81.76079967,100.1725084,113.9057925,132.9457376,163.0122367,5,654491.5,387402.9375,53425.38672,1050,391114.7813,1456955.125,1.689433455,0.349252254,0.002684634,3.92e-11,0.316275239,2.863260031,0.000582722,0.000154854,1.790785551,1.673400044,0.44921872,682,1.59e-08,0.000102621,2.46e-12,0.162596524,682,135.0,26.0,5.0,1.0,4251124.0,2129094.5,919132.75,548761.6875,425013.0625,6233.319824,15771.07031,35351.25781,109752.3359,425013.0625,0.500830948,0.431701243,0.597042918,0.774494767,5.051851749,5.192307472,5.199999809,5.0,24.886114,11.508619,55.013738,225.251972,35.944398,15.023709,20.92069,24.082293,24.532564,28.19022,22.581033,1081.826247,342.483466,0.644068,105.006073,706.011856,8.935753,106.736811,43.517281,Arid,239589982.6,173519552.2,120454167.9,81811399.33,64132066.66,45638973.4,5833.850283,7588.041539,4330.248945,3159.186384,2702.643662,2157.882645,4.059788,406.990895,14.18872328,0.679267951,0.730798666,0.627737326,0.578548944,0.538729762,0.501252919,18345460.0,340.909181,Cropland,Vertisols,Basic volcanic rocks,16.4911,76.9231,Krishna,Karnataka,55150.0,53425.38672,3.127131967,2006,8,229,Monsoon
14.85,38.2173327553878,-23.3673327553878,23.3673327553878,INDOFLOODS-gauge-1100,14.85,43.38797249,69.93216489,85.36258176,121.9811129,133.4995379,148.0218883,166.31304630000002,178.6271216,205.4405857,215.9859731,5,291041.0938,205205.5625,19162.85352,557,209606.8906,710930.25,1.418290496,0.436163247,0.002657355,1.22e-10,0.476448596,2.292719603,0.00039385,0.00016395,1.459043145,1.388509154,0.409380645,220,1.46e-08,8.91e-05,2.4e-12,0.091319874,220,43.0,12.0,4.0,1.0,1420586.25,756499.5625,426683.9688,486951.25,51019.36328,6457.210449,17593.01367,35556.99609,121737.8125,51019.36328,0.532526314,0.564024091,1.141245723,0.104773045,5.116279125,3.583333254,3.0,4.0,25.907135,11.496072,42.739645,462.229225,37.809083,10.905593,26.90349,28.756363,19.729201,30.640983,19.38022,1326.954101,334.074126,2.542017,110.528196,860.792341,29.414267,306.612585,32.01933,Tropical,277972901.7,201022334.9,139999525.2,112995292.4,78236432.59,65502953.69,2899.980282,3771.980678,2144.065498,1872.185794,1468.111476,1396.421821,3.422081,304.813765,42.01283588,0.545916527,0.58733092,0.504502209,0.464970294,0.432968304,0.402848767,13108320.0,683.970965,Cropland,Luvisols,Unconsolidated sediments,23.65,88.14,Ganga,West Bengal,15350.0,19162.85352,24.83943661,2015,7,209,Monsoon
356.35,379.4637755100164,-23.11377551001641,23.11377551001641,INDOFLOODS-gauge-376,356.35,24.98428217,41.87772786,64.25356443,86.4253813,121.7370949,171.834181,221.5184688,242.4047009,254.9783838,270.22829069999995,5,654491.5,387402.9375,53425.38672,1050,391114.7813,1456955.125,1.689433455,0.349252254,0.002684634,3.92e-11,0.316275239,2.863260031,0.000582722,0.000154854,1.790785551,1.673400044,0.44921872,682,1.59e-08,0.000102621,2.46e-12,0.162596524,682,135.0,26.0,5.0,1.0,4251124.0,2129094.5,919132.75,548761.6875,425013.0625,6233.319824,15771.07031,35351.25781,109752.3359,425013.0625,0.500830948,0.431701243,0.597042918,0.774494767,5.051851749,5.192307472,5.199999809,5.0,24.886114,11.508619,55.013738,225.251972,35.944398,15.023709,20.92069,24.082293,24.532564,28.19022,22.581033,1081.826247,342.483466,0.644068,105.006073,706.011856,8.935753,106.736811,43.517281,Arid,239589982.6,173519552.2,120454167.9,81811399.33,64132066.66,45638973.4,5833.850283,7588.041539,4330.248945,3159.186384,2702.643662,2157.882645,4.059788,406.990895,14.18872328,0.679267951,0.730798666,0.627737326,0.578548944,0.538729762,0.501252919,18345460.0,340.909181,Cropland,Vertisols,Basic volcanic rocks,16.4911,76.9231,Krishna,Karnataka,55150.0,53425.38672,3.127131967,2005,8,213,Monsoon
299.18,322.0959693548212,-22.915969354821183,22.915969354821183,INDOFLOODS-gauge-472,299.18,57.37894154,130.0453077,203.8887284,246.3847515,249.2100104,253.6508162,264.20803,273.5178048,275.1389169,278.2051012,6,650388.9375,378736.5625,44652.65625,913,411680.4063,1664588.375,1.717259407,0.263467401,0.00221774,4.07e-11,0.202508584,3.795535803,0.000451163,0.000167508,2.237970829,1.579839468,0.390720576,581,1.68e-08,0.000100405,2.82e-12,0.152935132,581,126.0,31.0,9.0,3.0,3671381.5,1916652.625,965564.375,357243.875,345153.2813,6319.073242,15211.52832,31147.23828,39693.76563,115051.0938,0.522052169,0.503776431,0.369984537,0.966155887,4.611111164,4.064516068,3.444444418,3.0,24.964161,12.751767,41.11585,504.492075,41.046781,10.038858,31.007923,25.90896,24.431836,31.598482,18.730509,1267.92929,405.424048,4.618662,142.814047,1031.16188,27.087191,135.854057,34.012834,Tropical,62070252.02,44784344.93,31091858.92,24356314.02,23683134.33,20921424.15,2990.2112,3889.343,2227.44,1882.7871,1810.0876,1581.1671,1.487467,288.432099,5.58474887,0.474407538,0.510397127,0.438418027,0.40406436,0.376254261,0.350080065,8364153.0,186.969563,Cropland,Vertisols,Basic volcanic rocks,22.7561,77.7328,Narmada,Madhya Pradesh,44548.0,44652.65625,0.234929178,2013,8,232,Monsoon
13.15,35.68603712405172,-22.536037124051724,22.536037124051724,INDOFLOODS-gauge-1100,13.15,8.618278779,15.60610883,34.80621693,75.75326056,102.7585566,130.5977082,155.5681169,170.5804535,192.1798907,208.2290727,5,291041.0938,205205.5625,19162.85352,557,209606.8906,710930.25,1.418290496,0.436163247,0.002657355,1.22e-10,0.476448596,2.292719603,0.00039385,0.00016395,1.459043145,1.388509154,0.409380645,220,1.46e-08,8.91e-05,2.4e-12,0.091319874,220,43.0,12.0,4.0,1.0,1420586.25,756499.5625,426683.9688,486951.25,51019.36328,6457.210449,17593.01367,35556.99609,121737.8125,51019.36328,0.532526314,0.564024091,1.141245723,0.104773045,5.116279125,3.583333254,3.0,4.0,25.907135,11.496072,42.739645,462.229225,37.809083,10.905593,26.90349,28.756363,19.729201,30.640983,19.38022,1326.954101,334.074126,2.542017,110.528196,860.792341,29.414267,306.612585,32.01933,Tropical,277972901.7,201022334.9,139999525.2,112995292.4,78236432.59,65502953.69,2899.980282,3771.980678,2144.065498,1872.185794,1468.111476,1396.421821,3.422081,304.813765,42.01283588,0.545916527,0.58733092,0.504502209,0.464970294,0.432968304,0.402848767,13108320.0,683.970965,Cropland,Luvisols,Unconsolidated sediments,23.65,88.14,Ganga,West Bengal,15350.0,19162.85352,24.83943661,2017,7,210,Monsoon
13.25,35.68603712405172,-22.43603712405172,22.43603712405172,INDOFLOODS-gauge-1100,13.25,10.94041179,18.39321531,42.93084878,63.65475875,103.5411214,139.3683834,156.37204609999995,160.2759251,161.6815815,161.96812219999995,5,291041.0938,205205.5625,19162.85352,557,209606.8906,710930.25,1.418290496,0.436163247,0.002657355,1.22e-10,0.476448596,2.292719603,0.00039385,0.00016395,1.459043145,1.388509154,0.409380645,220,1.46e-08,8.91e-05,2.4e-12,0.091319874,220,43.0,12.0,4.0,1.0,1420586.25,756499.5625,426683.9688,486951.25,51019.36328,6457.210449,17593.01367,35556.99609,121737.8125,51019.36328,0.532526314,0.564024091,1.141245723,0.104773045,5.116279125,3.583333254,3.0,4.0,25.907135,11.496072,42.739645,462.229225,37.809083,10.905593,26.90349,28.756363,19.729201,30.640983,19.38022,1326.954101,334.074126,2.542017,110.528196,860.792341,29.414267,306.612585,32.01933,Tropical,277972901.7,201022334.9,139999525.2,112995292.4,78236432.59,65502953.69,2899.980282,3771.980678,2144.065498,1872.185794,1468.111476,1396.421821,3.422081,304.813765,42.01283588,0.545916527,0.58733092,0.504502209,0.464970294,0.432968304,0.402848767,13108320.0,683.970965,Cropland,Luvisols,Unconsolidated sediments,23.65,88.14,Ganga,West Bengal,15350.0,19162.85352,24.83943661,2016,9,253,Monsoon
240.91,218.86394649348048,22.046053506519517,22.046053506519517,INDOFLOODS-gauge-877,240.91,5.695452396,10.96208756,18.41598268,30.49765835,42.29497753,50.44838414,66.83074835,85.83121054,102.1062565,114.6861207,5,449046.625,285309.1875,42438.83984,1528,293893.625,1361739.25,1.573894739,0.491341174,0.00519916,5.86e-11,0.287597746,2.035245657,0.000514049,0.000157515,1.87794745,1.527922273,0.329759628,547,1.65e-08,0.000104716,2.6e-12,0.240682781,547,119.0,27.0,6.0,1.0,3482557.25,1592847.625,925681.4375,490570.8438,193092.6875,6366.649414,13385.27441,34284.49609,81761.80469,193092.6875,0.457378745,0.581148744,0.52995646,0.393608153,4.59663868,4.407407284,4.5,6.0,23.928766,10.212771,57.906425,189.880201,33.446572,15.803141,17.643431,23.245316,23.99785,26.684764,21.910149,1053.321307,297.895945,2.430949,94.73151,619.818319,13.752315,180.924952,164.677521,Tropical,238920592.7,172271418.4,119761710.4,81654911.6,56990666.33,41175240.02,5255.798349,6836.174071,3931.744424,2910.372361,2231.348449,1787.649412,4.779081,445.798039,16.26088139,0.67774758,0.726223627,0.626332271,0.577253984,0.537523945,0.500130993,18288780.0,429.516169,Cropland,No dominant class,Metamorphics,11.8,77.8,Cauvery,Tamil Nadu,,42438.83984,,2018,7,205,Monsoon
23.5,45.40880623681757,-21.90880623681757,21.90880623681757,INDOFLOODS-gauge-1074,23.5,7.553226615,17.15179152,50.87778149,64.67306405,86.23801205,99.26216481,141.1934789,191.5940103,220.3181774,229.0079554,4,128750.3203,93831.17188,3812.43042,388,97127.25,292216.0938,1.372148752,0.40412873,0.00399476,5.91e-10,0.561052561,2.474458933,0.00020875,0.000176344,1.344542146,1.325583935,0.44059968,46,1.6e-08,9.07e-05,2.82e-12,0.068421356,46,10.0,4.0,1.0,,365325.4688,146833.8438,95021.86719,65116.89453,,7941.85791,14683.38477,23755.4668,65116.89453,,0.4019261,0.647138715,0.685283244,,4.599999905,2.5,4.0,,25.974986,11.41579,43.078848,452.340845,37.497745,10.998354,26.49939,28.994853,19.703153,30.430377,19.501568,1384.286469,367.110321,1.949614,112.672819,907.669037,30.629622,312.207436,30.761885,Tropical,337789597.3,244304648.3,170886770.5,137467243.0,93754148.62,77687018.03,3256.200834,4235.313804,2421.344423,2104.383447,1615.122068,1513.100977,2.273639,262.808511,42.14613484,0.570413759,0.613686573,0.527141038,0.485835185,0.452397145,0.420926038,2508787.0,650.127399,Cropland,Luvisols,Unconsolidated sediments,24.0031,88.1375,Ganga - Brahmaputra -Meghna/Barak,West Bengal,12820.0,3812.43042,70.2618532,2017,8,231,Monsoon
357.84,379.36560607251647,-21.525606072516496,21.525606072516496,INDOFLOODS-gauge-376,357.84,36.16044358,105.4184771,145.3971938,156.82039719999997,159.9405066,160.8155405,164.7821723,170.7898611,181.3767994,193.9279216,5,654491.5,387402.9375,53425.38672,1050,391114.7813,1456955.125,1.689433455,0.349252254,0.002684634,3.92e-11,0.316275239,2.863260031,0.000582722,0.000154854,1.790785551,1.673400044,0.44921872,682,1.59e-08,0.000102621,2.46e-12,0.162596524,682,135.0,26.0,5.0,1.0,4251124.0,2129094.5,919132.75,548761.6875,425013.0625,6233.319824,15771.07031,35351.25781,109752.3359,425013.0625,0.500830948,0.431701243,0.597042918,0.774494767,5.051851749,5.192307472,5.199999809,5.0,24.886114,11.508619,55.013738,225.251972,35.944398,15.023709,20.92069,24.082293,24.532564,28.19022,22.581033,1081.826247,342.483466,0.644068,105.006073,706.011856,8.935753,106.736811,43.517281,Arid,239589982.6,173519552.2,120454167.9,81811399.33,64132066.66,45638973.4,5833.850283,7588.041539,4330.248945,3159.186384,2702.643662,2157.882645,4.059788,406.990895,14.18872328,0.679267951,0.730798666,0.627737326,0.578548944,0.538729762,0.501252919,18345460.0,340.909181,Cropland,Vertisols,Basic volcanic rocks,16.4911,76.9231,Krishna,Karnataka,55150.0,53425.38672,3.127131967,2009,10,275,Post-Monsoon
13.73,-7.435717549763118,21.16571754976312,21.16571754976312,INDOFLOODS-gauge-429,13.73,12.983216,18.2796684,33.04260897,51.29599997,73.67448426,76.95728844,93.54618816,108.8687774,132.8870594,139.58068740000002,3,71464.60938,57389.75391,813.0768433,1737,59878.34375,179882.2656,1.245250344,0.226773366,0.029008819,2.08e-09,0.31576556,4.40968895,8.34e-05,0.000140846,1.792230129,1.193496704,0.397285461,12,1.84e-08,0.000130983,2.6e-12,0.244649813,12,2.0,1.0,,,39029.13281,26071.5332,49418.10547,,,3252.427734,13035.7666,49418.10547,,,0.668001831,1.895481348,,,6.0,2.0,,,25.9632,7.673909,66.263042,103.314341,31.850515,20.265773,11.584742,25.615808,25.580189,27.495567,24.874742,2200.758763,381.073196,31.23299,61.751439,957.151546,144.071134,405.985567,331.583505,Tropical,243670159.1,178374575.0,122525667.4,80005322.33,51122901.3,36064275.01,6329.4634,8232.682,4635.839,3245.9465,2198.1104,1649.214,3.822601,412.777778,23.02158273,0.9958371,1.0,0.9202909,0.8481785,0.7898019,0.7348591,320795.9252,389.294534,No dominant class,Acrisols,Acid plutonic rocks,9.22,76.71,West Flowing Rivers From Tadri to Kanyakumari,Kerala,810.0,813.0768433,0.3798571979999999,1978,11,305,Post-Monsoon
518.11,496.9911373869844,21.118862613015608,21.118862613015608,INDOFLOODS-gauge-369,518.11,29.48279481,58.93001376,60.65345551,60.74014076,61.17825742,61.24724189,61.27256744,67.85676013,73.36345623,73.369745,5,302106.5313,189812.8125,14490.60156,1197,195423.5938,671399.75,1.591602445,0.379430652,0.006125156,1.51e-10,0.403955877,2.635527611,0.000378314,0.000159498,1.584561825,1.545906186,0.449965209,199,1.75e-08,0.000109898,2.8e-12,0.190919295,199,42.0,9.0,3.0,1.0,1214115.625,506812.1563,379480.9688,154940.1875,55875.38281,6101.083496,12066.95605,42164.55078,51646.73047,55875.38281,0.417433202,0.748760581,0.408295006,0.360625505,4.738095284,4.666666508,3.0,3.0,24.139654,10.132309,55.212869,196.100523,34.074467,15.713389,18.361078,23.393424,23.97989,27.138874,22.327184,1590.677298,524.835181,0.647905,107.676671,1115.567855,7.430724,154.475979,260.157826,Tropical,154762262.9,112075837.1,78965452.75,53864978.62,38274377.73,28093005.21,5101.6587,6635.686,3835.7205,2808.6616,2185.2522,1772.2565,1.989589,392.508671,8.193152583,0.65422714,0.7038582,0.60459614,0.55722106,0.5188698,0.48277453,3925171.0,269.846351,Cropland,No dominant class,Metamorphics,14.8306,75.6744,Krishna,Karnataka,14582.0,14490.60156,0.626789466,1992,11,322,Post-Monsoon
14.32,35.41973067161778,-21.099730671617777,21.099730671617777,INDOFLOODS-gauge-1100,14.32,0.011300292,0.106277229,0.285720926,4.354985197,11.85931847,12.4160395,12.60164869,13.18567155,17.2160264,32.67175289,5,291041.0938,205205.5625,19162.85352,557,209606.8906,710930.25,1.418290496,0.436163247,0.002657355,1.22e-10,0.476448596,2.292719603,0.00039385,0.00016395,1.459043145,1.388509154,0.409380645,220,1.46e-08,8.91e-05,2.4e-12,0.091319874,220,43.0,12.0,4.0,1.0,1420586.25,756499.5625,426683.9688,486951.25,51019.36328,6457.210449,17593.01367,35556.99609,121737.8125,51019.36328,0.532526314,0.564024091,1.141245723,0.104773045,5.116279125,3.583333254,3.0,4.0,25.907135,11.496072,42.739645,462.229225,37.809083,10.905593,26.90349,28.756363,19.729201,30.640983,19.38022,1326.954101,334.074126,2.542017,110.528196,860.792341,29.414267,306.612585,32.01933,Tropical,277972901.7,201022334.9,139999525.2,112995292.4,78236432.59,65502953.69,2899.980282,3771.980678,2144.065498,1872.185794,1468.111476,1396.421821,3.422081,304.813765,42.01283588,0.545916527,0.58733092,0.504502209,0.464970294,0.432968304,0.402848767,13108320.0,683.970965,Cropland,Luvisols,Unconsolidated sediments,23.65,88.14,Ganga,West Bengal,15350.0,19162.85352,24.83943661,2010,10,299,Post-Monsoon
517.57,496.9911373869844,20.578862613015644,20.578862613015644,INDOFLOODS-gauge-369,517.57,48.96882751,101.94337009999998,158.8707319,181.7573008,191.9789672,196.7238649,200.3395901,204.8394211,214.6960889,223.253919,5,302106.5313,189812.8125,14490.60156,1197,195423.5938,671399.75,1.591602445,0.379430652,0.006125156,1.51e-10,0.403955877,2.635527611,0.000378314,0.000159498,1.584561825,1.545906186,0.449965209,199,1.75e-08,0.000109898,2.8e-12,0.190919295,199,42.0,9.0,3.0,1.0,1214115.625,506812.1563,379480.9688,154940.1875,55875.38281,6101.083496,12066.95605,42164.55078,51646.73047,55875.38281,0.417433202,0.748760581,0.408295006,0.360625505,4.738095284,4.666666508,3.0,3.0,24.139654,10.132309,55.212869,196.100523,34.074467,15.713389,18.361078,23.393424,23.97989,27.138874,22.327184,1590.677298,524.835181,0.647905,107.676671,1115.567855,7.430724,154.475979,260.157826,Tropical,154762262.9,112075837.1,78965452.75,53864978.62,38274377.73,28093005.21,5101.6587,6635.686,3835.7205,2808.6616,2185.2522,1772.2565,1.989589,392.508671,8.193152583,0.65422714,0.7038582,0.60459614,0.55722106,0.5188698,0.48277453,3925171.0,269.846351,Cropland,No dominant class,Metamorphics,14.8306,75.6744,Krishna,Karnataka,14582.0,14490.60156,0.626789466,1994,7,195,Monsoon
13.62,34.18010538388943,-20.56010538388944,20.56010538388944,INDOFLOODS-gauge-1100,13.62,56.92105595,137.890223,191.5612833,220.1296704,272.5214297,295.5524291000001,311.8341524,330.0500737,335.85979060000005,340.9993698,5,291041.0938,205205.5625,19162.85352,557,209606.8906,710930.25,1.418290496,0.436163247,0.002657355,1.22e-10,0.476448596,2.292719603,0.00039385,0.00016395,1.459043145,1.388509154,0.409380645,220,1.46e-08,8.91e-05,2.4e-12,0.091319874,220,43.0,12.0,4.0,1.0,1420586.25,756499.5625,426683.9688,486951.25,51019.36328,6457.210449,17593.01367,35556.99609,121737.8125,51019.36328,0.532526314,0.564024091,1.141245723,0.104773045,5.116279125,3.583333254,3.0,4.0,25.907135,11.496072,42.739645,462.229225,37.809083,10.905593,26.90349,28.756363,19.729201,30.640983,19.38022,1326.954101,334.074126,2.542017,110.528196,860.792341,29.414267,306.612585,32.01933,Tropical,277972901.7,201022334.9,139999525.2,112995292.4,78236432.59,65502953.69,2899.980282,3771.980678,2144.065498,1872.185794,1468.111476,1396.421821,3.422081,304.813765,42.01283588,0.545916527,0.58733092,0.504502209,0.464970294,0.432968304,0.402848767,13108320.0,683.970965,Cropland,Luvisols,Unconsolidated sediments,23.65,88.14,Ganga,West Bengal,15350.0,19162.85352,24.83943661,2011,8,222,Monsoon
312.06,332.5716935185517,-20.51169351855168,20.51169351855168,INDOFLOODS-gauge-472,312.06,0.0,0.0,0.0,0.0,0.0,0.0,0.0,0.0,0.000195494,0.022358915,6,650388.9375,378736.5625,44652.65625,913,411680.4063,1664588.375,1.717259407,0.263467401,0.00221774,4.07e-11,0.202508584,3.795535803,0.000451163,0.000167508,2.237970829,1.579839468,0.390720576,581,1.68e-08,0.000100405,2.82e-12,0.152935132,581,126.0,31.0,9.0,3.0,3671381.5,1916652.625,965564.375,357243.875,345153.2813,6319.073242,15211.52832,31147.23828,39693.76563,115051.0938,0.522052169,0.503776431,0.369984537,0.966155887,4.611111164,4.064516068,3.444444418,3.0,24.964161,12.751767,41.11585,504.492075,41.046781,10.038858,31.007923,25.90896,24.431836,31.598482,18.730509,1267.92929,405.424048,4.618662,142.814047,1031.16188,27.087191,135.854057,34.012834,Tropical,62070252.02,44784344.93,31091858.92,24356314.02,23683134.33,20921424.15,2990.2112,3889.343,2227.44,1882.7871,1810.0876,1581.1671,1.487467,288.432099,5.58474887,0.474407538,0.510397127,0.438418027,0.40406436,0.376254261,0.350080065,8364153.0,186.969563,Cropland,Vertisols,Basic volcanic rocks,22.7561,77.7328,Narmada,Madhya Pradesh,44548.0,44652.65625,0.234929178,2016,10,299,Post-Monsoon
13.15,-7.2820568440261395,20.43205684402614,20.43205684402614,INDOFLOODS-gauge-429,13.15,141.6942794,151.0335619,153.4439178,164.7634525,184.4512334,207.3722391,226.0131326,250.7023373,255.5595359,260.4176849,3,71464.60938,57389.75391,813.0768433,1737,59878.34375,179882.2656,1.245250344,0.226773366,0.029008819,2.08e-09,0.31576556,4.40968895,8.34e-05,0.000140846,1.792230129,1.193496704,0.397285461,12,1.84e-08,0.000130983,2.6e-12,0.244649813,12,2.0,1.0,,,39029.13281,26071.5332,49418.10547,,,3252.427734,13035.7666,49418.10547,,,0.668001831,1.895481348,,,6.0,2.0,,,25.9632,7.673909,66.263042,103.314341,31.850515,20.265773,11.584742,25.615808,25.580189,27.495567,24.874742,2200.758763,381.073196,31.23299,61.751439,957.151546,144.071134,405.985567,331.583505,Tropical,243670159.1,178374575.0,122525667.4,80005322.33,51122901.3,36064275.01,6329.4634,8232.682,4635.839,3245.9465,2198.1104,1649.214,3.822601,412.777778,23.02158273,0.9958371,1.0,0.9202909,0.8481785,0.7898019,0.7348591,320795.9252,389.294534,No dominant class,Acrisols,Acid plutonic rocks,9.22,76.71,West Flowing Rivers From Tadri to Kanyakumari,Kerala,810.0,813.0768433,0.3798571979999999,1992,11,319,Post-Monsoon
12.98,-7.435717549763118,20.41571754976312,20.41571754976312,INDOFLOODS-gauge-429,12.98,40.85640786,48.53361767,54.88335249,70.82396956,85.03450477,119.77677649999998,154.91866519999996,165.4660677,166.2784552,172.83699099999995,3,71464.60938,57389.75391,813.0768433,1737,59878.34375,179882.2656,1.245250344,0.226773366,0.029008819,2.08e-09,0.31576556,4.40968895,8.34e-05,0.000140846,1.792230129,1.193496704,0.397285461,12,1.84e-08,0.000130983,2.6e-12,0.244649813,12,2.0,1.0,,,39029.13281,26071.5332,49418.10547,,,3252.427734,13035.7666,49418.10547,,,0.668001831,1.895481348,,,6.0,2.0,,,25.9632,7.673909,66.263042,103.314341,31.850515,20.265773,11.584742,25.615808,25.580189,27.495567,24.874742,2200.758763,381.073196,31.23299,61.751439,957.151546,144.071134,405.985567,331.583505,Tropical,243670159.1,178374575.0,122525667.4,80005322.33,51122901.3,36064275.01,6329.4634,8232.682,4635.839,3245.9465,2198.1104,1649.214,3.822601,412.777778,23.02158273,0.9958371,1.0,0.9202909,0.8481785,0.7898019,0.7348591,320795.9252,389.294534,No dominant class,Acrisols,Acid plutonic rocks,9.22,76.71,West Flowing Rivers From Tadri to Kanyakumari,Kerala,810.0,813.0768433,0.3798571979999999,1992,10,283,Post-Monsoon
517.28,496.9911373869844,20.288862613015567,20.288862613015567,INDOFLOODS-gauge-369,517.28,48.29575538,100.7700351,127.8244522,140.2748115,191.6443168,215.0352085,231.0928419,254.5551218,279.6384224,292.260493,5,302106.5313,189812.8125,14490.60156,1197,195423.5938,671399.75,1.591602445,0.379430652,0.006125156,1.51e-10,0.403955877,2.635527611,0.000378314,0.000159498,1.584561825,1.545906186,0.449965209,199,1.75e-08,0.000109898,2.8e-12,0.190919295,199,42.0,9.0,3.0,1.0,1214115.625,506812.1563,379480.9688,154940.1875,55875.38281,6101.083496,12066.95605,42164.55078,51646.73047,55875.38281,0.417433202,0.748760581,0.408295006,0.360625505,4.738095284,4.666666508,3.0,3.0,24.139654,10.132309,55.212869,196.100523,34.074467,15.713389,18.361078,23.393424,23.97989,27.138874,22.327184,1590.677298,524.835181,0.647905,107.676671,1115.567855,7.430724,154.475979,260.157826,Tropical,154762262.9,112075837.1,78965452.75,53864978.62,38274377.73,28093005.21,5101.6587,6635.686,3835.7205,2808.6616,2185.2522,1772.2565,1.989589,392.508671,8.193152583,0.65422714,0.7038582,0.60459614,0.55722106,0.5188698,0.48277453,3925171.0,269.846351,Cropland,No dominant class,Metamorphics,14.8306,75.6744,Krishna,Karnataka,14582.0,14490.60156,0.626789466,2007,8,219,Monsoon
12.78,-7.423639411065202,20.2036394110652,20.2036394110652,INDOFLOODS-gauge-429,12.78,95.79157229,123.7439626,153.0163396,174.6350326,233.1560324,258.5860533,264.30363470000003,268.4770878,278.2969727,295.5197966,3,71464.60938,57389.75391,813.0768433,1737,59878.34375,179882.2656,1.245250344,0.226773366,0.029008819,2.08e-09,0.31576556,4.40968895,8.34e-05,0.000140846,1.792230129,1.193496704,0.397285461,12,1.84e-08,0.000130983,2.6e-12,0.244649813,12,2.0,1.0,,,39029.13281,26071.5332,49418.10547,,,3252.427734,13035.7666,49418.10547,,,0.668001831,1.895481348,,,6.0,2.0,,,25.9632,7.673909,66.263042,103.314341,31.850515,20.265773,11.584742,25.615808,25.580189,27.495567,24.874742,2200.758763,381.073196,31.23299,61.751439,957.151546,144.071134,405.985567,331.583505,Tropical,243670159.1,178374575.0,122525667.4,80005322.33,51122901.3,36064275.01,6329.4634,8232.682,4635.839,3245.9465,2198.1104,1649.214,3.822601,412.777778,23.02158273,0.9958371,1.0,0.9202909,0.8481785,0.7898019,0.7348591,320795.9252,389.294534,No dominant class,Acrisols,Acid plutonic rocks,9.22,76.71,West Flowing Rivers From Tadri to Kanyakumari,Kerala,810.0,813.0768433,0.3798571979999999,2001,7,190,Monsoon
12.69,-7.508323994398533,20.19832399439853,20.19832399439853,INDOFLOODS-gauge-429,12.69,52.05850314,72.740879,112.1662767,147.9867296,173.494727,175.8036283,177.1951326,177.85296680000005,177.99788669999995,181.6567414,3,71464.60938,57389.75391,813.0768433,1737,59878.34375,179882.2656,1.245250344,0.226773366,0.029008819,2.08e-09,0.31576556,4.40968895,8.34e-05,0.000140846,1.792230129,1.193496704,0.397285461,12,1.84e-08,0.000130983,2.6e-12,0.244649813,12,2.0,1.0,,,39029.13281,26071.5332,49418.10547,,,3252.427734,13035.7666,49418.10547,,,0.668001831,1.895481348,,,6.0,2.0,,,25.9632,7.673909,66.263042,103.314341,31.850515,20.265773,11.584742,25.615808,25.580189,27.495567,24.874742,2200.758763,381.073196,31.23299,61.751439,957.151546,144.071134,405.985567,331.583505,Tropical,243670159.1,178374575.0,122525667.4,80005322.33,51122901.3,36064275.01,6329.4634,8232.682,4635.839,3245.9465,2198.1104,1649.214,3.822601,412.777778,23.02158273,0.9958371,1.0,0.9202909,0.8481785,0.7898019,0.7348591,320795.9252,389.294534,No dominant class,Acrisols,Acid plutonic rocks,9.22,76.71,West Flowing Rivers From Tadri to Kanyakumari,Kerala,810.0,813.0768433,0.3798571979999999,1994,8,213,Monsoon
12.57,-7.435717549763118,20.00571754976312,20.00571754976312,INDOFLOODS-gauge-429,12.57,48.76627514,86.50492586,155.7355176,161.12873359999998,164.26709230000003,165.9106284,166.7431213,170.43114430000003,172.7111196,174.2915259,3,71464.60938,57389.75391,813.0768433,1737,59878.34375,179882.2656,1.245250344,0.226773366,0.029008819,2.08e-09,0.31576556,4.40968895,8.34e-05,0.000140846,1.792230129,1.193496704,0.397285461,12,1.84e-08,0.000130983,2.6e-12,0.244649813,12,2.0,1.0,,,39029.13281,26071.5332,49418.10547,,,3252.427734,13035.7666,49418.10547,,,0.668001831,1.895481348,,,6.0,2.0,,,25.9632,7.673909,66.263042,103.314341,31.850515,20.265773,11.584742,25.615808,25.580189,27.495567,24.874742,2200.758763,381.073196,31.23299,61.751439,957.151546,144.071134,405.985567,331.583505,Tropical,243670159.1,178374575.0,122525667.4,80005322.33,51122901.3,36064275.01,6329.4634,8232.682,4635.839,3245.9465,2198.1104,1649.214,3.822601,412.777778,23.02158273,0.9958371,1.0,0.9202909,0.8481785,0.7898019,0.7348591,320795.9252,389.294534,No dominant class,Acrisols,Acid plutonic rocks,9.22,76.71,West Flowing Rivers From Tadri to Kanyakumari,Kerala,810.0,813.0768433,0.3798571979999999,1998,10,284,Post-Monsoon
48.2,28.293345632833905,19.906654367166094,19.906654367166094,INDOFLOODS-gauge-1085,48.2,14.70286309,25.27500738,42.06267078,61.87918178,83.69287806,94.30290504,107.2979965,113.9281219,116.0795751,125.558583,5,463678.7188,330162.8125,21904.48242,1204,341410.3438,1098149.25,1.40439415,0.18792288,0.003526548,7.02e-11,0.228254899,5.321331978,0.000363339,0.000161826,2.107978106,1.358127356,0.422236532,315,1.82e-08,0.000112562,2.95e-12,0.1948383,315,67.0,13.0,3.0,1.0,1756620.375,817386.5,396399.9375,274903.0313,299401.1875,5576.572754,12199.79883,30492.30273,91634.34375,299401.1875,0.465317667,0.484960228,0.693499207,1.08911562,4.70149231,5.153846264,4.333333492,3.0,25.324364,11.317986,40.461182,493.632095,38.792319,10.797642,27.994677,27.586145,18.959131,31.029907,18.706263,1213.55461,306.451879,3.037624,115.792655,829.954574,26.053865,236.935106,34.614645,Tropical,193803869.7,139464558.5,95072538.82,76975155.1,55169759.77,46898096.51,2346.516734,3052.095218,1713.25437,1511.417903,1239.699602,1215.136213,7.762763,433.032258,42.26073014,0.508558694,0.547139028,0.469978406,0.433151714,0.403339676,0.375281258,15777280.0,722.63754,Cropland,Luvisols,Metamorphics,22.8381,87.9031,Ganga - Brahmaputra -Meghna/Barak,West Bengal,21310.0,21904.48242,2.789687565,2012,7,201,Monsoon
48.2,28.293345632833905,19.906654367166094,19.906654367166094,INDOFLOODS-gauge-1085,48.2,3.166077804,17.22858766,25.51977405,42.79938122,55.87390589,69.49019686,72.48340977,76.72614228,83.20115075,97.03964936,5,463678.7188,330162.8125,21904.48242,1204,341410.3438,1098149.25,1.40439415,0.18792288,0.003526548,7.02e-11,0.228254899,5.321331978,0.000363339,0.000161826,2.107978106,1.358127356,0.422236532,315,1.82e-08,0.000112562,2.95e-12,0.1948383,315,67.0,13.0,3.0,1.0,1756620.375,817386.5,396399.9375,274903.0313,299401.1875,5576.572754,12199.79883,30492.30273,91634.34375,299401.1875,0.465317667,0.484960228,0.693499207,1.08911562,4.70149231,5.153846264,4.333333492,3.0,25.324364,11.317986,40.461182,493.632095,38.792319,10.797642,27.994677,27.586145,18.959131,31.029907,18.706263,1213.55461,306.451879,3.037624,115.792655,829.954574,26.053865,236.935106,34.614645,Tropical,193803869.7,139464558.5,95072538.82,76975155.1,55169759.77,46898096.51,2346.516734,3052.095218,1713.25437,1511.417903,1239.699602,1215.136213,7.762763,433.032258,42.26073014,0.508558694,0.547139028,0.469978406,0.433151714,0.403339676,0.375281258,15777280.0,722.63754,Cropland,Luvisols,Metamorphics,22.8381,87.9031,Ganga - Brahmaputra -Meghna/Barak,West Bengal,21310.0,21904.48242,2.789687565,2012,8,221,Monsoon
516.68,496.9911373869844,19.688862613015544,19.688862613015544,INDOFLOODS-gauge-369,516.68,42.18974819,87.15474996,120.3236055,142.0480926,157.9924615,166.6764694,173.16204380000005,179.89135280000005,192.3911614,203.41335780000003,5,302106.5313,189812.8125,14490.60156,1197,195423.5938,671399.75,1.591602445,0.379430652,0.006125156,1.51e-10,0.403955877,2.635527611,0.000378314,0.000159498,1.584561825,1.545906186,0.449965209,199,1.75e-08,0.000109898,2.8e-12,0.190919295,199,42.0,9.0,3.0,1.0,1214115.625,506812.1563,379480.9688,154940.1875,55875.38281,6101.083496,12066.95605,42164.55078,51646.73047,55875.38281,0.417433202,0.748760581,0.408295006,0.360625505,4.738095284,4.666666508,3.0,3.0,24.139654,10.132309,55.212869,196.100523,34.074467,15.713389,18.361078,23.393424,23.97989,27.138874,22.327184,1590.677298,524.835181,0.647905,107.676671,1115.567855,7.430724,154.475979,260.157826,Tropical,154762262.9,112075837.1,78965452.75,53864978.62,38274377.73,28093005.21,5101.6587,6635.686,3835.7205,2808.6616,2185.2522,1772.2565,1.989589,392.508671,8.193152583,0.65422714,0.7038582,0.60459614,0.55722106,0.5188698,0.48277453,3925171.0,269.846351,Cropland,No dominant class,Metamorphics,14.8306,75.6744,Krishna,Karnataka,14582.0,14490.60156,0.626789466,2008,8,225,Monsoon
12.17,-7.508323994398533,19.67832399439853,19.67832399439853,INDOFLOODS-gauge-429,12.17,34.72268471,42.40107261,49.29484516,73.99355459,84.05536401,85.1301712,87.64622059,87.98102469999998,88.04807554,88.20415441,3,71464.60938,57389.75391,813.0768433,1737,59878.34375,179882.2656,1.245250344,0.226773366,0.029008819,2.08e-09,0.31576556,4.40968895,8.34e-05,0.000140846,1.792230129,1.193496704,0.397285461,12,1.84e-08,0.000130983,2.6e-12,0.244649813,12,2.0,1.0,,,39029.13281,26071.5332,49418.10547,,,3252.427734,13035.7666,49418.10547,,,0.668001831,1.895481348,,,6.0,2.0,,,25.9632,7.673909,66.263042,103.314341,31.850515,20.265773,11.584742,25.615808,25.580189,27.495567,24.874742,2200.758763,381.073196,31.23299,61.751439,957.151546,144.071134,405.985567,331.583505,Tropical,243670159.1,178374575.0,122525667.4,80005322.33,51122901.3,36064275.01,6329.4634,8232.682,4635.839,3245.9465,2198.1104,1649.214,3.822601,412.777778,23.02158273,0.9958371,1.0,0.9202909,0.8481785,0.7898019,0.7348591,320795.9252,389.294534,No dominant class,Acrisols,Acid plutonic rocks,9.22,76.71,West Flowing Rivers From Tadri to Kanyakumari,Kerala,810.0,813.0768433,0.3798571979999999,1986,8,220,Monsoon
295.55,315.1279006865671,-19.57790068656709,19.57790068656709,INDOFLOODS-gauge-472,295.55,57.92598844,115.4991869,124.6794888,130.7250145,135.8752508,145.279961,163.4542309,200.6111492,225.8974739,245.3992548,6,650388.9375,378736.5625,44652.65625,913,411680.4063,1664588.375,1.717259407,0.263467401,0.00221774,4.07e-11,0.202508584,3.795535803,0.000451163,0.000167508,2.237970829,1.579839468,0.390720576,581,1.68e-08,0.000100405,2.82e-12,0.152935132,581,126.0,31.0,9.0,3.0,3671381.5,1916652.625,965564.375,357243.875,345153.2813,6319.073242,15211.52832,31147.23828,39693.76563,115051.0938,0.522052169,0.503776431,0.369984537,0.966155887,4.611111164,4.064516068,3.444444418,3.0,24.964161,12.751767,41.11585,504.492075,41.046781,10.038858,31.007923,25.90896,24.431836,31.598482,18.730509,1267.92929,405.424048,4.618662,142.814047,1031.16188,27.087191,135.854057,34.012834,Tropical,62070252.02,44784344.93,31091858.92,24356314.02,23683134.33,20921424.15,2990.2112,3889.343,2227.44,1882.7871,1810.0876,1581.1671,1.487467,288.432099,5.58474887,0.474407538,0.510397127,0.438418027,0.40406436,0.376254261,0.350080065,8364153.0,186.969563,Cropland,Vertisols,Basic volcanic rocks,22.7561,77.7328,Narmada,Madhya Pradesh,44548.0,44652.65625,0.234929178,2012,8,220,Monsoon
516.47,496.9911373869844,19.47886261301562,19.47886261301562,INDOFLOODS-gauge-369,516.47,40.77007797,86.23152676,142.04154069999996,223.4505333,314.1969430000001,378.5099461,396.5769547,399.8228021,404.0175449,412.2427498,5,302106.5313,189812.8125,14490.60156,1197,195423.5938,671399.75,1.591602445,0.379430652,0.006125156,1.51e-10,0.403955877,2.635527611,0.000378314,0.000159498,1.584561825,1.545906186,0.449965209,199,1.75e-08,0.000109898,2.8e-12,0.190919295,199,42.0,9.0,3.0,1.0,1214115.625,506812.1563,379480.9688,154940.1875,55875.38281,6101.083496,12066.95605,42164.55078,51646.73047,55875.38281,0.417433202,0.748760581,0.408295006,0.360625505,4.738095284,4.666666508,3.0,3.0,24.139654,10.132309,55.212869,196.100523,34.074467,15.713389,18.361078,23.393424,23.97989,27.138874,22.327184,1590.677298,524.835181,0.647905,107.676671,1115.567855,7.430724,154.475979,260.157826,Tropical,154762262.9,112075837.1,78965452.75,53864978.62,38274377.73,28093005.21,5101.6587,6635.686,3835.7205,2808.6616,2185.2522,1772.2565,1.989589,392.508671,8.193152583,0.65422714,0.7038582,0.60459614,0.55722106,0.5188698,0.48277453,3925171.0,269.846351,Cropland,No dominant class,Metamorphics,14.8306,75.6744,Krishna,Karnataka,14582.0,14490.60156,0.626789466,1982,8,215,Monsoon
11.94,-7.508323994398533,19.44832399439853,19.44832399439853,INDOFLOODS-gauge-429,11.94,26.681721000000003,27.95417881,30.93252867,44.0967916,52.47275474,82.81918931,88.99834654,93.44625643,93.55594546,106.0464789,3,71464.60938,57389.75391,813.0768433,1737,59878.34375,179882.2656,1.245250344,0.226773366,0.029008819,2.08e-09,0.31576556,4.40968895,8.34e-05,0.000140846,1.792230129,1.193496704,0.397285461,12,1.84e-08,0.000130983,2.6e-12,0.244649813,12,2.0,1.0,,,39029.13281,26071.5332,49418.10547,,,3252.427734,13035.7666,49418.10547,,,0.668001831,1.895481348,,,6.0,2.0,,,25.9632,7.673909,66.263042,103.314341,31.850515,20.265773,11.584742,25.615808,25.580189,27.495567,24.874742,2200.758763,381.073196,31.23299,61.751439,957.151546,144.071134,405.985567,331.583505,Tropical,243670159.1,178374575.0,122525667.4,80005322.33,51122901.3,36064275.01,6329.4634,8232.682,4635.839,3245.9465,2198.1104,1649.214,3.822601,412.777778,23.02158273,0.9958371,1.0,0.9202909,0.8481785,0.7898019,0.7348591,320795.9252,389.294534,No dominant class,Acrisols,Acid plutonic rocks,9.22,76.71,West Flowing Rivers From Tadri to Kanyakumari,Kerala,810.0,813.0768433,0.3798571979999999,1978,7,204,Monsoon
11.9,-7.508323994398533,19.408323994398533,19.408323994398533,INDOFLOODS-gauge-429,11.9,25.14033257,37.23662089,47.67870146,60.61627003,70.99361067,90.44140496,100.1907312,117.6326666,144.6002995,157.5538351,3,71464.60938,57389.75391,813.0768433,1737,59878.34375,179882.2656,1.245250344,0.226773366,0.029008819,2.08e-09,0.31576556,4.40968895,8.34e-05,0.000140846,1.792230129,1.193496704,0.397285461,12,1.84e-08,0.000130983,2.6e-12,0.244649813,12,2.0,1.0,,,39029.13281,26071.5332,49418.10547,,,3252.427734,13035.7666,49418.10547,,,0.668001831,1.895481348,,,6.0,2.0,,,25.9632,7.673909,66.263042,103.314341,31.850515,20.265773,11.584742,25.615808,25.580189,27.495567,24.874742,2200.758763,381.073196,31.23299,61.751439,957.151546,144.071134,405.985567,331.583505,Tropical,243670159.1,178374575.0,122525667.4,80005322.33,51122901.3,36064275.01,6329.4634,8232.682,4635.839,3245.9465,2198.1104,1649.214,3.822601,412.777778,23.02158273,0.9958371,1.0,0.9202909,0.8481785,0.7898019,0.7348591,320795.9252,389.294534,No dominant class,Acrisols,Acid plutonic rocks,9.22,76.71,West Flowing Rivers From Tadri to Kanyakumari,Kerala,810.0,813.0768433,0.3798571979999999,1985,6,174,Monsoon
11.89,-7.508323994398533,19.39832399439853,19.39832399439853,INDOFLOODS-gauge-429,11.89,48.52823143,56.81750256,59.54962894,67.73907566,84.47593709,95.9631322,108.116295,123.8584585,144.29811830000003,154.9227892,3,71464.60938,57389.75391,813.0768433,1737,59878.34375,179882.2656,1.245250344,0.226773366,0.029008819,2.08e-09,0.31576556,4.40968895,8.34e-05,0.000140846,1.792230129,1.193496704,0.397285461,12,1.84e-08,0.000130983,2.6e-12,0.244649813,12,2.0,1.0,,,39029.13281,26071.5332,49418.10547,,,3252.427734,13035.7666,49418.10547,,,0.668001831,1.895481348,,,6.0,2.0,,,25.9632,7.673909,66.263042,103.314341,31.850515,20.265773,11.584742,25.615808,25.580189,27.495567,24.874742,2200.758763,381.073196,31.23299,61.751439,957.151546,144.071134,405.985567,331.583505,Tropical,243670159.1,178374575.0,122525667.4,80005322.33,51122901.3,36064275.01,6329.4634,8232.682,4635.839,3245.9465,2198.1104,1649.214,3.822601,412.777778,23.02158273,0.9958371,1.0,0.9202909,0.8481785,0.7898019,0.7348591,320795.9252,389.294534,No dominant class,Acrisols,Acid plutonic rocks,9.22,76.71,West Flowing Rivers From Tadri to Kanyakumari,Kerala,810.0,813.0768433,0.3798571979999999,2007,7,198,Monsoon
11.84,-7.435717549763118,19.27571754976312,19.27571754976312,INDOFLOODS-gauge-429,11.84,18.29810586,27.92823546,29.32549542,29.44900498,29.70474916,30.29166794,30.34034999,30.39825061,30.43170693,30.85246562,3,71464.60938,57389.75391,813.0768433,1737,59878.34375,179882.2656,1.245250344,0.226773366,0.029008819,2.08e-09,0.31576556,4.40968895,8.34e-05,0.000140846,1.792230129,1.193496704,0.397285461,12,1.84e-08,0.000130983,2.6e-12,0.244649813,12,2.0,1.0,,,39029.13281,26071.5332,49418.10547,,,3252.427734,13035.7666,49418.10547,,,0.668001831,1.895481348,,,6.0,2.0,,,25.9632,7.673909,66.263042,103.314341,31.850515,20.265773,11.584742,25.615808,25.580189,27.495567,24.874742,2200.758763,381.073196,31.23299,61.751439,957.151546,144.071134,405.985567,331.583505,Tropical,243670159.1,178374575.0,122525667.4,80005322.33,51122901.3,36064275.01,6329.4634,8232.682,4635.839,3245.9465,2198.1104,1649.214,3.822601,412.777778,23.02158273,0.9958371,1.0,0.9202909,0.8481785,0.7898019,0.7348591,320795.9252,389.294534,No dominant class,Acrisols,Acid plutonic rocks,9.22,76.71,West Flowing Rivers From Tadri to Kanyakumari,Kerala,810.0,813.0768433,0.3798571979999999,1981,9,252,Monsoon
12.52,-6.655459285776078,19.17545928577608,19.17545928577608,INDOFLOODS-gauge-429,12.52,35.31800386,71.93739386,99.11180439,111.651239,112.4529433,119.568666,134.0409598,136.83994980000003,141.31930269999995,142.7889047,3,71464.60938,57389.75391,813.0768433,1737,59878.34375,179882.2656,1.245250344,0.226773366,0.029008819,2.08e-09,0.31576556,4.40968895,8.34e-05,0.000140846,1.792230129,1.193496704,0.397285461,12,1.84e-08,0.000130983,2.6e-12,0.244649813,12,2.0,1.0,,,39029.13281,26071.5332,49418.10547,,,3252.427734,13035.7666,49418.10547,,,0.668001831,1.895481348,,,6.0,2.0,,,25.9632,7.673909,66.263042,103.314341,31.850515,20.265773,11.584742,25.615808,25.580189,27.495567,24.874742,2200.758763,381.073196,31.23299,61.751439,957.151546,144.071134,405.985567,331.583505,Tropical,243670159.1,178374575.0,122525667.4,80005322.33,51122901.3,36064275.01,6329.4634,8232.682,4635.839,3245.9465,2198.1104,1649.214,3.822601,412.777778,23.02158273,0.9958371,1.0,0.9202909,0.8481785,0.7898019,0.7348591,320795.9252,389.294534,No dominant class,Acrisols,Acid plutonic rocks,9.22,76.71,West Flowing Rivers From Tadri to Kanyakumari,Kerala,810.0,813.0768433,0.3798571979999999,1991,6,155,Monsoon
11.66,-7.435717549763118,19.09571754976312,19.09571754976312,INDOFLOODS-gauge-429,11.66,36.63327029,52.84178386,61.18064914,85.61077914,115.3411877,131.9714551,137.89933630000002,149.9886415,170.9860564,182.9630815,3,71464.60938,57389.75391,813.0768433,1737,59878.34375,179882.2656,1.245250344,0.226773366,0.029008819,2.08e-09,0.31576556,4.40968895,8.34e-05,0.000140846,1.792230129,1.193496704,0.397285461,12,1.84e-08,0.000130983,2.6e-12,0.244649813,12,2.0,1.0,,,39029.13281,26071.5332,49418.10547,,,3252.427734,13035.7666,49418.10547,,,0.668001831,1.895481348,,,6.0,2.0,,,25.9632,7.673909,66.263042,103.314341,31.850515,20.265773,11.584742,25.615808,25.580189,27.495567,24.874742,2200.758763,381.073196,31.23299,61.751439,957.151546,144.071134,405.985567,331.583505,Tropical,243670159.1,178374575.0,122525667.4,80005322.33,51122901.3,36064275.01,6329.4634,8232.682,4635.839,3245.9465,2198.1104,1649.214,3.822601,412.777778,23.02158273,0.9958371,1.0,0.9202909,0.8481785,0.7898019,0.7348591,320795.9252,389.294534,No dominant class,Acrisols,Acid plutonic rocks,9.22,76.71,West Flowing Rivers From Tadri to Kanyakumari,Kerala,810.0,813.0768433,0.3798571979999999,2000,8,237,Monsoon
11.39,-7.435717549763118,18.82571754976312,18.82571754976312,INDOFLOODS-gauge-429,11.39,16.85719929,28.55000714,38.16900547,44.01316131,50.56735449,55.69165901,59.99121399,75.15808327,93.08700307,98.984853,3,71464.60938,57389.75391,813.0768433,1737,59878.34375,179882.2656,1.245250344,0.226773366,0.029008819,2.08e-09,0.31576556,4.40968895,8.34e-05,0.000140846,1.792230129,1.193496704,0.397285461,12,1.84e-08,0.000130983,2.6e-12,0.244649813,12,2.0,1.0,,,39029.13281,26071.5332,49418.10547,,,3252.427734,13035.7666,49418.10547,,,0.668001831,1.895481348,,,6.0,2.0,,,25.9632,7.673909,66.263042,103.314341,31.850515,20.265773,11.584742,25.615808,25.580189,27.495567,24.874742,2200.758763,381.073196,31.23299,61.751439,957.151546,144.071134,405.985567,331.583505,Tropical,243670159.1,178374575.0,122525667.4,80005322.33,51122901.3,36064275.01,6329.4634,8232.682,4635.839,3245.9465,2198.1104,1649.214,3.822601,412.777778,23.02158273,0.9958371,1.0,0.9202909,0.8481785,0.7898019,0.7348591,320795.9252,389.294534,No dominant class,Acrisols,Acid plutonic rocks,9.22,76.71,West Flowing Rivers From Tadri to Kanyakumari,Kerala,810.0,813.0768433,0.3798571979999999,1983,8,229,Monsoon
11.3,-7.508323994398533,18.80832399439853,18.80832399439853,INDOFLOODS-gauge-429,11.3,14.790738,19.05891797,36.02242004,61.37096776,72.13637697,107.49131409999998,158.1325441,217.23457,238.44693340000003,252.6641653,3,71464.60938,57389.75391,813.0768433,1737,59878.34375,179882.2656,1.245250344,0.226773366,0.029008819,2.08e-09,0.31576556,4.40968895,8.34e-05,0.000140846,1.792230129,1.193496704,0.397285461,12,1.84e-08,0.000130983,2.6e-12,0.244649813,12,2.0,1.0,,,39029.13281,26071.5332,49418.10547,,,3252.427734,13035.7666,49418.10547,,,0.668001831,1.895481348,,,6.0,2.0,,,25.9632,7.673909,66.263042,103.314341,31.850515,20.265773,11.584742,25.615808,25.580189,27.495567,24.874742,2200.758763,381.073196,31.23299,61.751439,957.151546,144.071134,405.985567,331.583505,Tropical,243670159.1,178374575.0,122525667.4,80005322.33,51122901.3,36064275.01,6329.4634,8232.682,4635.839,3245.9465,2198.1104,1649.214,3.822601,412.777778,23.02158273,0.9958371,1.0,0.9202909,0.8481785,0.7898019,0.7348591,320795.9252,389.294534,No dominant class,Acrisols,Acid plutonic rocks,9.22,76.71,West Flowing Rivers From Tadri to Kanyakumari,Kerala,810.0,813.0768433,0.3798571979999999,1981,6,163,Monsoon
11.25,-7.508323994398533,18.75832399439853,18.75832399439853,INDOFLOODS-gauge-429,11.25,36.66136043,52.5115505,53.23508017,55.75035101,60.76497213,62.38903586,70.18319943,89.04814128,107.890122,126.3354415,3,71464.60938,57389.75391,813.0768433,1737,59878.34375,179882.2656,1.245250344,0.226773366,0.029008819,2.08e-09,0.31576556,4.40968895,8.34e-05,0.000140846,1.792230129,1.193496704,0.397285461,12,1.84e-08,0.000130983,2.6e-12,0.244649813,12,2.0,1.0,,,39029.13281,26071.5332,49418.10547,,,3252.427734,13035.7666,49418.10547,,,0.668001831,1.895481348,,,6.0,2.0,,,25.9632,7.673909,66.263042,103.314341,31.850515,20.265773,11.584742,25.615808,25.580189,27.495567,24.874742,2200.758763,381.073196,31.23299,61.751439,957.151546,144.071134,405.985567,331.583505,Tropical,243670159.1,178374575.0,122525667.4,80005322.33,51122901.3,36064275.01,6329.4634,8232.682,4635.839,3245.9465,2198.1104,1649.214,3.822601,412.777778,23.02158273,0.9958371,1.0,0.9202909,0.8481785,0.7898019,0.7348591,320795.9252,389.294534,No dominant class,Acrisols,Acid plutonic rocks,9.22,76.71,West Flowing Rivers From Tadri to Kanyakumari,Kerala,810.0,813.0768433,0.3798571979999999,1999,6,158,Monsoon
11.53,-7.205629007567807,18.735629007567805,18.735629007567805,INDOFLOODS-gauge-429,11.53,126.2963857,226.7717403,230.015146,236.4696394,250.6030093,258.8340853,271.8175483,273.2289933,275.0510817,275.2753587,3,71464.60938,57389.75391,813.0768433,1737,59878.34375,179882.2656,1.245250344,0.226773366,0.029008819,2.08e-09,0.31576556,4.40968895,8.34e-05,0.000140846,1.792230129,1.193496704,0.397285461,12,1.84e-08,0.000130983,2.6e-12,0.244649813,12,2.0,1.0,,,39029.13281,26071.5332,49418.10547,,,3252.427734,13035.7666,49418.10547,,,0.668001831,1.895481348,,,6.0,2.0,,,25.9632,7.673909,66.263042,103.314341,31.850515,20.265773,11.584742,25.615808,25.580189,27.495567,24.874742,2200.758763,381.073196,31.23299,61.751439,957.151546,144.071134,405.985567,331.583505,Tropical,243670159.1,178374575.0,122525667.4,80005322.33,51122901.3,36064275.01,6329.4634,8232.682,4635.839,3245.9465,2198.1104,1649.214,3.822601,412.777778,23.02158273,0.9958371,1.0,0.9202909,0.8481785,0.7898019,0.7348591,320795.9252,389.294534,No dominant class,Acrisols,Acid plutonic rocks,9.22,76.71,West Flowing Rivers From Tadri to Kanyakumari,Kerala,810.0,813.0768433,0.3798571979999999,2014,8,235,Monsoon
11.15,-7.508323994398533,18.658323994398533,18.658323994398533,INDOFLOODS-gauge-429,11.15,11.52229306,17.17125876,17.82528992,18.39210893,19.51615838,20.20821327,20.48725507,20.83331746,21.31838913,23.07598565,3,71464.60938,57389.75391,813.0768433,1737,59878.34375,179882.2656,1.245250344,0.226773366,0.029008819,2.08e-09,0.31576556,4.40968895,8.34e-05,0.000140846,1.792230129,1.193496704,0.397285461,12,1.84e-08,0.000130983,2.6e-12,0.244649813,12,2.0,1.0,,,39029.13281,26071.5332,49418.10547,,,3252.427734,13035.7666,49418.10547,,,0.668001831,1.895481348,,,6.0,2.0,,,25.9632,7.673909,66.263042,103.314341,31.850515,20.265773,11.584742,25.615808,25.580189,27.495567,24.874742,2200.758763,381.073196,31.23299,61.751439,957.151546,144.071134,405.985567,331.583505,Tropical,243670159.1,178374575.0,122525667.4,80005322.33,51122901.3,36064275.01,6329.4634,8232.682,4635.839,3245.9465,2198.1104,1649.214,3.822601,412.777778,23.02158273,0.9958371,1.0,0.9202909,0.8481785,0.7898019,0.7348591,320795.9252,389.294534,No dominant class,Acrisols,Acid plutonic rocks,9.22,76.71,West Flowing Rivers From Tadri to Kanyakumari,Kerala,810.0,813.0768433,0.3798571979999999,1981,8,222,Monsoon
11.13,-7.508323994398533,18.638323994398533,18.638323994398533,INDOFLOODS-gauge-429,11.13,9.0613958,10.50915635,11.94050411,15.99544682,17.38584456,17.4573295,20.48628731,29.16619889,32.33051353,32.60149138,3,71464.60938,57389.75391,813.0768433,1737,59878.34375,179882.2656,1.245250344,0.226773366,0.029008819,2.08e-09,0.31576556,4.40968895,8.34e-05,0.000140846,1.792230129,1.193496704,0.397285461,12,1.84e-08,0.000130983,2.6e-12,0.244649813,12,2.0,1.0,,,39029.13281,26071.5332,49418.10547,,,3252.427734,13035.7666,49418.10547,,,0.668001831,1.895481348,,,6.0,2.0,,,25.9632,7.673909,66.263042,103.314341,31.850515,20.265773,11.584742,25.615808,25.580189,27.495567,24.874742,2200.758763,381.073196,31.23299,61.751439,957.151546,144.071134,405.985567,331.583505,Tropical,243670159.1,178374575.0,122525667.4,80005322.33,51122901.3,36064275.01,6329.4634,8232.682,4635.839,3245.9465,2198.1104,1649.214,3.822601,412.777778,23.02158273,0.9958371,1.0,0.9202909,0.8481785,0.7898019,0.7348591,320795.9252,389.294534,No dominant class,Acrisols,Acid plutonic rocks,9.22,76.71,West Flowing Rivers From Tadri to Kanyakumari,Kerala,810.0,813.0768433,0.3798571979999999,1981,7,205,Monsoon
515.6,496.9911373869844,18.608862613015617,18.608862613015617,INDOFLOODS-gauge-369,515.6,23.28284154,70.08952527,87.43624838,102.6795568,115.8733834,154.5507505,210.2487334,229.869623,261.2824794,290.7820165,5,302106.5313,189812.8125,14490.60156,1197,195423.5938,671399.75,1.591602445,0.379430652,0.006125156,1.51e-10,0.403955877,2.635527611,0.000378314,0.000159498,1.584561825,1.545906186,0.449965209,199,1.75e-08,0.000109898,2.8e-12,0.190919295,199,42.0,9.0,3.0,1.0,1214115.625,506812.1563,379480.9688,154940.1875,55875.38281,6101.083496,12066.95605,42164.55078,51646.73047,55875.38281,0.417433202,0.748760581,0.408295006,0.360625505,4.738095284,4.666666508,3.0,3.0,24.139654,10.132309,55.212869,196.100523,34.074467,15.713389,18.361078,23.393424,23.97989,27.138874,22.327184,1590.677298,524.835181,0.647905,107.676671,1115.567855,7.430724,154.475979,260.157826,Tropical,154762262.9,112075837.1,78965452.75,53864978.62,38274377.73,28093005.21,5101.6587,6635.686,3835.7205,2808.6616,2185.2522,1772.2565,1.989589,392.508671,8.193152583,0.65422714,0.7038582,0.60459614,0.55722106,0.5188698,0.48277453,3925171.0,269.846351,Cropland,No dominant class,Metamorphics,14.8306,75.6744,Krishna,Karnataka,14582.0,14490.60156,0.626789466,1992,7,210,Monsoon
11.1,-7.508323994398533,18.60832399439853,18.60832399439853,INDOFLOODS-gauge-429,11.1,48.02608757,107.0368076,151.5099243,196.9253389,239.3055127,274.9904174,290.7974511000001,296.5601673,313.7217036,319.5091422,3,71464.60938,57389.75391,813.0768433,1737,59878.34375,179882.2656,1.245250344,0.226773366,0.029008819,2.08e-09,0.31576556,4.40968895,8.34e-05,0.000140846,1.792230129,1.193496704,0.397285461,12,1.84e-08,0.000130983,2.6e-12,0.244649813,12,2.0,1.0,,,39029.13281,26071.5332,49418.10547,,,3252.427734,13035.7666,49418.10547,,,0.668001831,1.895481348,,,6.0,2.0,,,25.9632,7.673909,66.263042,103.314341,31.850515,20.265773,11.584742,25.615808,25.580189,27.495567,24.874742,2200.758763,381.073196,31.23299,61.751439,957.151546,144.071134,405.985567,331.583505,Tropical,243670159.1,178374575.0,122525667.4,80005322.33,51122901.3,36064275.01,6329.4634,8232.682,4635.839,3245.9465,2198.1104,1649.214,3.822601,412.777778,23.02158273,0.9958371,1.0,0.9202909,0.8481785,0.7898019,0.7348591,320795.9252,389.294534,No dominant class,Acrisols,Acid plutonic rocks,9.22,76.71,West Flowing Rivers From Tadri to Kanyakumari,Kerala,810.0,813.0768433,0.3798571979999999,2005,8,213,Monsoon
515.52,496.9911373869844,18.528862613015576,18.528862613015576,INDOFLOODS-gauge-369,515.52,31.65418383,63.64998694,87.03186626,100.5904199,105.6339731,131.7337774,154.1262733,181.3825664,216.5791405,258.8332554,5,302106.5313,189812.8125,14490.60156,1197,195423.5938,671399.75,1.591602445,0.379430652,0.006125156,1.51e-10,0.403955877,2.635527611,0.000378314,0.000159498,1.584561825,1.545906186,0.449965209,199,1.75e-08,0.000109898,2.8e-12,0.190919295,199,42.0,9.0,3.0,1.0,1214115.625,506812.1563,379480.9688,154940.1875,55875.38281,6101.083496,12066.95605,42164.55078,51646.73047,55875.38281,0.417433202,0.748760581,0.408295006,0.360625505,4.738095284,4.666666508,3.0,3.0,24.139654,10.132309,55.212869,196.100523,34.074467,15.713389,18.361078,23.393424,23.97989,27.138874,22.327184,1590.677298,524.835181,0.647905,107.676671,1115.567855,7.430724,154.475979,260.157826,Tropical,154762262.9,112075837.1,78965452.75,53864978.62,38274377.73,28093005.21,5101.6587,6635.686,3835.7205,2808.6616,2185.2522,1772.2565,1.989589,392.508671,8.193152583,0.65422714,0.7038582,0.60459614,0.55722106,0.5188698,0.48277453,3925171.0,269.846351,Cropland,No dominant class,Metamorphics,14.8306,75.6744,Krishna,Karnataka,14582.0,14490.60156,0.626789466,2013,8,215,Monsoon
515.49,496.9911373869844,18.498862613015604,18.498862613015604,INDOFLOODS-gauge-369,515.49,50.58312559,127.08918590000002,158.77215719999995,183.7412851,191.8010225,209.8256917,229.8459859,257.4066956,301.4883939,343.43737660000005,5,302106.5313,189812.8125,14490.60156,1197,195423.5938,671399.75,1.591602445,0.379430652,0.006125156,1.51e-10,0.403955877,2.635527611,0.000378314,0.000159498,1.584561825,1.545906186,0.449965209,199,1.75e-08,0.000109898,2.8e-12,0.190919295,199,42.0,9.0,3.0,1.0,1214115.625,506812.1563,379480.9688,154940.1875,55875.38281,6101.083496,12066.95605,42164.55078,51646.73047,55875.38281,0.417433202,0.748760581,0.408295006,0.360625505,4.738095284,4.666666508,3.0,3.0,24.139654,10.132309,55.212869,196.100523,34.074467,15.713389,18.361078,23.393424,23.97989,27.138874,22.327184,1590.677298,524.835181,0.647905,107.676671,1115.567855,7.430724,154.475979,260.157826,Tropical,154762262.9,112075837.1,78965452.75,53864978.62,38274377.73,28093005.21,5101.6587,6635.686,3835.7205,2808.6616,2185.2522,1772.2565,1.989589,392.508671,8.193152583,0.65422714,0.7038582,0.60459614,0.55722106,0.5188698,0.48277453,3925171.0,269.846351,Cropland,No dominant class,Metamorphics,14.8306,75.6744,Krishna,Karnataka,14582.0,14490.60156,0.626789466,2009,7,198,Monsoon
10.96,-7.508323994398533,18.46832399439853,18.46832399439853,INDOFLOODS-gauge-429,10.96,43.46902229,77.81810286,91.69580914,94.12421632,94.40191966,94.47965353,95.11998872,100.0496907,118.3691375,125.548947,3,71464.60938,57389.75391,813.0768433,1737,59878.34375,179882.2656,1.245250344,0.226773366,0.029008819,2.08e-09,0.31576556,4.40968895,8.34e-05,0.000140846,1.792230129,1.193496704,0.397285461,12,1.84e-08,0.000130983,2.6e-12,0.244649813,12,2.0,1.0,,,39029.13281,26071.5332,49418.10547,,,3252.427734,13035.7666,49418.10547,,,0.668001831,1.895481348,,,6.0,2.0,,,25.9632,7.673909,66.263042,103.314341,31.850515,20.265773,11.584742,25.615808,25.580189,27.495567,24.874742,2200.758763,381.073196,31.23299,61.751439,957.151546,144.071134,405.985567,331.583505,Tropical,243670159.1,178374575.0,122525667.4,80005322.33,51122901.3,36064275.01,6329.4634,8232.682,4635.839,3245.9465,2198.1104,1649.214,3.822601,412.777778,23.02158273,0.9958371,1.0,0.9202909,0.8481785,0.7898019,0.7348591,320795.9252,389.294534,No dominant class,Acrisols,Acid plutonic rocks,9.22,76.71,West Flowing Rivers From Tadri to Kanyakumari,Kerala,810.0,813.0768433,0.3798571979999999,1992,7,210,Monsoon
515.45,496.9911373869844,18.45886261301564,18.45886261301564,INDOFLOODS-gauge-369,515.45,65.9300241,125.4272562,153.889744,175.1679575,186.237673,202.2109609,216.2781092,225.07910980000003,232.8240393,246.163048,5,302106.5313,189812.8125,14490.60156,1197,195423.5938,671399.75,1.591602445,0.379430652,0.006125156,1.51e-10,0.403955877,2.635527611,0.000378314,0.000159498,1.584561825,1.545906186,0.449965209,199,1.75e-08,0.000109898,2.8e-12,0.190919295,199,42.0,9.0,3.0,1.0,1214115.625,506812.1563,379480.9688,154940.1875,55875.38281,6101.083496,12066.95605,42164.55078,51646.73047,55875.38281,0.417433202,0.748760581,0.408295006,0.360625505,4.738095284,4.666666508,3.0,3.0,24.139654,10.132309,55.212869,196.100523,34.074467,15.713389,18.361078,23.393424,23.97989,27.138874,22.327184,1590.677298,524.835181,0.647905,107.676671,1115.567855,7.430724,154.475979,260.157826,Tropical,154762262.9,112075837.1,78965452.75,53864978.62,38274377.73,28093005.21,5101.6587,6635.686,3835.7205,2808.6616,2185.2522,1772.2565,1.989589,392.508671,8.193152583,0.65422714,0.7038582,0.60459614,0.55722106,0.5188698,0.48277453,3925171.0,269.846351,Cropland,No dominant class,Metamorphics,14.8306,75.6744,Krishna,Karnataka,14582.0,14490.60156,0.626789466,1980,7,185,Monsoon
11.02,-7.435717549763118,18.45571754976312,18.45571754976312,INDOFLOODS-gauge-429,11.02,28.16590200000001,39.39874157,49.81069694,54.87443464,85.57216207,100.7730604,103.6508384,110.205294,113.6223377,118.9705876,3,71464.60938,57389.75391,813.0768433,1737,59878.34375,179882.2656,1.245250344,0.226773366,0.029008819,2.08e-09,0.31576556,4.40968895,8.34e-05,0.000140846,1.792230129,1.193496704,0.397285461,12,1.84e-08,0.000130983,2.6e-12,0.244649813,12,2.0,1.0,,,39029.13281,26071.5332,49418.10547,,,3252.427734,13035.7666,49418.10547,,,0.668001831,1.895481348,,,6.0,2.0,,,25.9632,7.673909,66.263042,103.314341,31.850515,20.265773,11.584742,25.615808,25.580189,27.495567,24.874742,2200.758763,381.073196,31.23299,61.751439,957.151546,144.071134,405.985567,331.583505,Tropical,243670159.1,178374575.0,122525667.4,80005322.33,51122901.3,36064275.01,6329.4634,8232.682,4635.839,3245.9465,2198.1104,1649.214,3.822601,412.777778,23.02158273,0.9958371,1.0,0.9202909,0.8481785,0.7898019,0.7348591,320795.9252,389.294534,No dominant class,Acrisols,Acid plutonic rocks,9.22,76.71,West Flowing Rivers From Tadri to Kanyakumari,Kerala,810.0,813.0768433,0.3798571979999999,2010,11,326,Post-Monsoon
515.43,496.9911373869844,18.438862613015544,18.438862613015544,INDOFLOODS-gauge-369,515.43,32.42463136,61.51584159,76.41086825,89.37905505,104.6860711,121.6911221,144.2767744,192.6941471,223.3081488,235.3863114,5,302106.5313,189812.8125,14490.60156,1197,195423.5938,671399.75,1.591602445,0.379430652,0.006125156,1.51e-10,0.403955877,2.635527611,0.000378314,0.000159498,1.584561825,1.545906186,0.449965209,199,1.75e-08,0.000109898,2.8e-12,0.190919295,199,42.0,9.0,3.0,1.0,1214115.625,506812.1563,379480.9688,154940.1875,55875.38281,6101.083496,12066.95605,42164.55078,51646.73047,55875.38281,0.417433202,0.748760581,0.408295006,0.360625505,4.738095284,4.666666508,3.0,3.0,24.139654,10.132309,55.212869,196.100523,34.074467,15.713389,18.361078,23.393424,23.97989,27.138874,22.327184,1590.677298,524.835181,0.647905,107.676671,1115.567855,7.430724,154.475979,260.157826,Tropical,154762262.9,112075837.1,78965452.75,53864978.62,38274377.73,28093005.21,5101.6587,6635.686,3835.7205,2808.6616,2185.2522,1772.2565,1.989589,392.508671,8.193152583,0.65422714,0.7038582,0.60459614,0.55722106,0.5188698,0.48277453,3925171.0,269.846351,Cropland,No dominant class,Metamorphics,14.8306,75.6744,Krishna,Karnataka,14582.0,14490.60156,0.626789466,1992,8,232,Monsoon
515.38,496.9911373869844,18.38886261301559,18.38886261301559,INDOFLOODS-gauge-369,515.38,16.30180777,40.97739279,59.27688865,75.51821701,93.25159437,112.8823802,139.41135590000002,170.3141521,183.0270407,194.5090895,5,302106.5313,189812.8125,14490.60156,1197,195423.5938,671399.75,1.591602445,0.379430652,0.006125156,1.51e-10,0.403955877,2.635527611,0.000378314,0.000159498,1.584561825,1.545906186,0.449965209,199,1.75e-08,0.000109898,2.8e-12,0.190919295,199,42.0,9.0,3.0,1.0,1214115.625,506812.1563,379480.9688,154940.1875,55875.38281,6101.083496,12066.95605,42164.55078,51646.73047,55875.38281,0.417433202,0.748760581,0.408295006,0.360625505,4.738095284,4.666666508,3.0,3.0,24.139654,10.132309,55.212869,196.100523,34.074467,15.713389,18.361078,23.393424,23.97989,27.138874,22.327184,1590.677298,524.835181,0.647905,107.676671,1115.567855,7.430724,154.475979,260.157826,Tropical,154762262.9,112075837.1,78965452.75,53864978.62,38274377.73,28093005.21,5101.6587,6635.686,3835.7205,2808.6616,2185.2522,1772.2565,1.989589,392.508671,8.193152583,0.65422714,0.7038582,0.60459614,0.55722106,0.5188698,0.48277453,3925171.0,269.846351,Cropland,No dominant class,Metamorphics,14.8306,75.6744,Krishna,Karnataka,14582.0,14490.60156,0.626789466,2014,8,219,Monsoon
515.38,496.9911373869844,18.38886261301559,18.38886261301559,INDOFLOODS-gauge-369,515.38,12.96818679,28.27520285,45.28025383,67.86590614,116.2832789,146.8972806,158.97544309999995,166.51651819999995,176.73863730000005,187.4070482,5,302106.5313,189812.8125,14490.60156,1197,195423.5938,671399.75,1.591602445,0.379430652,0.006125156,1.51e-10,0.403955877,2.635527611,0.000378314,0.000159498,1.584561825,1.545906186,0.449965209,199,1.75e-08,0.000109898,2.8e-12,0.190919295,199,42.0,9.0,3.0,1.0,1214115.625,506812.1563,379480.9688,154940.1875,55875.38281,6101.083496,12066.95605,42164.55078,51646.73047,55875.38281,0.417433202,0.748760581,0.408295006,0.360625505,4.738095284,4.666666508,3.0,3.0,24.139654,10.132309,55.212869,196.100523,34.074467,15.713389,18.361078,23.393424,23.97989,27.138874,22.327184,1590.677298,524.835181,0.647905,107.676671,1115.567855,7.430724,154.475979,260.157826,Tropical,154762262.9,112075837.1,78965452.75,53864978.62,38274377.73,28093005.21,5101.6587,6635.686,3835.7205,2808.6616,2185.2522,1772.2565,1.989589,392.508671,8.193152583,0.65422714,0.7038582,0.60459614,0.55722106,0.5188698,0.48277453,3925171.0,269.846351,Cropland,No dominant class,Metamorphics,14.8306,75.6744,Krishna,Karnataka,14582.0,14490.60156,0.626789466,1992,8,229,Monsoon
10.8,-7.508323994398533,18.30832399439853,18.30832399439853,INDOFLOODS-gauge-429,10.8,49.88707343,91.21833514,107.0752441,113.9089209,120.01174109999998,157.2471857,199.5181325,225.4647135,233.4011842,250.9433251,3,71464.60938,57389.75391,813.0768433,1737,59878.34375,179882.2656,1.245250344,0.226773366,0.029008819,2.08e-09,0.31576556,4.40968895,8.34e-05,0.000140846,1.792230129,1.193496704,0.397285461,12,1.84e-08,0.000130983,2.6e-12,0.244649813,12,2.0,1.0,,,39029.13281,26071.5332,49418.10547,,,3252.427734,13035.7666,49418.10547,,,0.668001831,1.895481348,,,6.0,2.0,,,25.9632,7.673909,66.263042,103.314341,31.850515,20.265773,11.584742,25.615808,25.580189,27.495567,24.874742,2200.758763,381.073196,31.23299,61.751439,957.151546,144.071134,405.985567,331.583505,Tropical,243670159.1,178374575.0,122525667.4,80005322.33,51122901.3,36064275.01,6329.4634,8232.682,4635.839,3245.9465,2198.1104,1649.214,3.822601,412.777778,23.02158273,0.9958371,1.0,0.9202909,0.8481785,0.7898019,0.7348591,320795.9252,389.294534,No dominant class,Acrisols,Acid plutonic rocks,9.22,76.71,West Flowing Rivers From Tadri to Kanyakumari,Kerala,810.0,813.0768433,0.3798571979999999,1989,7,199,Monsoon
10.76,-7.508323994398533,18.26832399439853,18.26832399439853,INDOFLOODS-gauge-429,10.76,28.15650129,57.92596314,62.31485909,64.29651349,76.24241897,84.15507659,90.16409469,93.56119044,98.42214719,113.1454935,3,71464.60938,57389.75391,813.0768433,1737,59878.34375,179882.2656,1.245250344,0.226773366,0.029008819,2.08e-09,0.31576556,4.40968895,8.34e-05,0.000140846,1.792230129,1.193496704,0.397285461,12,1.84e-08,0.000130983,2.6e-12,0.244649813,12,2.0,1.0,,,39029.13281,26071.5332,49418.10547,,,3252.427734,13035.7666,49418.10547,,,0.668001831,1.895481348,,,6.0,2.0,,,25.9632,7.673909,66.263042,103.314341,31.850515,20.265773,11.584742,25.615808,25.580189,27.495567,24.874742,2200.758763,381.073196,31.23299,61.751439,957.151546,144.071134,405.985567,331.583505,Tropical,243670159.1,178374575.0,122525667.4,80005322.33,51122901.3,36064275.01,6329.4634,8232.682,4635.839,3245.9465,2198.1104,1649.214,3.822601,412.777778,23.02158273,0.9958371,1.0,0.9202909,0.8481785,0.7898019,0.7348591,320795.9252,389.294534,No dominant class,Acrisols,Acid plutonic rocks,9.22,76.71,West Flowing Rivers From Tadri to Kanyakumari,Kerala,810.0,813.0768433,0.3798571979999999,1980,7,184,Monsoon
515.24,496.9911373869844,18.248862613015604,18.248862613015604,INDOFLOODS-gauge-369,515.24,10.49221704,26.76002472,44.96759195,56.16979993,60.78502401,67.26914694,78.67458025,100.140054,134.3443872,154.3115699,5,302106.5313,189812.8125,14490.60156,1197,195423.5938,671399.75,1.591602445,0.379430652,0.006125156,1.51e-10,0.403955877,2.635527611,0.000378314,0.000159498,1.584561825,1.545906186,0.449965209,199,1.75e-08,0.000109898,2.8e-12,0.190919295,199,42.0,9.0,3.0,1.0,1214115.625,506812.1563,379480.9688,154940.1875,55875.38281,6101.083496,12066.95605,42164.55078,51646.73047,55875.38281,0.417433202,0.748760581,0.408295006,0.360625505,4.738095284,4.666666508,3.0,3.0,24.139654,10.132309,55.212869,196.100523,34.074467,15.713389,18.361078,23.393424,23.97989,27.138874,22.327184,1590.677298,524.835181,0.647905,107.676671,1115.567855,7.430724,154.475979,260.157826,Tropical,154762262.9,112075837.1,78965452.75,53864978.62,38274377.73,28093005.21,5101.6587,6635.686,3835.7205,2808.6616,2185.2522,1772.2565,1.989589,392.508671,8.193152583,0.65422714,0.7038582,0.60459614,0.55722106,0.5188698,0.48277453,3925171.0,269.846351,Cropland,No dominant class,Metamorphics,14.8306,75.6744,Krishna,Karnataka,14582.0,14490.60156,0.626789466,1997,8,221,Monsoon
10.88,-7.359289713304785,18.239289713304785,18.239289713304785,INDOFLOODS-gauge-429,10.88,93.25839343,112.4346078,118.6881973,134.8067895,148.6198947,154.1948676,157.7643192,158.51435039999996,167.0292096,171.711898,3,71464.60938,57389.75391,813.0768433,1737,59878.34375,179882.2656,1.245250344,0.226773366,0.029008819,2.08e-09,0.31576556,4.40968895,8.34e-05,0.000140846,1.792230129,1.193496704,0.397285461,12,1.84e-08,0.000130983,2.6e-12,0.244649813,12,2.0,1.0,,,39029.13281,26071.5332,49418.10547,,,3252.427734,13035.7666,49418.10547,,,0.668001831,1.895481348,,,6.0,2.0,,,25.9632,7.673909,66.263042,103.314341,31.850515,20.265773,11.584742,25.615808,25.580189,27.495567,24.874742,2200.758763,381.073196,31.23299,61.751439,957.151546,144.071134,405.985567,331.583505,Tropical,243670159.1,178374575.0,122525667.4,80005322.33,51122901.3,36064275.01,6329.4634,8232.682,4635.839,3245.9465,2198.1104,1649.214,3.822601,412.777778,23.02158273,0.9958371,1.0,0.9202909,0.8481785,0.7898019,0.7348591,320795.9252,389.294534,No dominant class,Acrisols,Acid plutonic rocks,9.22,76.71,West Flowing Rivers From Tadri to Kanyakumari,Kerala,810.0,813.0768433,0.3798571979999999,2017,9,261,Monsoon
10.74,-7.4318961579402,18.1718961579402,18.1718961579402,INDOFLOODS-gauge-429,10.74,12.36196846,25.40561067,44.49531396,79.25445967,121.5914807,160.26913269999997,188.5050375,198.1194793,199.603057,201.5370186,3,71464.60938,57389.75391,813.0768433,1737,59878.34375,179882.2656,1.245250344,0.226773366,0.029008819,2.08e-09,0.31576556,4.40968895,8.34e-05,0.000140846,1.792230129,1.193496704,0.397285461,12,1.84e-08,0.000130983,2.6e-12,0.244649813,12,2.0,1.0,,,39029.13281,26071.5332,49418.10547,,,3252.427734,13035.7666,49418.10547,,,0.668001831,1.895481348,,,6.0,2.0,,,25.9632,7.673909,66.263042,103.314341,31.850515,20.265773,11.584742,25.615808,25.580189,27.495567,24.874742,2200.758763,381.073196,31.23299,61.751439,957.151546,144.071134,405.985567,331.583505,Tropical,243670159.1,178374575.0,122525667.4,80005322.33,51122901.3,36064275.01,6329.4634,8232.682,4635.839,3245.9465,2198.1104,1649.214,3.822601,412.777778,23.02158273,0.9958371,1.0,0.9202909,0.8481785,0.7898019,0.7348591,320795.9252,389.294534,No dominant class,Acrisols,Acid plutonic rocks,9.22,76.71,West Flowing Rivers From Tadri to Kanyakumari,Kerala,810.0,813.0768433,0.3798571979999999,2018,7,196,Monsoon
515.15,496.9911373869844,18.15886261301557,18.15886261301557,INDOFLOODS-gauge-369,515.15,19.26834728,34.3604535,70.89397275,82.71618543,91.55906781,94.87714516,97.21416111,100.1347274,103.8362053,111.054555,5,302106.5313,189812.8125,14490.60156,1197,195423.5938,671399.75,1.591602445,0.379430652,0.006125156,1.51e-10,0.403955877,2.635527611,0.000378314,0.000159498,1.584561825,1.545906186,0.449965209,199,1.75e-08,0.000109898,2.8e-12,0.190919295,199,42.0,9.0,3.0,1.0,1214115.625,506812.1563,379480.9688,154940.1875,55875.38281,6101.083496,12066.95605,42164.55078,51646.73047,55875.38281,0.417433202,0.748760581,0.408295006,0.360625505,4.738095284,4.666666508,3.0,3.0,24.139654,10.132309,55.212869,196.100523,34.074467,15.713389,18.361078,23.393424,23.97989,27.138874,22.327184,1590.677298,524.835181,0.647905,107.676671,1115.567855,7.430724,154.475979,260.157826,Tropical,154762262.9,112075837.1,78965452.75,53864978.62,38274377.73,28093005.21,5101.6587,6635.686,3835.7205,2808.6616,2185.2522,1772.2565,1.989589,392.508671,8.193152583,0.65422714,0.7038582,0.60459614,0.55722106,0.5188698,0.48277453,3925171.0,269.846351,Cropland,No dominant class,Metamorphics,14.8306,75.6744,Krishna,Karnataka,14582.0,14490.60156,0.626789466,2006,8,226,Monsoon
515.07,496.9911373869844,18.078862613015644,18.078862613015644,INDOFLOODS-gauge-369,515.07,55.67041767,155.5615328,230.0723678,257.392682,261.6465597,266.577692,272.397018,285.4050687,322.7209908000001,385.6652021,5,302106.5313,189812.8125,14490.60156,1197,195423.5938,671399.75,1.591602445,0.379430652,0.006125156,1.51e-10,0.403955877,2.635527611,0.000378314,0.000159498,1.584561825,1.545906186,0.449965209,199,1.75e-08,0.000109898,2.8e-12,0.190919295,199,42.0,9.0,3.0,1.0,1214115.625,506812.1563,379480.9688,154940.1875,55875.38281,6101.083496,12066.95605,42164.55078,51646.73047,55875.38281,0.417433202,0.748760581,0.408295006,0.360625505,4.738095284,4.666666508,3.0,3.0,24.139654,10.132309,55.212869,196.100523,34.074467,15.713389,18.361078,23.393424,23.97989,27.138874,22.327184,1590.677298,524.835181,0.647905,107.676671,1115.567855,7.430724,154.475979,260.157826,Tropical,154762262.9,112075837.1,78965452.75,53864978.62,38274377.73,28093005.21,5101.6587,6635.686,3835.7205,2808.6616,2185.2522,1772.2565,1.989589,392.508671,8.193152583,0.65422714,0.7038582,0.60459614,0.55722106,0.5188698,0.48277453,3925171.0,269.846351,Cropland,No dominant class,Metamorphics,14.8306,75.6744,Krishna,Karnataka,14582.0,14490.60156,0.626789466,1969,7,205,Monsoon
515.05,496.9911373869844,18.05886261301555,18.05886261301555,INDOFLOODS-gauge-369,515.05,37.98894072,75.14575909999998,103.3606589,117.5572882,140.1204655,160.1928812,179.0073418,202.4403506,229.9923765,249.5068792,5,302106.5313,189812.8125,14490.60156,1197,195423.5938,671399.75,1.591602445,0.379430652,0.006125156,1.51e-10,0.403955877,2.635527611,0.000378314,0.000159498,1.584561825,1.545906186,0.449965209,199,1.75e-08,0.000109898,2.8e-12,0.190919295,199,42.0,9.0,3.0,1.0,1214115.625,506812.1563,379480.9688,154940.1875,55875.38281,6101.083496,12066.95605,42164.55078,51646.73047,55875.38281,0.417433202,0.748760581,0.408295006,0.360625505,4.738095284,4.666666508,3.0,3.0,24.139654,10.132309,55.212869,196.100523,34.074467,15.713389,18.361078,23.393424,23.97989,27.138874,22.327184,1590.677298,524.835181,0.647905,107.676671,1115.567855,7.430724,154.475979,260.157826,Tropical,154762262.9,112075837.1,78965452.75,53864978.62,38274377.73,28093005.21,5101.6587,6635.686,3835.7205,2808.6616,2185.2522,1772.2565,1.989589,392.508671,8.193152583,0.65422714,0.7038582,0.60459614,0.55722106,0.5188698,0.48277453,3925171.0,269.846351,Cropland,No dominant class,Metamorphics,14.8306,75.6744,Krishna,Karnataka,14582.0,14490.60156,0.626789466,1991,7,210,Monsoon
11.4,-6.655459285776078,18.05545928577608,18.05545928577608,INDOFLOODS-gauge-429,11.4,21.21236343,35.42959529,51.90228443,72.505542,92.60643871,118.1955003,123.3312218,123.5968742,123.8339061,123.8339242,3,71464.60938,57389.75391,813.0768433,1737,59878.34375,179882.2656,1.245250344,0.226773366,0.029008819,2.08e-09,0.31576556,4.40968895,8.34e-05,0.000140846,1.792230129,1.193496704,0.397285461,12,1.84e-08,0.000130983,2.6e-12,0.244649813,12,2.0,1.0,,,39029.13281,26071.5332,49418.10547,,,3252.427734,13035.7666,49418.10547,,,0.668001831,1.895481348,,,6.0,2.0,,,25.9632,7.673909,66.263042,103.314341,31.850515,20.265773,11.584742,25.615808,25.580189,27.495567,24.874742,2200.758763,381.073196,31.23299,61.751439,957.151546,144.071134,405.985567,331.583505,Tropical,243670159.1,178374575.0,122525667.4,80005322.33,51122901.3,36064275.01,6329.4634,8232.682,4635.839,3245.9465,2198.1104,1649.214,3.822601,412.777778,23.02158273,0.9958371,1.0,0.9202909,0.8481785,0.7898019,0.7348591,320795.9252,389.294534,No dominant class,Acrisols,Acid plutonic rocks,9.22,76.71,West Flowing Rivers From Tadri to Kanyakumari,Kerala,810.0,813.0768433,0.3798571979999999,1981,6,155,Monsoon
10.5,-7.508323994398533,18.008323994398534,18.008323994398534,INDOFLOODS-gauge-429,10.5,13.5827905,31.27623486,57.74754014,69.06884597,72.18391912,73.11802215,76.32170697,107.183071,115.8756289,121.68785590000002,3,71464.60938,57389.75391,813.0768433,1737,59878.34375,179882.2656,1.245250344,0.226773366,0.029008819,2.08e-09,0.31576556,4.40968895,8.34e-05,0.000140846,1.792230129,1.193496704,0.397285461,12,1.84e-08,0.000130983,2.6e-12,0.244649813,12,2.0,1.0,,,39029.13281,26071.5332,49418.10547,,,3252.427734,13035.7666,49418.10547,,,0.668001831,1.895481348,,,6.0,2.0,,,25.9632,7.673909,66.263042,103.314341,31.850515,20.265773,11.584742,25.615808,25.580189,27.495567,24.874742,2200.758763,381.073196,31.23299,61.751439,957.151546,144.071134,405.985567,331.583505,Tropical,243670159.1,178374575.0,122525667.4,80005322.33,51122901.3,36064275.01,6329.4634,8232.682,4635.839,3245.9465,2198.1104,1649.214,3.822601,412.777778,23.02158273,0.9958371,1.0,0.9202909,0.8481785,0.7898019,0.7348591,320795.9252,389.294534,No dominant class,Acrisols,Acid plutonic rocks,9.22,76.71,West Flowing Rivers From Tadri to Kanyakumari,Kerala,810.0,813.0768433,0.3798571979999999,1979,7,190,Monsoon
10.56,-7.435717549763118,17.995717549763118,17.995717549763118,INDOFLOODS-gauge-429,10.56,30.86648886,57.80930857,65.81717339999999,73.80245539,76.32862229,77.56297239,94.21651905,104.5917327,106.25814479999998,107.123904,3,71464.60938,57389.75391,813.0768433,1737,59878.34375,179882.2656,1.245250344,0.226773366,0.029008819,2.08e-09,0.31576556,4.40968895,8.34e-05,0.000140846,1.792230129,1.193496704,0.397285461,12,1.84e-08,0.000130983,2.6e-12,0.244649813,12,2.0,1.0,,,39029.13281,26071.5332,49418.10547,,,3252.427734,13035.7666,49418.10547,,,0.668001831,1.895481348,,,6.0,2.0,,,25.9632,7.673909,66.263042,103.314341,31.850515,20.265773,11.584742,25.615808,25.580189,27.495567,24.874742,2200.758763,381.073196,31.23299,61.751439,957.151546,144.071134,405.985567,331.583505,Tropical,243670159.1,178374575.0,122525667.4,80005322.33,51122901.3,36064275.01,6329.4634,8232.682,4635.839,3245.9465,2198.1104,1649.214,3.822601,412.777778,23.02158273,0.9958371,1.0,0.9202909,0.8481785,0.7898019,0.7348591,320795.9252,389.294534,No dominant class,Acrisols,Acid plutonic rocks,9.22,76.71,West Flowing Rivers From Tadri to Kanyakumari,Kerala,810.0,813.0768433,0.3798571979999999,1989,9,263,Monsoon
514.97,496.9911373869844,17.97886261301562,17.97886261301562,INDOFLOODS-gauge-369,514.97,17.73337735,37.36416317,63.89313891,94.79593511,107.5088237,118.9908725,130.4184121,141.1942119,158.1728666,181.5745908,5,302106.5313,189812.8125,14490.60156,1197,195423.5938,671399.75,1.591602445,0.379430652,0.006125156,1.51e-10,0.403955877,2.635527611,0.000378314,0.000159498,1.584561825,1.545906186,0.449965209,199,1.75e-08,0.000109898,2.8e-12,0.190919295,199,42.0,9.0,3.0,1.0,1214115.625,506812.1563,379480.9688,154940.1875,55875.38281,6101.083496,12066.95605,42164.55078,51646.73047,55875.38281,0.417433202,0.748760581,0.408295006,0.360625505,4.738095284,4.666666508,3.0,3.0,24.139654,10.132309,55.212869,196.100523,34.074467,15.713389,18.361078,23.393424,23.97989,27.138874,22.327184,1590.677298,524.835181,0.647905,107.676671,1115.567855,7.430724,154.475979,260.157826,Tropical,154762262.9,112075837.1,78965452.75,53864978.62,38274377.73,28093005.21,5101.6587,6635.686,3835.7205,2808.6616,2185.2522,1772.2565,1.989589,392.508671,8.193152583,0.65422714,0.7038582,0.60459614,0.55722106,0.5188698,0.48277453,3925171.0,269.846351,Cropland,No dominant class,Metamorphics,14.8306,75.6744,Krishna,Karnataka,14582.0,14490.60156,0.626789466,2014,8,215,Monsoon
10.47,-7.508323994398533,17.978323994398533,17.978323994398533,INDOFLOODS-gauge-429,10.47,16.60364071,24.28363233,35.97517571,46.30787174,56.21522474,76.17153503,83.80595779,88.76237833,108.5690966,109.7092346,3,71464.60938,57389.75391,813.0768433,1737,59878.34375,179882.2656,1.245250344,0.226773366,0.029008819,2.08e-09,0.31576556,4.40968895,8.34e-05,0.000140846,1.792230129,1.193496704,0.397285461,12,1.84e-08,0.000130983,2.6e-12,0.244649813,12,2.0,1.0,,,39029.13281,26071.5332,49418.10547,,,3252.427734,13035.7666,49418.10547,,,0.668001831,1.895481348,,,6.0,2.0,,,25.9632,7.673909,66.263042,103.314341,31.850515,20.265773,11.584742,25.615808,25.580189,27.495567,24.874742,2200.758763,381.073196,31.23299,61.751439,957.151546,144.071134,405.985567,331.583505,Tropical,243670159.1,178374575.0,122525667.4,80005322.33,51122901.3,36064275.01,6329.4634,8232.682,4635.839,3245.9465,2198.1104,1649.214,3.822601,412.777778,23.02158273,0.9958371,1.0,0.9202909,0.8481785,0.7898019,0.7348591,320795.9252,389.294534,No dominant class,Acrisols,Acid plutonic rocks,9.22,76.71,West Flowing Rivers From Tadri to Kanyakumari,Kerala,810.0,813.0768433,0.3798571979999999,1993,7,197,Monsoon
514.85,496.9911373869844,17.858862613015617,17.858862613015617,INDOFLOODS-gauge-369,514.85,21.3546531,67.99642245,117.971676,154.9883948,185.377877,200.9964336,241.9739044,273.4740379,304.4969706,339.1954715,5,302106.5313,189812.8125,14490.60156,1197,195423.5938,671399.75,1.591602445,0.379430652,0.006125156,1.51e-10,0.403955877,2.635527611,0.000378314,0.000159498,1.584561825,1.545906186,0.449965209,199,1.75e-08,0.000109898,2.8e-12,0.190919295,199,42.0,9.0,3.0,1.0,1214115.625,506812.1563,379480.9688,154940.1875,55875.38281,6101.083496,12066.95605,42164.55078,51646.73047,55875.38281,0.417433202,0.748760581,0.408295006,0.360625505,4.738095284,4.666666508,3.0,3.0,24.139654,10.132309,55.212869,196.100523,34.074467,15.713389,18.361078,23.393424,23.97989,27.138874,22.327184,1590.677298,524.835181,0.647905,107.676671,1115.567855,7.430724,154.475979,260.157826,Tropical,154762262.9,112075837.1,78965452.75,53864978.62,38274377.73,28093005.21,5101.6587,6635.686,3835.7205,2808.6616,2185.2522,1772.2565,1.989589,392.508671,8.193152583,0.65422714,0.7038582,0.60459614,0.55722106,0.5188698,0.48277453,3925171.0,269.846351,Cropland,No dominant class,Metamorphics,14.8306,75.6744,Krishna,Karnataka,14582.0,14490.60156,0.626789466,2000,7,197,Monsoon
514.84,496.9911373869844,17.848862613015626,17.848862613015626,INDOFLOODS-gauge-369,514.84,12.17844136,36.39102795,53.96429491,57.16493932,57.89046139999999,58.12971748,58.36624686,60.71666343,66.63425567,70.25087659,5,302106.5313,189812.8125,14490.60156,1197,195423.5938,671399.75,1.591602445,0.379430652,0.006125156,1.51e-10,0.403955877,2.635527611,0.000378314,0.000159498,1.584561825,1.545906186,0.449965209,199,1.75e-08,0.000109898,2.8e-12,0.190919295,199,42.0,9.0,3.0,1.0,1214115.625,506812.1563,379480.9688,154940.1875,55875.38281,6101.083496,12066.95605,42164.55078,51646.73047,55875.38281,0.417433202,0.748760581,0.408295006,0.360625505,4.738095284,4.666666508,3.0,3.0,24.139654,10.132309,55.212869,196.100523,34.074467,15.713389,18.361078,23.393424,23.97989,27.138874,22.327184,1590.677298,524.835181,0.647905,107.676671,1115.567855,7.430724,154.475979,260.157826,Tropical,154762262.9,112075837.1,78965452.75,53864978.62,38274377.73,28093005.21,5101.6587,6635.686,3835.7205,2808.6616,2185.2522,1772.2565,1.989589,392.508671,8.193152583,0.65422714,0.7038582,0.60459614,0.55722106,0.5188698,0.48277453,3925171.0,269.846351,Cropland,No dominant class,Metamorphics,14.8306,75.6744,Krishna,Karnataka,14582.0,14490.60156,0.626789466,1980,8,227,Monsoon
10.34,-7.508323994398533,17.848323994398534,17.848323994398534,INDOFLOODS-gauge-429,10.34,41.50133229,54.84678176,63.40737341,69.24329798,101.192797,109.3316663,136.85466110000002,140.3197136,140.3248872,141.4923564,3,71464.60938,57389.75391,813.0768433,1737,59878.34375,179882.2656,1.245250344,0.226773366,0.029008819,2.08e-09,0.31576556,4.40968895,8.34e-05,0.000140846,1.792230129,1.193496704,0.397285461,12,1.84e-08,0.000130983,2.6e-12,0.244649813,12,2.0,1.0,,,39029.13281,26071.5332,49418.10547,,,3252.427734,13035.7666,49418.10547,,,0.668001831,1.895481348,,,6.0,2.0,,,25.9632,7.673909,66.263042,103.314341,31.850515,20.265773,11.584742,25.615808,25.580189,27.495567,24.874742,2200.758763,381.073196,31.23299,61.751439,957.151546,144.071134,405.985567,331.583505,Tropical,243670159.1,178374575.0,122525667.4,80005322.33,51122901.3,36064275.01,6329.4634,8232.682,4635.839,3245.9465,2198.1104,1649.214,3.822601,412.777778,23.02158273,0.9958371,1.0,0.9202909,0.8481785,0.7898019,0.7348591,320795.9252,389.294534,No dominant class,Acrisols,Acid plutonic rocks,9.22,76.71,West Flowing Rivers From Tadri to Kanyakumari,Kerala,810.0,813.0768433,0.3798571979999999,1995,7,212,Monsoon
514.83,496.9911373869844,17.838862613015635,17.838862613015635,INDOFLOODS-gauge-369,514.83,12.59453107,26.36897296,39.83077167,59.06491476,70.53343462,80.42151627,94.19354412,114.1423027,154.7440002,216.9040006,5,302106.5313,189812.8125,14490.60156,1197,195423.5938,671399.75,1.591602445,0.379430652,0.006125156,1.51e-10,0.403955877,2.635527611,0.000378314,0.000159498,1.584561825,1.545906186,0.449965209,199,1.75e-08,0.000109898,2.8e-12,0.190919295,199,42.0,9.0,3.0,1.0,1214115.625,506812.1563,379480.9688,154940.1875,55875.38281,6101.083496,12066.95605,42164.55078,51646.73047,55875.38281,0.417433202,0.748760581,0.408295006,0.360625505,4.738095284,4.666666508,3.0,3.0,24.139654,10.132309,55.212869,196.100523,34.074467,15.713389,18.361078,23.393424,23.97989,27.138874,22.327184,1590.677298,524.835181,0.647905,107.676671,1115.567855,7.430724,154.475979,260.157826,Tropical,154762262.9,112075837.1,78965452.75,53864978.62,38274377.73,28093005.21,5101.6587,6635.686,3835.7205,2808.6616,2185.2522,1772.2565,1.989589,392.508671,8.193152583,0.65422714,0.7038582,0.60459614,0.55722106,0.5188698,0.48277453,3925171.0,269.846351,Cropland,No dominant class,Metamorphics,14.8306,75.6744,Krishna,Karnataka,14582.0,14490.60156,0.626789466,1994,7,205,Monsoon
10.4,-7.435717549763118,17.835717549763118,17.835717549763118,INDOFLOODS-gauge-429,10.4,86.78229571,111.6389839,142.7470763,157.246874,166.3890488,181.9243526,198.1900636,219.0170713,225.850801,259.9519392,3,71464.60938,57389.75391,813.0768433,1737,59878.34375,179882.2656,1.245250344,0.226773366,0.029008819,2.08e-09,0.31576556,4.40968895,8.34e-05,0.000140846,1.792230129,1.193496704,0.397285461,12,1.84e-08,0.000130983,2.6e-12,0.244649813,12,2.0,1.0,,,39029.13281,26071.5332,49418.10547,,,3252.427734,13035.7666,49418.10547,,,0.668001831,1.895481348,,,6.0,2.0,,,25.9632,7.673909,66.263042,103.314341,31.850515,20.265773,11.584742,25.615808,25.580189,27.495567,24.874742,2200.758763,381.073196,31.23299,61.751439,957.151546,144.071134,405.985567,331.583505,Tropical,243670159.1,178374575.0,122525667.4,80005322.33,51122901.3,36064275.01,6329.4634,8232.682,4635.839,3245.9465,2198.1104,1649.214,3.822601,412.777778,23.02158273,0.9958371,1.0,0.9202909,0.8481785,0.7898019,0.7348591,320795.9252,389.294534,No dominant class,Acrisols,Acid plutonic rocks,9.22,76.71,West Flowing Rivers From Tadri to Kanyakumari,Kerala,810.0,813.0768433,0.3798571979999999,1990,11,307,Post-Monsoon
514.81,496.9911373869844,17.81886261301554,17.81886261301554,INDOFLOODS-gauge-369,514.81,21.32352902,47.30109247,80.17470449,107.340264,139.60406880000002,167.38197030000003,188.2811115,227.0300867,271.840167,322.2181257,5,302106.5313,189812.8125,14490.60156,1197,195423.5938,671399.75,1.591602445,0.379430652,0.006125156,1.51e-10,0.403955877,2.635527611,0.000378314,0.000159498,1.584561825,1.545906186,0.449965209,199,1.75e-08,0.000109898,2.8e-12,0.190919295,199,42.0,9.0,3.0,1.0,1214115.625,506812.1563,379480.9688,154940.1875,55875.38281,6101.083496,12066.95605,42164.55078,51646.73047,55875.38281,0.417433202,0.748760581,0.408295006,0.360625505,4.738095284,4.666666508,3.0,3.0,24.139654,10.132309,55.212869,196.100523,34.074467,15.713389,18.361078,23.393424,23.97989,27.138874,22.327184,1590.677298,524.835181,0.647905,107.676671,1115.567855,7.430724,154.475979,260.157826,Tropical,154762262.9,112075837.1,78965452.75,53864978.62,38274377.73,28093005.21,5101.6587,6635.686,3835.7205,2808.6616,2185.2522,1772.2565,1.989589,392.508671,8.193152583,0.65422714,0.7038582,0.60459614,0.55722106,0.5188698,0.48277453,3925171.0,269.846351,Cropland,No dominant class,Metamorphics,14.8306,75.6744,Krishna,Karnataka,14582.0,14490.60156,0.626789466,2005,8,216,Monsoon
514.81,496.9911373869844,17.81886261301554,17.81886261301554,INDOFLOODS-gauge-369,514.81,13.25163527,32.48862672,56.12011181,78.19266463,92.22933889,111.4976862,126.5897924,163.1233116,174.9455243,183.7884067,5,302106.5313,189812.8125,14490.60156,1197,195423.5938,671399.75,1.591602445,0.379430652,0.006125156,1.51e-10,0.403955877,2.635527611,0.000378314,0.000159498,1.584561825,1.545906186,0.449965209,199,1.75e-08,0.000109898,2.8e-12,0.190919295,199,42.0,9.0,3.0,1.0,1214115.625,506812.1563,379480.9688,154940.1875,55875.38281,6101.083496,12066.95605,42164.55078,51646.73047,55875.38281,0.417433202,0.748760581,0.408295006,0.360625505,4.738095284,4.666666508,3.0,3.0,24.139654,10.132309,55.212869,196.100523,34.074467,15.713389,18.361078,23.393424,23.97989,27.138874,22.327184,1590.677298,524.835181,0.647905,107.676671,1115.567855,7.430724,154.475979,260.157826,Tropical,154762262.9,112075837.1,78965452.75,53864978.62,38274377.73,28093005.21,5101.6587,6635.686,3835.7205,2808.6616,2185.2522,1772.2565,1.989589,392.508671,8.193152583,0.65422714,0.7038582,0.60459614,0.55722106,0.5188698,0.48277453,3925171.0,269.846351,Cropland,No dominant class,Metamorphics,14.8306,75.6744,Krishna,Karnataka,14582.0,14490.60156,0.626789466,2006,8,231,Monsoon
11.15,-6.655459285776078,17.805459285776077,17.805459285776077,INDOFLOODS-gauge-429,11.15,32.15331271,105.1597997,112.94697279999998,116.3113689,118.9282301,121.81272479999998,122.9156253,139.0320944,162.96328540000005,180.9527174,3,71464.60938,57389.75391,813.0768433,1737,59878.34375,179882.2656,1.245250344,0.226773366,0.029008819,2.08e-09,0.31576556,4.40968895,8.34e-05,0.000140846,1.792230129,1.193496704,0.397285461,12,1.84e-08,0.000130983,2.6e-12,0.244649813,12,2.0,1.0,,,39029.13281,26071.5332,49418.10547,,,3252.427734,13035.7666,49418.10547,,,0.668001831,1.895481348,,,6.0,2.0,,,25.9632,7.673909,66.263042,103.314341,31.850515,20.265773,11.584742,25.615808,25.580189,27.495567,24.874742,2200.758763,381.073196,31.23299,61.751439,957.151546,144.071134,405.985567,331.583505,Tropical,243670159.1,178374575.0,122525667.4,80005322.33,51122901.3,36064275.01,6329.4634,8232.682,4635.839,3245.9465,2198.1104,1649.214,3.822601,412.777778,23.02158273,0.9958371,1.0,0.9202909,0.8481785,0.7898019,0.7348591,320795.9252,389.294534,No dominant class,Acrisols,Acid plutonic rocks,9.22,76.71,West Flowing Rivers From Tadri to Kanyakumari,Kerala,810.0,813.0768433,0.3798571979999999,1993,6,157,Monsoon
514.76,496.9911373869844,17.768862613015585,17.768862613015585,INDOFLOODS-gauge-369,514.76,14.80695841,41.33672762,60.20878524,77.93614874,89.47150959999998,94.66792342,99.71929733,106.20551770000002,116.0837574,141.5152734,5,302106.5313,189812.8125,14490.60156,1197,195423.5938,671399.75,1.591602445,0.379430652,0.006125156,1.51e-10,0.403955877,2.635527611,0.000378314,0.000159498,1.584561825,1.545906186,0.449965209,199,1.75e-08,0.000109898,2.8e-12,0.190919295,199,42.0,9.0,3.0,1.0,1214115.625,506812.1563,379480.9688,154940.1875,55875.38281,6101.083496,12066.95605,42164.55078,51646.73047,55875.38281,0.417433202,0.748760581,0.408295006,0.360625505,4.738095284,4.666666508,3.0,3.0,24.139654,10.132309,55.212869,196.100523,34.074467,15.713389,18.361078,23.393424,23.97989,27.138874,22.327184,1590.677298,524.835181,0.647905,107.676671,1115.567855,7.430724,154.475979,260.157826,Tropical,154762262.9,112075837.1,78965452.75,53864978.62,38274377.73,28093005.21,5101.6587,6635.686,3835.7205,2808.6616,2185.2522,1772.2565,1.989589,392.508671,8.193152583,0.65422714,0.7038582,0.60459614,0.55722106,0.5188698,0.48277453,3925171.0,269.846351,Cropland,No dominant class,Metamorphics,14.8306,75.6744,Krishna,Karnataka,14582.0,14490.60156,0.626789466,1978,7,208,Monsoon
10.32,-7.4318961579402,17.7518961579402,17.7518961579402,INDOFLOODS-gauge-429,10.32,63.42609557,108.4668486,143.8567187,162.7449061,166.7814216,167.7053903,172.751446,173.95388290000002,174.3962059,175.3963053,3,71464.60938,57389.75391,813.0768433,1737,59878.34375,179882.2656,1.245250344,0.226773366,0.029008819,2.08e-09,0.31576556,4.40968895,8.34e-05,0.000140846,1.792230129,1.193496704,0.397285461,12,1.84e-08,0.000130983,2.6e-12,0.244649813,12,2.0,1.0,,,39029.13281,26071.5332,49418.10547,,,3252.427734,13035.7666,49418.10547,,,0.668001831,1.895481348,,,6.0,2.0,,,25.9632,7.673909,66.263042,103.314341,31.850515,20.265773,11.584742,25.615808,25.580189,27.495567,24.874742,2200.758763,381.073196,31.23299,61.751439,957.151546,144.071134,405.985567,331.583505,Tropical,243670159.1,178374575.0,122525667.4,80005322.33,51122901.3,36064275.01,6329.4634,8232.682,4635.839,3245.9465,2198.1104,1649.214,3.822601,412.777778,23.02158273,0.9958371,1.0,0.9202909,0.8481785,0.7898019,0.7348591,320795.9252,389.294534,No dominant class,Acrisols,Acid plutonic rocks,9.22,76.71,West Flowing Rivers From Tadri to Kanyakumari,Kerala,810.0,813.0768433,0.3798571979999999,2017,6,179,Monsoon
514.74,496.9911373869844,17.748862613015604,17.748862613015604,INDOFLOODS-gauge-369,514.74,22.62222419,61.31977731,92.7954714,138.4056815,168.29712869999997,181.9815591,192.7462796,198.8800359,210.9461851,220.0997784,5,302106.5313,189812.8125,14490.60156,1197,195423.5938,671399.75,1.591602445,0.379430652,0.006125156,1.51e-10,0.403955877,2.635527611,0.000378314,0.000159498,1.584561825,1.545906186,0.449965209,199,1.75e-08,0.000109898,2.8e-12,0.190919295,199,42.0,9.0,3.0,1.0,1214115.625,506812.1563,379480.9688,154940.1875,55875.38281,6101.083496,12066.95605,42164.55078,51646.73047,55875.38281,0.417433202,0.748760581,0.408295006,0.360625505,4.738095284,4.666666508,3.0,3.0,24.139654,10.132309,55.212869,196.100523,34.074467,15.713389,18.361078,23.393424,23.97989,27.138874,22.327184,1590.677298,524.835181,0.647905,107.676671,1115.567855,7.430724,154.475979,260.157826,Tropical,154762262.9,112075837.1,78965452.75,53864978.62,38274377.73,28093005.21,5101.6587,6635.686,3835.7205,2808.6616,2185.2522,1772.2565,1.989589,392.508671,8.193152583,0.65422714,0.7038582,0.60459614,0.55722106,0.5188698,0.48277453,3925171.0,269.846351,Cropland,No dominant class,Metamorphics,14.8306,75.6744,Krishna,Karnataka,14582.0,14490.60156,0.626789466,1999,7,201,Monsoon
514.74,496.9911373869844,17.748862613015604,17.748862613015604,INDOFLOODS-gauge-369,514.74,38.61855821,94.42117802,133.307998,157.78658380000005,162.75473490000005,174.3813617,179.6376061,188.8180119,201.6832923,208.3978391,5,302106.5313,189812.8125,14490.60156,1197,195423.5938,671399.75,1.591602445,0.379430652,0.006125156,1.51e-10,0.403955877,2.635527611,0.000378314,0.000159498,1.584561825,1.545906186,0.449965209,199,1.75e-08,0.000109898,2.8e-12,0.190919295,199,42.0,9.0,3.0,1.0,1214115.625,506812.1563,379480.9688,154940.1875,55875.38281,6101.083496,12066.95605,42164.55078,51646.73047,55875.38281,0.417433202,0.748760581,0.408295006,0.360625505,4.738095284,4.666666508,3.0,3.0,24.139654,10.132309,55.212869,196.100523,34.074467,15.713389,18.361078,23.393424,23.97989,27.138874,22.327184,1590.677298,524.835181,0.647905,107.676671,1115.567855,7.430724,154.475979,260.157826,Tropical,154762262.9,112075837.1,78965452.75,53864978.62,38274377.73,28093005.21,5101.6587,6635.686,3835.7205,2808.6616,2185.2522,1772.2565,1.989589,392.508671,8.193152583,0.65422714,0.7038582,0.60459614,0.55722106,0.5188698,0.48277453,3925171.0,269.846351,Cropland,No dominant class,Metamorphics,14.8306,75.6744,Krishna,Karnataka,14582.0,14490.60156,0.626789466,2004,8,219,Monsoon
10.23,-7.508323994398533,17.738323994398534,17.738323994398534,INDOFLOODS-gauge-429,10.23,3.618620379,12.20570862,19.11835144,31.93508301,61.20030801,69.67970252,72.47987059999998,78.61328507,78.84775122,78.93856229,3,71464.60938,57389.75391,813.0768433,1737,59878.34375,179882.2656,1.245250344,0.226773366,0.029008819,2.08e-09,0.31576556,4.40968895,8.34e-05,0.000140846,1.792230129,1.193496704,0.397285461,12,1.84e-08,0.000130983,2.6e-12,0.244649813,12,2.0,1.0,,,39029.13281,26071.5332,49418.10547,,,3252.427734,13035.7666,49418.10547,,,0.668001831,1.895481348,,,6.0,2.0,,,25.9632,7.673909,66.263042,103.314341,31.850515,20.265773,11.584742,25.615808,25.580189,27.495567,24.874742,2200.758763,381.073196,31.23299,61.751439,957.151546,144.071134,405.985567,331.583505,Tropical,243670159.1,178374575.0,122525667.4,80005322.33,51122901.3,36064275.01,6329.4634,8232.682,4635.839,3245.9465,2198.1104,1649.214,3.822601,412.777778,23.02158273,0.9958371,1.0,0.9202909,0.8481785,0.7898019,0.7348591,320795.9252,389.294534,No dominant class,Acrisols,Acid plutonic rocks,9.22,76.71,West Flowing Rivers From Tadri to Kanyakumari,Kerala,810.0,813.0768433,0.3798571979999999,1979,7,210,Monsoon
10.29,-7.435717549763118,17.725717549763118,17.725717549763118,INDOFLOODS-gauge-429,10.29,6.356495657000001,30.87108009,131.67216090000002,151.2389775,158.5510455,169.35111630000003,176.5636747,192.7475846,236.4741642,243.2303292,3,71464.60938,57389.75391,813.0768433,1737,59878.34375,179882.2656,1.245250344,0.226773366,0.029008819,2.08e-09,0.31576556,4.40968895,8.34e-05,0.000140846,1.792230129,1.193496704,0.397285461,12,1.84e-08,0.000130983,2.6e-12,0.244649813,12,2.0,1.0,,,39029.13281,26071.5332,49418.10547,,,3252.427734,13035.7666,49418.10547,,,0.668001831,1.895481348,,,6.0,2.0,,,25.9632,7.673909,66.263042,103.314341,31.850515,20.265773,11.584742,25.615808,25.580189,27.495567,24.874742,2200.758763,381.073196,31.23299,61.751439,957.151546,144.071134,405.985567,331.583505,Tropical,243670159.1,178374575.0,122525667.4,80005322.33,51122901.3,36064275.01,6329.4634,8232.682,4635.839,3245.9465,2198.1104,1649.214,3.822601,412.777778,23.02158273,0.9958371,1.0,0.9202909,0.8481785,0.7898019,0.7348591,320795.9252,389.294534,No dominant class,Acrisols,Acid plutonic rocks,9.22,76.71,West Flowing Rivers From Tadri to Kanyakumari,Kerala,810.0,813.0768433,0.3798571979999999,1999,10,290,Post-Monsoon
514.7,496.9911373869844,17.70886261301564,17.70886261301564,INDOFLOODS-gauge-369,514.7,31.74097912,74.46297975,155.4220354,217.665542,241.8562605,252.3302872,264.311637,289.9239791,319.4197466,359.45392010000006,5,302106.5313,189812.8125,14490.60156,1197,195423.5938,671399.75,1.591602445,0.379430652,0.006125156,1.51e-10,0.403955877,2.635527611,0.000378314,0.000159498,1.584561825,1.545906186,0.449965209,199,1.75e-08,0.000109898,2.8e-12,0.190919295,199,42.0,9.0,3.0,1.0,1214115.625,506812.1563,379480.9688,154940.1875,55875.38281,6101.083496,12066.95605,42164.55078,51646.73047,55875.38281,0.417433202,0.748760581,0.408295006,0.360625505,4.738095284,4.666666508,3.0,3.0,24.139654,10.132309,55.212869,196.100523,34.074467,15.713389,18.361078,23.393424,23.97989,27.138874,22.327184,1590.677298,524.835181,0.647905,107.676671,1115.567855,7.430724,154.475979,260.157826,Tropical,154762262.9,112075837.1,78965452.75,53864978.62,38274377.73,28093005.21,5101.6587,6635.686,3835.7205,2808.6616,2185.2522,1772.2565,1.989589,392.508671,8.193152583,0.65422714,0.7038582,0.60459614,0.55722106,0.5188698,0.48277453,3925171.0,269.846351,Cropland,No dominant class,Metamorphics,14.8306,75.6744,Krishna,Karnataka,14582.0,14490.60156,0.626789466,1983,7,205,Monsoon
514.7,496.9911373869844,17.70886261301564,17.70886261301564,INDOFLOODS-gauge-369,514.7,49.34054292,128.9652437,191.0452708,231.3762882,252.04229300000003,289.2702621,300.6333109,359.6285569,379.8850205,438.93595,5,302106.5313,189812.8125,14490.60156,1197,195423.5938,671399.75,1.591602445,0.379430652,0.006125156,1.51e-10,0.403955877,2.635527611,0.000378314,0.000159498,1.584561825,1.545906186,0.449965209,199,1.75e-08,0.000109898,2.8e-12,0.190919295,199,42.0,9.0,3.0,1.0,1214115.625,506812.1563,379480.9688,154940.1875,55875.38281,6101.083496,12066.95605,42164.55078,51646.73047,55875.38281,0.417433202,0.748760581,0.408295006,0.360625505,4.738095284,4.666666508,3.0,3.0,24.139654,10.132309,55.212869,196.100523,34.074467,15.713389,18.361078,23.393424,23.97989,27.138874,22.327184,1590.677298,524.835181,0.647905,107.676671,1115.567855,7.430724,154.475979,260.157826,Tropical,154762262.9,112075837.1,78965452.75,53864978.62,38274377.73,28093005.21,5101.6587,6635.686,3835.7205,2808.6616,2185.2522,1772.2565,1.989589,392.508671,8.193152583,0.65422714,0.7038582,0.60459614,0.55722106,0.5188698,0.48277453,3925171.0,269.846351,Cropland,No dominant class,Metamorphics,14.8306,75.6744,Krishna,Karnataka,14582.0,14490.60156,0.626789466,1967,7,210,Monsoon
514.69,496.9911373869844,17.69886261301565,17.69886261301565,INDOFLOODS-gauge-369,514.69,15.74233408,30.04592946,41.71963693,47.46247059,51.78729061,61.59442747,73.99146728,78.74347254,79.78693709999997,80.74675522,5,302106.5313,189812.8125,14490.60156,1197,195423.5938,671399.75,1.591602445,0.379430652,0.006125156,1.51e-10,0.403955877,2.635527611,0.000378314,0.000159498,1.584561825,1.545906186,0.449965209,199,1.75e-08,0.000109898,2.8e-12,0.190919295,199,42.0,9.0,3.0,1.0,1214115.625,506812.1563,379480.9688,154940.1875,55875.38281,6101.083496,12066.95605,42164.55078,51646.73047,55875.38281,0.417433202,0.748760581,0.408295006,0.360625505,4.738095284,4.666666508,3.0,3.0,24.139654,10.132309,55.212869,196.100523,34.074467,15.713389,18.361078,23.393424,23.97989,27.138874,22.327184,1590.677298,524.835181,0.647905,107.676671,1115.567855,7.430724,154.475979,260.157826,Tropical,154762262.9,112075837.1,78965452.75,53864978.62,38274377.73,28093005.21,5101.6587,6635.686,3835.7205,2808.6616,2185.2522,1772.2565,1.989589,392.508671,8.193152583,0.65422714,0.7038582,0.60459614,0.55722106,0.5188698,0.48277453,3925171.0,269.846351,Cropland,No dominant class,Metamorphics,14.8306,75.6744,Krishna,Karnataka,14582.0,14490.60156,0.626789466,1997,8,236,Monsoon
514.69,496.9911373869844,17.69886261301565,17.69886261301565,INDOFLOODS-gauge-369,514.69,15.68913263,43.76321664,74.30584822,137.0064581,190.284864,277.8566797,300.6432317,308.1192199,311.35679460000006,312.5366154,5,302106.5313,189812.8125,14490.60156,1197,195423.5938,671399.75,1.591602445,0.379430652,0.006125156,1.51e-10,0.403955877,2.635527611,0.000378314,0.000159498,1.584561825,1.545906186,0.449965209,199,1.75e-08,0.000109898,2.8e-12,0.190919295,199,42.0,9.0,3.0,1.0,1214115.625,506812.1563,379480.9688,154940.1875,55875.38281,6101.083496,12066.95605,42164.55078,51646.73047,55875.38281,0.417433202,0.748760581,0.408295006,0.360625505,4.738095284,4.666666508,3.0,3.0,24.139654,10.132309,55.212869,196.100523,34.074467,15.713389,18.361078,23.393424,23.97989,27.138874,22.327184,1590.677298,524.835181,0.647905,107.676671,1115.567855,7.430724,154.475979,260.157826,Tropical,154762262.9,112075837.1,78965452.75,53864978.62,38274377.73,28093005.21,5101.6587,6635.686,3835.7205,2808.6616,2185.2522,1772.2565,1.989589,392.508671,8.193152583,0.65422714,0.7038582,0.60459614,0.55722106,0.5188698,0.48277453,3925171.0,269.846351,Cropland,No dominant class,Metamorphics,14.8306,75.6744,Krishna,Karnataka,14582.0,14490.60156,0.626789466,1984,7,202,Monsoon
514.66,496.9911373869844,17.668862613015563,17.668862613015563,INDOFLOODS-gauge-369,514.66,23.05233734,84.17146345,130.3708811,147.67162240000005,162.0456244,180.4409515,214.5083648,280.4383889,339.935621,368.3981088,5,302106.5313,189812.8125,14490.60156,1197,195423.5938,671399.75,1.591602445,0.379430652,0.006125156,1.51e-10,0.403955877,2.635527611,0.000378314,0.000159498,1.584561825,1.545906186,0.449965209,199,1.75e-08,0.000109898,2.8e-12,0.190919295,199,42.0,9.0,3.0,1.0,1214115.625,506812.1563,379480.9688,154940.1875,55875.38281,6101.083496,12066.95605,42164.55078,51646.73047,55875.38281,0.417433202,0.748760581,0.408295006,0.360625505,4.738095284,4.666666508,3.0,3.0,24.139654,10.132309,55.212869,196.100523,34.074467,15.713389,18.361078,23.393424,23.97989,27.138874,22.327184,1590.677298,524.835181,0.647905,107.676671,1115.567855,7.430724,154.475979,260.157826,Tropical,154762262.9,112075837.1,78965452.75,53864978.62,38274377.73,28093005.21,5101.6587,6635.686,3835.7205,2808.6616,2185.2522,1772.2565,1.989589,392.508671,8.193152583,0.65422714,0.7038582,0.60459614,0.55722106,0.5188698,0.48277453,3925171.0,269.846351,Cropland,No dominant class,Metamorphics,14.8306,75.6744,Krishna,Karnataka,14582.0,14490.60156,0.626789466,1980,7,192,Monsoon
514.62,496.9911373869844,17.6288626130156,17.6288626130156,INDOFLOODS-gauge-369,514.62,24.16708705,64.64594655,93.25421657,109.92843,120.8761862,143.97234269999996,160.029748,176.5576445,185.1747143,193.6548905,5,302106.5313,189812.8125,14490.60156,1197,195423.5938,671399.75,1.591602445,0.379430652,0.006125156,1.51e-10,0.403955877,2.635527611,0.000378314,0.000159498,1.584561825,1.545906186,0.449965209,199,1.75e-08,0.000109898,2.8e-12,0.190919295,199,42.0,9.0,3.0,1.0,1214115.625,506812.1563,379480.9688,154940.1875,55875.38281,6101.083496,12066.95605,42164.55078,51646.73047,55875.38281,0.417433202,0.748760581,0.408295006,0.360625505,4.738095284,4.666666508,3.0,3.0,24.139654,10.132309,55.212869,196.100523,34.074467,15.713389,18.361078,23.393424,23.97989,27.138874,22.327184,1590.677298,524.835181,0.647905,107.676671,1115.567855,7.430724,154.475979,260.157826,Tropical,154762262.9,112075837.1,78965452.75,53864978.62,38274377.73,28093005.21,5101.6587,6635.686,3835.7205,2808.6616,2185.2522,1772.2565,1.989589,392.508671,8.193152583,0.65422714,0.7038582,0.60459614,0.55722106,0.5188698,0.48277453,3925171.0,269.846351,Cropland,No dominant class,Metamorphics,14.8306,75.6744,Krishna,Karnataka,14582.0,14490.60156,0.626789466,1978,7,195,Monsoon
514.62,496.9911373869844,17.6288626130156,17.6288626130156,INDOFLOODS-gauge-369,514.62,40.0416811,136.153314,201.1363652,249.1009583,266.2802585,278.9900944,307.4325822,331.7594578,369.59767180000006,388.2016588,5,302106.5313,189812.8125,14490.60156,1197,195423.5938,671399.75,1.591602445,0.379430652,0.006125156,1.51e-10,0.403955877,2.635527611,0.000378314,0.000159498,1.584561825,1.545906186,0.449965209,199,1.75e-08,0.000109898,2.8e-12,0.190919295,199,42.0,9.0,3.0,1.0,1214115.625,506812.1563,379480.9688,154940.1875,55875.38281,6101.083496,12066.95605,42164.55078,51646.73047,55875.38281,0.417433202,0.748760581,0.408295006,0.360625505,4.738095284,4.666666508,3.0,3.0,24.139654,10.132309,55.212869,196.100523,34.074467,15.713389,18.361078,23.393424,23.97989,27.138874,22.327184,1590.677298,524.835181,0.647905,107.676671,1115.567855,7.430724,154.475979,260.157826,Tropical,154762262.9,112075837.1,78965452.75,53864978.62,38274377.73,28093005.21,5101.6587,6635.686,3835.7205,2808.6616,2185.2522,1772.2565,1.989589,392.508671,8.193152583,0.65422714,0.7038582,0.60459614,0.55722106,0.5188698,0.48277453,3925171.0,269.846351,Cropland,No dominant class,Metamorphics,14.8306,75.6744,Krishna,Karnataka,14582.0,14490.60156,0.626789466,1989,7,206,Monsoon
10.11,-7.508323994398533,17.618323994398533,17.618323994398533,INDOFLOODS-gauge-429,10.11,58.47891957,75.07206029,93.13370757,120.5626927,138.11327839999998,161.0661444,168.3146469,169.34058430000005,172.8434921,177.1624503,3,71464.60938,57389.75391,813.0768433,1737,59878.34375,179882.2656,1.245250344,0.226773366,0.029008819,2.08e-09,0.31576556,4.40968895,8.34e-05,0.000140846,1.792230129,1.193496704,0.397285461,12,1.84e-08,0.000130983,2.6e-12,0.244649813,12,2.0,1.0,,,39029.13281,26071.5332,49418.10547,,,3252.427734,13035.7666,49418.10547,,,0.668001831,1.895481348,,,6.0,2.0,,,25.9632,7.673909,66.263042,103.314341,31.850515,20.265773,11.584742,25.615808,25.580189,27.495567,24.874742,2200.758763,381.073196,31.23299,61.751439,957.151546,144.071134,405.985567,331.583505,Tropical,243670159.1,178374575.0,122525667.4,80005322.33,51122901.3,36064275.01,6329.4634,8232.682,4635.839,3245.9465,2198.1104,1649.214,3.822601,412.777778,23.02158273,0.9958371,1.0,0.9202909,0.8481785,0.7898019,0.7348591,320795.9252,389.294534,No dominant class,Acrisols,Acid plutonic rocks,9.22,76.71,West Flowing Rivers From Tadri to Kanyakumari,Kerala,810.0,813.0768433,0.3798571979999999,1991,8,213,Monsoon
514.59,496.9911373869844,17.598862613015626,17.598862613015626,INDOFLOODS-gauge-369,514.59,10.90928363,40.23555251,71.57935162,86.54303113,106.4424135,120.4265712,135.2335296,161.7632988,180.6353564,198.3627199,5,302106.5313,189812.8125,14490.60156,1197,195423.5938,671399.75,1.591602445,0.379430652,0.006125156,1.51e-10,0.403955877,2.635527611,0.000378314,0.000159498,1.584561825,1.545906186,0.449965209,199,1.75e-08,0.000109898,2.8e-12,0.190919295,199,42.0,9.0,3.0,1.0,1214115.625,506812.1563,379480.9688,154940.1875,55875.38281,6101.083496,12066.95605,42164.55078,51646.73047,55875.38281,0.417433202,0.748760581,0.408295006,0.360625505,4.738095284,4.666666508,3.0,3.0,24.139654,10.132309,55.212869,196.100523,34.074467,15.713389,18.361078,23.393424,23.97989,27.138874,22.327184,1590.677298,524.835181,0.647905,107.676671,1115.567855,7.430724,154.475979,260.157826,Tropical,154762262.9,112075837.1,78965452.75,53864978.62,38274377.73,28093005.21,5101.6587,6635.686,3835.7205,2808.6616,2185.2522,1772.2565,1.989589,392.508671,8.193152583,0.65422714,0.7038582,0.60459614,0.55722106,0.5188698,0.48277453,3925171.0,269.846351,Cropland,No dominant class,Metamorphics,14.8306,75.6744,Krishna,Karnataka,14582.0,14490.60156,0.626789466,1978,8,214,Monsoon
10.16,-7.435717549763118,17.59571754976312,17.59571754976312,INDOFLOODS-gauge-429,10.16,26.757419,53.17256729,81.66880271,94.14894036,118.43732479999998,122.6702431,127.4542751,128.4040977,137.81903490000002,182.8083938,3,71464.60938,57389.75391,813.0768433,1737,59878.34375,179882.2656,1.245250344,0.226773366,0.029008819,2.08e-09,0.31576556,4.40968895,8.34e-05,0.000140846,1.792230129,1.193496704,0.397285461,12,1.84e-08,0.000130983,2.6e-12,0.244649813,12,2.0,1.0,,,39029.13281,26071.5332,49418.10547,,,3252.427734,13035.7666,49418.10547,,,0.668001831,1.895481348,,,6.0,2.0,,,25.9632,7.673909,66.263042,103.314341,31.850515,20.265773,11.584742,25.615808,25.580189,27.495567,24.874742,2200.758763,381.073196,31.23299,61.751439,957.151546,144.071134,405.985567,331.583505,Tropical,243670159.1,178374575.0,122525667.4,80005322.33,51122901.3,36064275.01,6329.4634,8232.682,4635.839,3245.9465,2198.1104,1649.214,3.822601,412.777778,23.02158273,0.9958371,1.0,0.9202909,0.8481785,0.7898019,0.7348591,320795.9252,389.294534,No dominant class,Acrisols,Acid plutonic rocks,9.22,76.71,West Flowing Rivers From Tadri to Kanyakumari,Kerala,810.0,813.0768433,0.3798571979999999,1980,10,285,Post-Monsoon
514.55,496.9911373869844,17.55886261301555,17.55886261301555,INDOFLOODS-gauge-369,514.55,23.51161931,44.90147072,89.28092265,124.6988857,134.4456438,136.23879119999998,139.7357221,146.96453,154.423762,162.9237825,5,302106.5313,189812.8125,14490.60156,1197,195423.5938,671399.75,1.591602445,0.379430652,0.006125156,1.51e-10,0.403955877,2.635527611,0.000378314,0.000159498,1.584561825,1.545906186,0.449965209,199,1.75e-08,0.000109898,2.8e-12,0.190919295,199,42.0,9.0,3.0,1.0,1214115.625,506812.1563,379480.9688,154940.1875,55875.38281,6101.083496,12066.95605,42164.55078,51646.73047,55875.38281,0.417433202,0.748760581,0.408295006,0.360625505,4.738095284,4.666666508,3.0,3.0,24.139654,10.132309,55.212869,196.100523,34.074467,15.713389,18.361078,23.393424,23.97989,27.138874,22.327184,1590.677298,524.835181,0.647905,107.676671,1115.567855,7.430724,154.475979,260.157826,Tropical,154762262.9,112075837.1,78965452.75,53864978.62,38274377.73,28093005.21,5101.6587,6635.686,3835.7205,2808.6616,2185.2522,1772.2565,1.989589,392.508671,8.193152583,0.65422714,0.7038582,0.60459614,0.55722106,0.5188698,0.48277453,3925171.0,269.846351,Cropland,No dominant class,Metamorphics,14.8306,75.6744,Krishna,Karnataka,14582.0,14490.60156,0.626789466,1975,7,193,Monsoon
514.53,496.9911373869844,17.538862613015567,17.538862613015567,INDOFLOODS-gauge-369,514.53,12.61374396,45.17769252,72.52808529,86.83114557,92.15576105,99.50501865,108.60162859999998,118.7835663,127.4189778,137.7837,5,302106.5313,189812.8125,14490.60156,1197,195423.5938,671399.75,1.591602445,0.379430652,0.006125156,1.51e-10,0.403955877,2.635527611,0.000378314,0.000159498,1.584561825,1.545906186,0.449965209,199,1.75e-08,0.000109898,2.8e-12,0.190919295,199,42.0,9.0,3.0,1.0,1214115.625,506812.1563,379480.9688,154940.1875,55875.38281,6101.083496,12066.95605,42164.55078,51646.73047,55875.38281,0.417433202,0.748760581,0.408295006,0.360625505,4.738095284,4.666666508,3.0,3.0,24.139654,10.132309,55.212869,196.100523,34.074467,15.713389,18.361078,23.393424,23.97989,27.138874,22.327184,1590.677298,524.835181,0.647905,107.676671,1115.567855,7.430724,154.475979,260.157826,Tropical,154762262.9,112075837.1,78965452.75,53864978.62,38274377.73,28093005.21,5101.6587,6635.686,3835.7205,2808.6616,2185.2522,1772.2565,1.989589,392.508671,8.193152583,0.65422714,0.7038582,0.60459614,0.55722106,0.5188698,0.48277453,3925171.0,269.846351,Cropland,No dominant class,Metamorphics,14.8306,75.6744,Krishna,Karnataka,14582.0,14490.60156,0.626789466,1978,8,230,Monsoon
10.06,-7.435717549763118,17.495717549763118,17.495717549763118,INDOFLOODS-gauge-429,10.06,42.86128643,93.36641343,99.47826529,105.4200133,111.7054726,151.7717722,159.6966973,160.2547486,160.8176179,168.6536081,3,71464.60938,57389.75391,813.0768433,1737,59878.34375,179882.2656,1.245250344,0.226773366,0.029008819,2.08e-09,0.31576556,4.40968895,8.34e-05,0.000140846,1.792230129,1.193496704,0.397285461,12,1.84e-08,0.000130983,2.6e-12,0.244649813,12,2.0,1.0,,,39029.13281,26071.5332,49418.10547,,,3252.427734,13035.7666,49418.10547,,,0.668001831,1.895481348,,,6.0,2.0,,,25.9632,7.673909,66.263042,103.314341,31.850515,20.265773,11.584742,25.615808,25.580189,27.495567,24.874742,2200.758763,381.073196,31.23299,61.751439,957.151546,144.071134,405.985567,331.583505,Tropical,243670159.1,178374575.0,122525667.4,80005322.33,51122901.3,36064275.01,6329.4634,8232.682,4635.839,3245.9465,2198.1104,1649.214,3.822601,412.777778,23.02158273,0.9958371,1.0,0.9202909,0.8481785,0.7898019,0.7348591,320795.9252,389.294534,No dominant class,Acrisols,Acid plutonic rocks,9.22,76.71,West Flowing Rivers From Tadri to Kanyakumari,Kerala,810.0,813.0768433,0.3798571979999999,2009,10,276,Post-Monsoon
10.06,-7.435717549763118,17.495717549763118,17.495717549763118,INDOFLOODS-gauge-429,10.06,31.84444157,61.06014286,69.32630204,69.49661575,72.49419586,104.1229931,118.2025369,129.3618969,138.1834923,164.8806613,3,71464.60938,57389.75391,813.0768433,1737,59878.34375,179882.2656,1.245250344,0.226773366,0.029008819,2.08e-09,0.31576556,4.40968895,8.34e-05,0.000140846,1.792230129,1.193496704,0.397285461,12,1.84e-08,0.000130983,2.6e-12,0.244649813,12,2.0,1.0,,,39029.13281,26071.5332,49418.10547,,,3252.427734,13035.7666,49418.10547,,,0.668001831,1.895481348,,,6.0,2.0,,,25.9632,7.673909,66.263042,103.314341,31.850515,20.265773,11.584742,25.615808,25.580189,27.495567,24.874742,2200.758763,381.073196,31.23299,61.751439,957.151546,144.071134,405.985567,331.583505,Tropical,243670159.1,178374575.0,122525667.4,80005322.33,51122901.3,36064275.01,6329.4634,8232.682,4635.839,3245.9465,2198.1104,1649.214,3.822601,412.777778,23.02158273,0.9958371,1.0,0.9202909,0.8481785,0.7898019,0.7348591,320795.9252,389.294534,No dominant class,Acrisols,Acid plutonic rocks,9.22,76.71,West Flowing Rivers From Tadri to Kanyakumari,Kerala,810.0,813.0768433,0.3798571979999999,1986,11,311,Post-Monsoon
10.06,-7.4318961579402,17.4918961579402,17.4918961579402,INDOFLOODS-gauge-429,10.06,21.71305929,44.72356129,97.11853743,127.545378,160.4388597,204.4115716,230.2381326,254.4176254,299.35645310000007,329.03907589999994,3,71464.60938,57389.75391,813.0768433,1737,59878.34375,179882.2656,1.245250344,0.226773366,0.029008819,2.08e-09,0.31576556,4.40968895,8.34e-05,0.000140846,1.792230129,1.193496704,0.397285461,12,1.84e-08,0.000130983,2.6e-12,0.244649813,12,2.0,1.0,,,39029.13281,26071.5332,49418.10547,,,3252.427734,13035.7666,49418.10547,,,0.668001831,1.895481348,,,6.0,2.0,,,25.9632,7.673909,66.263042,103.314341,31.850515,20.265773,11.584742,25.615808,25.580189,27.495567,24.874742,2200.758763,381.073196,31.23299,61.751439,957.151546,144.071134,405.985567,331.583505,Tropical,243670159.1,178374575.0,122525667.4,80005322.33,51122901.3,36064275.01,6329.4634,8232.682,4635.839,3245.9465,2198.1104,1649.214,3.822601,412.777778,23.02158273,0.9958371,1.0,0.9202909,0.8481785,0.7898019,0.7348591,320795.9252,389.294534,No dominant class,Acrisols,Acid plutonic rocks,9.22,76.71,West Flowing Rivers From Tadri to Kanyakumari,Kerala,810.0,813.0768433,0.3798571979999999,2013,6,176,Monsoon
9.98,-7.508323994398533,17.488323994398534,17.488323994398534,INDOFLOODS-gauge-429,9.98,7.710593286,20.50559906,25.7512337,30.15626849,39.62842245,46.87920708,52.34174602,64.21150716,90.18453773,124.155153,3,71464.60938,57389.75391,813.0768433,1737,59878.34375,179882.2656,1.245250344,0.226773366,0.029008819,2.08e-09,0.31576556,4.40968895,8.34e-05,0.000140846,1.792230129,1.193496704,0.397285461,12,1.84e-08,0.000130983,2.6e-12,0.244649813,12,2.0,1.0,,,39029.13281,26071.5332,49418.10547,,,3252.427734,13035.7666,49418.10547,,,0.668001831,1.895481348,,,6.0,2.0,,,25.9632,7.673909,66.263042,103.314341,31.850515,20.265773,11.584742,25.615808,25.580189,27.495567,24.874742,2200.758763,381.073196,31.23299,61.751439,957.151546,144.071134,405.985567,331.583505,Tropical,243670159.1,178374575.0,122525667.4,80005322.33,51122901.3,36064275.01,6329.4634,8232.682,4635.839,3245.9465,2198.1104,1649.214,3.822601,412.777778,23.02158273,0.9958371,1.0,0.9202909,0.8481785,0.7898019,0.7348591,320795.9252,389.294534,No dominant class,Acrisols,Acid plutonic rocks,9.22,76.71,West Flowing Rivers From Tadri to Kanyakumari,Kerala,810.0,813.0768433,0.3798571979999999,1989,6,173,Monsoon
9.98,-7.508323994398533,17.488323994398534,17.488323994398534,INDOFLOODS-gauge-429,9.98,5.558004857,8.988683400000003,9.526604238,19.43110207,28.93245105,37.23038165,38.36727431,39.14337095,43.84008769,45.43207151,3,71464.60938,57389.75391,813.0768433,1737,59878.34375,179882.2656,1.245250344,0.226773366,0.029008819,2.08e-09,0.31576556,4.40968895,8.34e-05,0.000140846,1.792230129,1.193496704,0.397285461,12,1.84e-08,0.000130983,2.6e-12,0.244649813,12,2.0,1.0,,,39029.13281,26071.5332,49418.10547,,,3252.427734,13035.7666,49418.10547,,,0.668001831,1.895481348,,,6.0,2.0,,,25.9632,7.673909,66.263042,103.314341,31.850515,20.265773,11.584742,25.615808,25.580189,27.495567,24.874742,2200.758763,381.073196,31.23299,61.751439,957.151546,144.071134,405.985567,331.583505,Tropical,243670159.1,178374575.0,122525667.4,80005322.33,51122901.3,36064275.01,6329.4634,8232.682,4635.839,3245.9465,2198.1104,1649.214,3.822601,412.777778,23.02158273,0.9958371,1.0,0.9202909,0.8481785,0.7898019,0.7348591,320795.9252,389.294534,No dominant class,Acrisols,Acid plutonic rocks,9.22,76.71,West Flowing Rivers From Tadri to Kanyakumari,Kerala,810.0,813.0768433,0.3798571979999999,1978,7,193,Monsoon
10.03,-7.435717549763118,17.465717549763117,17.465717549763117,INDOFLOODS-gauge-429,10.03,5.1237789860000005,19.93236084,33.33589027,56.52454713,68.22357269,76.03952799,91.61105156,95.18426967,95.45390289,95.50388383,3,71464.60938,57389.75391,813.0768433,1737,59878.34375,179882.2656,1.245250344,0.226773366,0.029008819,2.08e-09,0.31576556,4.40968895,8.34e-05,0.000140846,1.792230129,1.193496704,0.397285461,12,1.84e-08,0.000130983,2.6e-12,0.244649813,12,2.0,1.0,,,39029.13281,26071.5332,49418.10547,,,3252.427734,13035.7666,49418.10547,,,0.668001831,1.895481348,,,6.0,2.0,,,25.9632,7.673909,66.263042,103.314341,31.850515,20.265773,11.584742,25.615808,25.580189,27.495567,24.874742,2200.758763,381.073196,31.23299,61.751439,957.151546,144.071134,405.985567,331.583505,Tropical,243670159.1,178374575.0,122525667.4,80005322.33,51122901.3,36064275.01,6329.4634,8232.682,4635.839,3245.9465,2198.1104,1649.214,3.822601,412.777778,23.02158273,0.9958371,1.0,0.9202909,0.8481785,0.7898019,0.7348591,320795.9252,389.294534,No dominant class,Acrisols,Acid plutonic rocks,9.22,76.71,West Flowing Rivers From Tadri to Kanyakumari,Kerala,810.0,813.0768433,0.3798571979999999,1979,10,290,Post-Monsoon
10.02,-7.435717549763118,17.45571754976312,17.45571754976312,INDOFLOODS-gauge-429,10.02,58.227531000000006,86.01310929,98.8874882,99.21221301,99.54988761,100.3321753,107.2345981,112.6820704,117.9707729,140.6041978,3,71464.60938,57389.75391,813.0768433,1737,59878.34375,179882.2656,1.245250344,0.226773366,0.029008819,2.08e-09,0.31576556,4.40968895,8.34e-05,0.000140846,1.792230129,1.193496704,0.397285461,12,1.84e-08,0.000130983,2.6e-12,0.244649813,12,2.0,1.0,,,39029.13281,26071.5332,49418.10547,,,3252.427734,13035.7666,49418.10547,,,0.668001831,1.895481348,,,6.0,2.0,,,25.9632,7.673909,66.263042,103.314341,31.850515,20.265773,11.584742,25.615808,25.580189,27.495567,24.874742,2200.758763,381.073196,31.23299,61.751439,957.151546,144.071134,405.985567,331.583505,Tropical,243670159.1,178374575.0,122525667.4,80005322.33,51122901.3,36064275.01,6329.4634,8232.682,4635.839,3245.9465,2198.1104,1649.214,3.822601,412.777778,23.02158273,0.9958371,1.0,0.9202909,0.8481785,0.7898019,0.7348591,320795.9252,389.294534,No dominant class,Acrisols,Acid plutonic rocks,9.22,76.71,West Flowing Rivers From Tadri to Kanyakumari,Kerala,810.0,813.0768433,0.3798571979999999,2001,11,321,Post-Monsoon
10.02,-7.435717549763118,17.45571754976312,17.45571754976312,INDOFLOODS-gauge-429,10.02,48.96613457,57.37716186,70.62269893,153.8155868,173.9018125,174.63688059999996,174.68224619999995,174.8391923,175.0004247,175.2606161,3,71464.60938,57389.75391,813.0768433,1737,59878.34375,179882.2656,1.245250344,0.226773366,0.029008819,2.08e-09,0.31576556,4.40968895,8.34e-05,0.000140846,1.792230129,1.193496704,0.397285461,12,1.84e-08,0.000130983,2.6e-12,0.244649813,12,2.0,1.0,,,39029.13281,26071.5332,49418.10547,,,3252.427734,13035.7666,49418.10547,,,0.668001831,1.895481348,,,6.0,2.0,,,25.9632,7.673909,66.263042,103.314341,31.850515,20.265773,11.584742,25.615808,25.580189,27.495567,24.874742,2200.758763,381.073196,31.23299,61.751439,957.151546,144.071134,405.985567,331.583505,Tropical,243670159.1,178374575.0,122525667.4,80005322.33,51122901.3,36064275.01,6329.4634,8232.682,4635.839,3245.9465,2198.1104,1649.214,3.822601,412.777778,23.02158273,0.9958371,1.0,0.9202909,0.8481785,0.7898019,0.7348591,320795.9252,389.294534,No dominant class,Acrisols,Acid plutonic rocks,9.22,76.71,West Flowing Rivers From Tadri to Kanyakumari,Kerala,810.0,813.0768433,0.3798571979999999,1998,9,252,Monsoon
10.01,-7.435717549763118,17.445717549763117,17.445717549763117,INDOFLOODS-gauge-429,10.01,58.28464857,75.87144243,120.31014209999998,160.4540303,176.8920501,185.3195555,194.6199147,217.6818304,231.4789562,255.1095417,3,71464.60938,57389.75391,813.0768433,1737,59878.34375,179882.2656,1.245250344,0.226773366,0.029008819,2.08e-09,0.31576556,4.40968895,8.34e-05,0.000140846,1.792230129,1.193496704,0.397285461,12,1.84e-08,0.000130983,2.6e-12,0.244649813,12,2.0,1.0,,,39029.13281,26071.5332,49418.10547,,,3252.427734,13035.7666,49418.10547,,,0.668001831,1.895481348,,,6.0,2.0,,,25.9632,7.673909,66.263042,103.314341,31.850515,20.265773,11.584742,25.615808,25.580189,27.495567,24.874742,2200.758763,381.073196,31.23299,61.751439,957.151546,144.071134,405.985567,331.583505,Tropical,243670159.1,178374575.0,122525667.4,80005322.33,51122901.3,36064275.01,6329.4634,8232.682,4635.839,3245.9465,2198.1104,1649.214,3.822601,412.777778,23.02158273,0.9958371,1.0,0.9202909,0.8481785,0.7898019,0.7348591,320795.9252,389.294534,No dominant class,Acrisols,Acid plutonic rocks,9.22,76.71,West Flowing Rivers From Tadri to Kanyakumari,Kerala,810.0,813.0768433,0.3798571979999999,1996,10,292,Post-Monsoon
9.98,-7.435717549763118,17.41571754976312,17.41571754976312,INDOFLOODS-gauge-429,9.98,37.31438014,60.35891943,73.94697529,98.70061586,108.467631,114.5700913,121.9653453,128.170084,136.90435730000002,139.4257708,3,71464.60938,57389.75391,813.0768433,1737,59878.34375,179882.2656,1.245250344,0.226773366,0.029008819,2.08e-09,0.31576556,4.40968895,8.34e-05,0.000140846,1.792230129,1.193496704,0.397285461,12,1.84e-08,0.000130983,2.6e-12,0.244649813,12,2.0,1.0,,,39029.13281,26071.5332,49418.10547,,,3252.427734,13035.7666,49418.10547,,,0.668001831,1.895481348,,,6.0,2.0,,,25.9632,7.673909,66.263042,103.314341,31.850515,20.265773,11.584742,25.615808,25.580189,27.495567,24.874742,2200.758763,381.073196,31.23299,61.751439,957.151546,144.071134,405.985567,331.583505,Tropical,243670159.1,178374575.0,122525667.4,80005322.33,51122901.3,36064275.01,6329.4634,8232.682,4635.839,3245.9465,2198.1104,1649.214,3.822601,412.777778,23.02158273,0.9958371,1.0,0.9202909,0.8481785,0.7898019,0.7348591,320795.9252,389.294534,No dominant class,Acrisols,Acid plutonic rocks,9.22,76.71,West Flowing Rivers From Tadri to Kanyakumari,Kerala,810.0,813.0768433,0.3798571979999999,1978,8,240,Monsoon
9.95,-7.435717549763118,17.38571754976312,17.38571754976312,INDOFLOODS-gauge-429,9.95,54.85367986,72.19905243,85.84187357,102.8203118,112.6872726,116.867141,119.02203529999998,128.1709608,136.8717469,143.3202886,3,71464.60938,57389.75391,813.0768433,1737,59878.34375,179882.2656,1.245250344,0.226773366,0.029008819,2.08e-09,0.31576556,4.40968895,8.34e-05,0.000140846,1.792230129,1.193496704,0.397285461,12,1.84e-08,0.000130983,2.6e-12,0.244649813,12,2.0,1.0,,,39029.13281,26071.5332,49418.10547,,,3252.427734,13035.7666,49418.10547,,,0.668001831,1.895481348,,,6.0,2.0,,,25.9632,7.673909,66.263042,103.314341,31.850515,20.265773,11.584742,25.615808,25.580189,27.495567,24.874742,2200.758763,381.073196,31.23299,61.751439,957.151546,144.071134,405.985567,331.583505,Tropical,243670159.1,178374575.0,122525667.4,80005322.33,51122901.3,36064275.01,6329.4634,8232.682,4635.839,3245.9465,2198.1104,1649.214,3.822601,412.777778,23.02158273,0.9958371,1.0,0.9202909,0.8481785,0.7898019,0.7348591,320795.9252,389.294534,No dominant class,Acrisols,Acid plutonic rocks,9.22,76.71,West Flowing Rivers From Tadri to Kanyakumari,Kerala,810.0,813.0768433,0.3798571979999999,1984,10,277,Post-Monsoon
9.91,-7.435717549763118,17.34571754976312,17.34571754976312,INDOFLOODS-gauge-429,9.91,10.9158152,16.12592756,17.36793468,18.66885231,19.32563299,27.25651068,46.77432953,58.29662259,63.94558829,64.59961946,3,71464.60938,57389.75391,813.0768433,1737,59878.34375,179882.2656,1.245250344,0.226773366,0.029008819,2.08e-09,0.31576556,4.40968895,8.34e-05,0.000140846,1.792230129,1.193496704,0.397285461,12,1.84e-08,0.000130983,2.6e-12,0.244649813,12,2.0,1.0,,,39029.13281,26071.5332,49418.10547,,,3252.427734,13035.7666,49418.10547,,,0.668001831,1.895481348,,,6.0,2.0,,,25.9632,7.673909,66.263042,103.314341,31.850515,20.265773,11.584742,25.615808,25.580189,27.495567,24.874742,2200.758763,381.073196,31.23299,61.751439,957.151546,144.071134,405.985567,331.583505,Tropical,243670159.1,178374575.0,122525667.4,80005322.33,51122901.3,36064275.01,6329.4634,8232.682,4635.839,3245.9465,2198.1104,1649.214,3.822601,412.777778,23.02158273,0.9958371,1.0,0.9202909,0.8481785,0.7898019,0.7348591,320795.9252,389.294534,No dominant class,Acrisols,Acid plutonic rocks,9.22,76.71,West Flowing Rivers From Tadri to Kanyakumari,Kerala,810.0,813.0768433,0.3798571979999999,1981,8,229,Monsoon
9.83,-7.508323994398533,17.338323994398532,17.338323994398532,INDOFLOODS-gauge-429,9.83,27.60792336,47.1748795,104.6263451,178.0479689,209.7170346,226.5821879,227.6561564,227.7468897,228.0088941,228.6665249,3,71464.60938,57389.75391,813.0768433,1737,59878.34375,179882.2656,1.245250344,0.226773366,0.029008819,2.08e-09,0.31576556,4.40968895,8.34e-05,0.000140846,1.792230129,1.193496704,0.397285461,12,1.84e-08,0.000130983,2.6e-12,0.244649813,12,2.0,1.0,,,39029.13281,26071.5332,49418.10547,,,3252.427734,13035.7666,49418.10547,,,0.668001831,1.895481348,,,6.0,2.0,,,25.9632,7.673909,66.263042,103.314341,31.850515,20.265773,11.584742,25.615808,25.580189,27.495567,24.874742,2200.758763,381.073196,31.23299,61.751439,957.151546,144.071134,405.985567,331.583505,Tropical,243670159.1,178374575.0,122525667.4,80005322.33,51122901.3,36064275.01,6329.4634,8232.682,4635.839,3245.9465,2198.1104,1649.214,3.822601,412.777778,23.02158273,0.9958371,1.0,0.9202909,0.8481785,0.7898019,0.7348591,320795.9252,389.294534,No dominant class,Acrisols,Acid plutonic rocks,9.22,76.71,West Flowing Rivers From Tadri to Kanyakumari,Kerala,810.0,813.0768433,0.3798571979999999,1991,7,193,Monsoon
9.88,-7.435717549763118,17.315717549763118,17.315717549763118,INDOFLOODS-gauge-429,9.88,10.61915064,20.55744236,24.99014637,30.88195374,32.329093,32.72908254,32.85664542,33.76629934,34.86300277,35.80620906,3,71464.60938,57389.75391,813.0768433,1737,59878.34375,179882.2656,1.245250344,0.226773366,0.029008819,2.08e-09,0.31576556,4.40968895,8.34e-05,0.000140846,1.792230129,1.193496704,0.397285461,12,1.84e-08,0.000130983,2.6e-12,0.244649813,12,2.0,1.0,,,39029.13281,26071.5332,49418.10547,,,3252.427734,13035.7666,49418.10547,,,0.668001831,1.895481348,,,6.0,2.0,,,25.9632,7.673909,66.263042,103.314341,31.850515,20.265773,11.584742,25.615808,25.580189,27.495567,24.874742,2200.758763,381.073196,31.23299,61.751439,957.151546,144.071134,405.985567,331.583505,Tropical,243670159.1,178374575.0,122525667.4,80005322.33,51122901.3,36064275.01,6329.4634,8232.682,4635.839,3245.9465,2198.1104,1649.214,3.822601,412.777778,23.02158273,0.9958371,1.0,0.9202909,0.8481785,0.7898019,0.7348591,320795.9252,389.294534,No dominant class,Acrisols,Acid plutonic rocks,9.22,76.71,West Flowing Rivers From Tadri to Kanyakumari,Kerala,810.0,813.0768433,0.3798571979999999,1979,9,257,Monsoon
9.8,-7.508323994398533,17.308323994398535,17.308323994398535,INDOFLOODS-gauge-429,9.8,29.49570129,35.76900557,59.27873757,68.59847619,72.4990944,75.62899051,76.40722099999998,79.96031359999998,81.15566275,81.545877,3,71464.60938,57389.75391,813.0768433,1737,59878.34375,179882.2656,1.245250344,0.226773366,0.029008819,2.08e-09,0.31576556,4.40968895,8.34e-05,0.000140846,1.792230129,1.193496704,0.397285461,12,1.84e-08,0.000130983,2.6e-12,0.244649813,12,2.0,1.0,,,39029.13281,26071.5332,49418.10547,,,3252.427734,13035.7666,49418.10547,,,0.668001831,1.895481348,,,6.0,2.0,,,25.9632,7.673909,66.263042,103.314341,31.850515,20.265773,11.584742,25.615808,25.580189,27.495567,24.874742,2200.758763,381.073196,31.23299,61.751439,957.151546,144.071134,405.985567,331.583505,Tropical,243670159.1,178374575.0,122525667.4,80005322.33,51122901.3,36064275.01,6329.4634,8232.682,4635.839,3245.9465,2198.1104,1649.214,3.822601,412.777778,23.02158273,0.9958371,1.0,0.9202909,0.8481785,0.7898019,0.7348591,320795.9252,389.294534,No dominant class,Acrisols,Acid plutonic rocks,9.22,76.71,West Flowing Rivers From Tadri to Kanyakumari,Kerala,810.0,813.0768433,0.3798571979999999,1997,7,205,Monsoon
9.87,-7.435717549763118,17.305717549763116,17.305717549763116,INDOFLOODS-gauge-429,9.87,16.97843821,26.845399,31.0252674,33.18016178,42.32908723,51.02987336,57.47841501,61.12719631,69.30838106,86.83382549,3,71464.60938,57389.75391,813.0768433,1737,59878.34375,179882.2656,1.245250344,0.226773366,0.029008819,2.08e-09,0.31576556,4.40968895,8.34e-05,0.000140846,1.792230129,1.193496704,0.397285461,12,1.84e-08,0.000130983,2.6e-12,0.244649813,12,2.0,1.0,,,39029.13281,26071.5332,49418.10547,,,3252.427734,13035.7666,49418.10547,,,0.668001831,1.895481348,,,6.0,2.0,,,25.9632,7.673909,66.263042,103.314341,31.850515,20.265773,11.584742,25.615808,25.580189,27.495567,24.874742,2200.758763,381.073196,31.23299,61.751439,957.151546,144.071134,405.985567,331.583505,Tropical,243670159.1,178374575.0,122525667.4,80005322.33,51122901.3,36064275.01,6329.4634,8232.682,4635.839,3245.9465,2198.1104,1649.214,3.822601,412.777778,23.02158273,0.9958371,1.0,0.9202909,0.8481785,0.7898019,0.7348591,320795.9252,389.294534,No dominant class,Acrisols,Acid plutonic rocks,9.22,76.71,West Flowing Rivers From Tadri to Kanyakumari,Kerala,810.0,813.0768433,0.3798571979999999,1984,9,274,Monsoon
9.78,-7.508323994398533,17.28832399439853,17.28832399439853,INDOFLOODS-gauge-429,9.78,6.594918757,7.9447465,9.766699736,15.07859466,21.90376566,60.97554937,64.36335509,64.3750096,64.55265293,65.06056389,3,71464.60938,57389.75391,813.0768433,1737,59878.34375,179882.2656,1.245250344,0.226773366,0.029008819,2.08e-09,0.31576556,4.40968895,8.34e-05,0.000140846,1.792230129,1.193496704,0.397285461,12,1.84e-08,0.000130983,2.6e-12,0.244649813,12,2.0,1.0,,,39029.13281,26071.5332,49418.10547,,,3252.427734,13035.7666,49418.10547,,,0.668001831,1.895481348,,,6.0,2.0,,,25.9632,7.673909,66.263042,103.314341,31.850515,20.265773,11.584742,25.615808,25.580189,27.495567,24.874742,2200.758763,381.073196,31.23299,61.751439,957.151546,144.071134,405.985567,331.583505,Tropical,243670159.1,178374575.0,122525667.4,80005322.33,51122901.3,36064275.01,6329.4634,8232.682,4635.839,3245.9465,2198.1104,1649.214,3.822601,412.777778,23.02158273,0.9958371,1.0,0.9202909,0.8481785,0.7898019,0.7348591,320795.9252,389.294534,No dominant class,Acrisols,Acid plutonic rocks,9.22,76.71,West Flowing Rivers From Tadri to Kanyakumari,Kerala,810.0,813.0768433,0.3798571979999999,1981,7,193,Monsoon
9.78,-7.508323994398533,17.28832399439853,17.28832399439853,INDOFLOODS-gauge-429,9.78,21.08538286,94.078665,113.576637,139.4001394,152.3694499,152.5204306,153.2583115,153.6286117,153.80542409999995,160.702212,3,71464.60938,57389.75391,813.0768433,1737,59878.34375,179882.2656,1.245250344,0.226773366,0.029008819,2.08e-09,0.31576556,4.40968895,8.34e-05,0.000140846,1.792230129,1.193496704,0.397285461,12,1.84e-08,0.000130983,2.6e-12,0.244649813,12,2.0,1.0,,,39029.13281,26071.5332,49418.10547,,,3252.427734,13035.7666,49418.10547,,,0.668001831,1.895481348,,,6.0,2.0,,,25.9632,7.673909,66.263042,103.314341,31.850515,20.265773,11.584742,25.615808,25.580189,27.495567,24.874742,2200.758763,381.073196,31.23299,61.751439,957.151546,144.071134,405.985567,331.583505,Tropical,243670159.1,178374575.0,122525667.4,80005322.33,51122901.3,36064275.01,6329.4634,8232.682,4635.839,3245.9465,2198.1104,1649.214,3.822601,412.777778,23.02158273,0.9958371,1.0,0.9202909,0.8481785,0.7898019,0.7348591,320795.9252,389.294534,No dominant class,Acrisols,Acid plutonic rocks,9.22,76.71,West Flowing Rivers From Tadri to Kanyakumari,Kerala,810.0,813.0768433,0.3798571979999999,1994,7,197,Monsoon
9.84,-7.439347871994888,17.279347871994887,17.279347871994887,INDOFLOODS-gauge-429,9.84,88.98101171,134.4382674,151.3000753,160.837179,210.2558227,230.2806722,237.6871621,256.7910705,262.768019,268.24539300000004,3,71464.60938,57389.75391,813.0768433,1737,59878.34375,179882.2656,1.245250344,0.226773366,0.029008819,2.08e-09,0.31576556,4.40968895,8.34e-05,0.000140846,1.792230129,1.193496704,0.397285461,12,1.84e-08,0.000130983,2.6e-12,0.244649813,12,2.0,1.0,,,39029.13281,26071.5332,49418.10547,,,3252.427734,13035.7666,49418.10547,,,0.668001831,1.895481348,,,6.0,2.0,,,25.9632,7.673909,66.263042,103.314341,31.850515,20.265773,11.584742,25.615808,25.580189,27.495567,24.874742,2200.758763,381.073196,31.23299,61.751439,957.151546,144.071134,405.985567,331.583505,Tropical,243670159.1,178374575.0,122525667.4,80005322.33,51122901.3,36064275.01,6329.4634,8232.682,4635.839,3245.9465,2198.1104,1649.214,3.822601,412.777778,23.02158273,0.9958371,1.0,0.9202909,0.8481785,0.7898019,0.7348591,320795.9252,389.294534,No dominant class,Acrisols,Acid plutonic rocks,9.22,76.71,West Flowing Rivers From Tadri to Kanyakumari,Kerala,810.0,813.0768433,0.3798571979999999,2007,6,174,Monsoon
9.75,-7.508323994398533,17.258323994398534,17.258323994398534,INDOFLOODS-gauge-429,9.75,26.61811943,39.7917481,51.13949467,65.86383796,80.4836811,97.21200896,114.6643374,120.5743635,124.7783774,130.4439554,3,71464.60938,57389.75391,813.0768433,1737,59878.34375,179882.2656,1.245250344,0.226773366,0.029008819,2.08e-09,0.31576556,4.40968895,8.34e-05,0.000140846,1.792230129,1.193496704,0.397285461,12,1.84e-08,0.000130983,2.6e-12,0.244649813,12,2.0,1.0,,,39029.13281,26071.5332,49418.10547,,,3252.427734,13035.7666,49418.10547,,,0.668001831,1.895481348,,,6.0,2.0,,,25.9632,7.673909,66.263042,103.314341,31.850515,20.265773,11.584742,25.615808,25.580189,27.495567,24.874742,2200.758763,381.073196,31.23299,61.751439,957.151546,144.071134,405.985567,331.583505,Tropical,243670159.1,178374575.0,122525667.4,80005322.33,51122901.3,36064275.01,6329.4634,8232.682,4635.839,3245.9465,2198.1104,1649.214,3.822601,412.777778,23.02158273,0.9958371,1.0,0.9202909,0.8481785,0.7898019,0.7348591,320795.9252,389.294534,No dominant class,Acrisols,Acid plutonic rocks,9.22,76.71,West Flowing Rivers From Tadri to Kanyakumari,Kerala,810.0,813.0768433,0.3798571979999999,1984,6,170,Monsoon
9.82,-7.435717549763118,17.25571754976312,17.25571754976312,INDOFLOODS-gauge-429,9.82,22.08163014,27.51210243,29.01588503,29.07939521,32.42298988,44.75774266,73.22996324,102.4248172,113.6683095,120.6362881,3,71464.60938,57389.75391,813.0768433,1737,59878.34375,179882.2656,1.245250344,0.226773366,0.029008819,2.08e-09,0.31576556,4.40968895,8.34e-05,0.000140846,1.792230129,1.193496704,0.397285461,12,1.84e-08,0.000130983,2.6e-12,0.244649813,12,2.0,1.0,,,39029.13281,26071.5332,49418.10547,,,3252.427734,13035.7666,49418.10547,,,0.668001831,1.895481348,,,6.0,2.0,,,25.9632,7.673909,66.263042,103.314341,31.850515,20.265773,11.584742,25.615808,25.580189,27.495567,24.874742,2200.758763,381.073196,31.23299,61.751439,957.151546,144.071134,405.985567,331.583505,Tropical,243670159.1,178374575.0,122525667.4,80005322.33,51122901.3,36064275.01,6329.4634,8232.682,4635.839,3245.9465,2198.1104,1649.214,3.822601,412.777778,23.02158273,0.9958371,1.0,0.9202909,0.8481785,0.7898019,0.7348591,320795.9252,389.294534,No dominant class,Acrisols,Acid plutonic rocks,9.22,76.71,West Flowing Rivers From Tadri to Kanyakumari,Kerala,810.0,813.0768433,0.3798571979999999,1989,10,301,Post-Monsoon
9.78,-7.439347871994888,17.219347871994888,17.219347871994888,INDOFLOODS-gauge-429,9.78,75.29538429,130.908424,142.34614409999998,148.31545459999995,157.389609,190.6098569,205.1733895,208.9022325,210.30714680000003,211.9330613,3,71464.60938,57389.75391,813.0768433,1737,59878.34375,179882.2656,1.245250344,0.226773366,0.029008819,2.08e-09,0.31576556,4.40968895,8.34e-05,0.000140846,1.792230129,1.193496704,0.397285461,12,1.84e-08,0.000130983,2.6e-12,0.244649813,12,2.0,1.0,,,39029.13281,26071.5332,49418.10547,,,3252.427734,13035.7666,49418.10547,,,0.668001831,1.895481348,,,6.0,2.0,,,25.9632,7.673909,66.263042,103.314341,31.850515,20.265773,11.584742,25.615808,25.580189,27.495567,24.874742,2200.758763,381.073196,31.23299,61.751439,957.151546,144.071134,405.985567,331.583505,Tropical,243670159.1,178374575.0,122525667.4,80005322.33,51122901.3,36064275.01,6329.4634,8232.682,4635.839,3245.9465,2198.1104,1649.214,3.822601,412.777778,23.02158273,0.9958371,1.0,0.9202909,0.8481785,0.7898019,0.7348591,320795.9252,389.294534,No dominant class,Acrisols,Acid plutonic rocks,9.22,76.71,West Flowing Rivers From Tadri to Kanyakumari,Kerala,810.0,813.0768433,0.3798571979999999,1993,7,184,Monsoon
9.71,-7.508323994398533,17.218323994398535,17.218323994398535,INDOFLOODS-gauge-429,9.71,30.71913,58.354171,75.83101436,77.70259983,78.62057109999998,79.06335547,81.30208602,83.38519034,89.72357797,103.2971214,3,71464.60938,57389.75391,813.0768433,1737,59878.34375,179882.2656,1.245250344,0.226773366,0.029008819,2.08e-09,0.31576556,4.40968895,8.34e-05,0.000140846,1.792230129,1.193496704,0.397285461,12,1.84e-08,0.000130983,2.6e-12,0.244649813,12,2.0,1.0,,,39029.13281,26071.5332,49418.10547,,,3252.427734,13035.7666,49418.10547,,,0.668001831,1.895481348,,,6.0,2.0,,,25.9632,7.673909,66.263042,103.314341,31.850515,20.265773,11.584742,25.615808,25.580189,27.495567,24.874742,2200.758763,381.073196,31.23299,61.751439,957.151546,144.071134,405.985567,331.583505,Tropical,243670159.1,178374575.0,122525667.4,80005322.33,51122901.3,36064275.01,6329.4634,8232.682,4635.839,3245.9465,2198.1104,1649.214,3.822601,412.777778,23.02158273,0.9958371,1.0,0.9202909,0.8481785,0.7898019,0.7348591,320795.9252,389.294534,No dominant class,Acrisols,Acid plutonic rocks,9.22,76.71,West Flowing Rivers From Tadri to Kanyakumari,Kerala,810.0,813.0768433,0.3798571979999999,1984,7,196,Monsoon
9.71,-7.508323994398533,17.218323994398535,17.218323994398535,INDOFLOODS-gauge-429,9.71,6.5911304,22.67692254,42.54973097,57.83500419,84.51431104,107.9046753,119.5754546,136.96891409999998,145.8713303,152.842552,3,71464.60938,57389.75391,813.0768433,1737,59878.34375,179882.2656,1.245250344,0.226773366,0.029008819,2.08e-09,0.31576556,4.40968895,8.34e-05,0.000140846,1.792230129,1.193496704,0.397285461,12,1.84e-08,0.000130983,2.6e-12,0.244649813,12,2.0,1.0,,,39029.13281,26071.5332,49418.10547,,,3252.427734,13035.7666,49418.10547,,,0.668001831,1.895481348,,,6.0,2.0,,,25.9632,7.673909,66.263042,103.314341,31.850515,20.265773,11.584742,25.615808,25.580189,27.495567,24.874742,2200.758763,381.073196,31.23299,61.751439,957.151546,144.071134,405.985567,331.583505,Tropical,243670159.1,178374575.0,122525667.4,80005322.33,51122901.3,36064275.01,6329.4634,8232.682,4635.839,3245.9465,2198.1104,1649.214,3.822601,412.777778,23.02158273,0.9958371,1.0,0.9202909,0.8481785,0.7898019,0.7348591,320795.9252,389.294534,No dominant class,Acrisols,Acid plutonic rocks,9.22,76.71,West Flowing Rivers From Tadri to Kanyakumari,Kerala,810.0,813.0768433,0.3798571979999999,1984,7,186,Monsoon
9.78,-7.435717549763118,17.215717549763117,17.215717549763117,INDOFLOODS-gauge-429,9.78,22.75513057,50.63906014,65.07189556,77.4405777,100.7534027,130.2363626,152.5622976,156.95639599999996,163.440898,182.8641122,3,71464.60938,57389.75391,813.0768433,1737,59878.34375,179882.2656,1.245250344,0.226773366,0.029008819,2.08e-09,0.31576556,4.40968895,8.34e-05,0.000140846,1.792230129,1.193496704,0.397285461,12,1.84e-08,0.000130983,2.6e-12,0.244649813,12,2.0,1.0,,,39029.13281,26071.5332,49418.10547,,,3252.427734,13035.7666,49418.10547,,,0.668001831,1.895481348,,,6.0,2.0,,,25.9632,7.673909,66.263042,103.314341,31.850515,20.265773,11.584742,25.615808,25.580189,27.495567,24.874742,2200.758763,381.073196,31.23299,61.751439,957.151546,144.071134,405.985567,331.583505,Tropical,243670159.1,178374575.0,122525667.4,80005322.33,51122901.3,36064275.01,6329.4634,8232.682,4635.839,3245.9465,2198.1104,1649.214,3.822601,412.777778,23.02158273,0.9958371,1.0,0.9202909,0.8481785,0.7898019,0.7348591,320795.9252,389.294534,No dominant class,Acrisols,Acid plutonic rocks,9.22,76.71,West Flowing Rivers From Tadri to Kanyakumari,Kerala,810.0,813.0768433,0.3798571979999999,1995,8,240,Monsoon
9.78,-7.435717549763118,17.215717549763117,17.215717549763117,INDOFLOODS-gauge-429,9.78,52.47496114,69.79428629,86.06113686,95.77578214,143.0591327,153.5216015,157.06155800000005,170.6688279,179.0777511,194.9382541,3,71464.60938,57389.75391,813.0768433,1737,59878.34375,179882.2656,1.245250344,0.226773366,0.029008819,2.08e-09,0.31576556,4.40968895,8.34e-05,0.000140846,1.792230129,1.193496704,0.397285461,12,1.84e-08,0.000130983,2.6e-12,0.244649813,12,2.0,1.0,,,39029.13281,26071.5332,49418.10547,,,3252.427734,13035.7666,49418.10547,,,0.668001831,1.895481348,,,6.0,2.0,,,25.9632,7.673909,66.263042,103.314341,31.850515,20.265773,11.584742,25.615808,25.580189,27.495567,24.874742,2200.758763,381.073196,31.23299,61.751439,957.151546,144.071134,405.985567,331.583505,Tropical,243670159.1,178374575.0,122525667.4,80005322.33,51122901.3,36064275.01,6329.4634,8232.682,4635.839,3245.9465,2198.1104,1649.214,3.822601,412.777778,23.02158273,0.9958371,1.0,0.9202909,0.8481785,0.7898019,0.7348591,320795.9252,389.294534,No dominant class,Acrisols,Acid plutonic rocks,9.22,76.71,West Flowing Rivers From Tadri to Kanyakumari,Kerala,810.0,813.0768433,0.3798571979999999,2010,10,277,Post-Monsoon
9.69,-7.508323994398533,17.19832399439853,17.19832399439853,INDOFLOODS-gauge-429,9.69,6.0090181,9.406113853,14.2670706,28.99041688,64.04148988,90.08381588,103.7395391,111.9034455,118.3457911,122.2434999,3,71464.60938,57389.75391,813.0768433,1737,59878.34375,179882.2656,1.245250344,0.226773366,0.029008819,2.08e-09,0.31576556,4.40968895,8.34e-05,0.000140846,1.792230129,1.193496704,0.397285461,12,1.84e-08,0.000130983,2.6e-12,0.244649813,12,2.0,1.0,,,39029.13281,26071.5332,49418.10547,,,3252.427734,13035.7666,49418.10547,,,0.668001831,1.895481348,,,6.0,2.0,,,25.9632,7.673909,66.263042,103.314341,31.850515,20.265773,11.584742,25.615808,25.580189,27.495567,24.874742,2200.758763,381.073196,31.23299,61.751439,957.151546,144.071134,405.985567,331.583505,Tropical,243670159.1,178374575.0,122525667.4,80005322.33,51122901.3,36064275.01,6329.4634,8232.682,4635.839,3245.9465,2198.1104,1649.214,3.822601,412.777778,23.02158273,0.9958371,1.0,0.9202909,0.8481785,0.7898019,0.7348591,320795.9252,389.294534,No dominant class,Acrisols,Acid plutonic rocks,9.22,76.71,West Flowing Rivers From Tadri to Kanyakumari,Kerala,810.0,813.0768433,0.3798571979999999,1980,6,178,Monsoon
9.76,-7.435717549763118,17.195717549763117,17.195717549763117,INDOFLOODS-gauge-429,9.76,5.501360486,15.1904792,35.50908777,62.78247391,122.6791702,177.5328501,194.8782226,208.5210438,225.499482,235.36644280000004,3,71464.60938,57389.75391,813.0768433,1737,59878.34375,179882.2656,1.245250344,0.226773366,0.029008819,2.08e-09,0.31576556,4.40968895,8.34e-05,0.000140846,1.792230129,1.193496704,0.397285461,12,1.84e-08,0.000130983,2.6e-12,0.244649813,12,2.0,1.0,,,39029.13281,26071.5332,49418.10547,,,3252.427734,13035.7666,49418.10547,,,0.668001831,1.895481348,,,6.0,2.0,,,25.9632,7.673909,66.263042,103.314341,31.850515,20.265773,11.584742,25.615808,25.580189,27.495567,24.874742,2200.758763,381.073196,31.23299,61.751439,957.151546,144.071134,405.985567,331.583505,Tropical,243670159.1,178374575.0,122525667.4,80005322.33,51122901.3,36064275.01,6329.4634,8232.682,4635.839,3245.9465,2198.1104,1649.214,3.822601,412.777778,23.02158273,0.9958371,1.0,0.9202909,0.8481785,0.7898019,0.7348591,320795.9252,389.294534,No dominant class,Acrisols,Acid plutonic rocks,9.22,76.71,West Flowing Rivers From Tadri to Kanyakumari,Kerala,810.0,813.0768433,0.3798571979999999,1984,10,282,Post-Monsoon
9.76,-7.435717549763118,17.195717549763117,17.195717549763117,INDOFLOODS-gauge-429,9.76,18.76421657,33.218917,52.880048,59.68138123,68.5368338,85.81621080000002,97.74349289,120.9733086,125.4976228,135.33371630000002,3,71464.60938,57389.75391,813.0768433,1737,59878.34375,179882.2656,1.245250344,0.226773366,0.029008819,2.08e-09,0.31576556,4.40968895,8.34e-05,0.000140846,1.792230129,1.193496704,0.397285461,12,1.84e-08,0.000130983,2.6e-12,0.244649813,12,2.0,1.0,,,39029.13281,26071.5332,49418.10547,,,3252.427734,13035.7666,49418.10547,,,0.668001831,1.895481348,,,6.0,2.0,,,25.9632,7.673909,66.263042,103.314341,31.850515,20.265773,11.584742,25.615808,25.580189,27.495567,24.874742,2200.758763,381.073196,31.23299,61.751439,957.151546,144.071134,405.985567,331.583505,Tropical,243670159.1,178374575.0,122525667.4,80005322.33,51122901.3,36064275.01,6329.4634,8232.682,4635.839,3245.9465,2198.1104,1649.214,3.822601,412.777778,23.02158273,0.9958371,1.0,0.9202909,0.8481785,0.7898019,0.7348591,320795.9252,389.294534,No dominant class,Acrisols,Acid plutonic rocks,9.22,76.71,West Flowing Rivers From Tadri to Kanyakumari,Kerala,810.0,813.0768433,0.3798571979999999,2000,9,272,Monsoon
9.75,-7.435717549763118,17.18571754976312,17.18571754976312,INDOFLOODS-gauge-429,9.75,15.57152357,19.14474169,19.4143749,19.46435584,19.61767026,19.73955772,20.28918686,20.56359019,21.16078634,21.40271253,3,71464.60938,57389.75391,813.0768433,1737,59878.34375,179882.2656,1.245250344,0.226773366,0.029008819,2.08e-09,0.31576556,4.40968895,8.34e-05,0.000140846,1.792230129,1.193496704,0.397285461,12,1.84e-08,0.000130983,2.6e-12,0.244649813,12,2.0,1.0,,,39029.13281,26071.5332,49418.10547,,,3252.427734,13035.7666,49418.10547,,,0.668001831,1.895481348,,,6.0,2.0,,,25.9632,7.673909,66.263042,103.314341,31.850515,20.265773,11.584742,25.615808,25.580189,27.495567,24.874742,2200.758763,381.073196,31.23299,61.751439,957.151546,144.071134,405.985567,331.583505,Tropical,243670159.1,178374575.0,122525667.4,80005322.33,51122901.3,36064275.01,6329.4634,8232.682,4635.839,3245.9465,2198.1104,1649.214,3.822601,412.777778,23.02158273,0.9958371,1.0,0.9202909,0.8481785,0.7898019,0.7348591,320795.9252,389.294534,No dominant class,Acrisols,Acid plutonic rocks,9.22,76.71,West Flowing Rivers From Tadri to Kanyakumari,Kerala,810.0,813.0768433,0.3798571979999999,1979,10,284,Post-Monsoon
9.82,-7.362920035536555,17.182920035536554,17.182920035536554,INDOFLOODS-gauge-429,9.82,78.873448,165.1750047,176.50276340000005,192.2284477,207.0332819,212.878958,215.8752389,215.8836374,219.1689346,228.7498356,3,71464.60938,57389.75391,813.0768433,1737,59878.34375,179882.2656,1.245250344,0.226773366,0.029008819,2.08e-09,0.31576556,4.40968895,8.34e-05,0.000140846,1.792230129,1.193496704,0.397285461,12,1.84e-08,0.000130983,2.6e-12,0.244649813,12,2.0,1.0,,,39029.13281,26071.5332,49418.10547,,,3252.427734,13035.7666,49418.10547,,,0.668001831,1.895481348,,,6.0,2.0,,,25.9632,7.673909,66.263042,103.314341,31.850515,20.265773,11.584742,25.615808,25.580189,27.495567,24.874742,2200.758763,381.073196,31.23299,61.751439,957.151546,144.071134,405.985567,331.583505,Tropical,243670159.1,178374575.0,122525667.4,80005322.33,51122901.3,36064275.01,6329.4634,8232.682,4635.839,3245.9465,2198.1104,1649.214,3.822601,412.777778,23.02158273,0.9958371,1.0,0.9202909,0.8481785,0.7898019,0.7348591,320795.9252,389.294534,No dominant class,Acrisols,Acid plutonic rocks,9.22,76.71,West Flowing Rivers From Tadri to Kanyakumari,Kerala,810.0,813.0768433,0.3798571979999999,2013,8,218,Monsoon
9.8,-7.359289713304785,17.159289713304787,17.159289713304787,INDOFLOODS-gauge-429,9.8,20.68395257,49.25509143,88.98325886,129.51231940000002,140.7600113,142.7302215,143.28168069999995,143.391312,148.99599990000004,196.6361981,3,71464.60938,57389.75391,813.0768433,1737,59878.34375,179882.2656,1.245250344,0.226773366,0.029008819,2.08e-09,0.31576556,4.40968895,8.34e-05,0.000140846,1.792230129,1.193496704,0.397285461,12,1.84e-08,0.000130983,2.6e-12,0.244649813,12,2.0,1.0,,,39029.13281,26071.5332,49418.10547,,,3252.427734,13035.7666,49418.10547,,,0.668001831,1.895481348,,,6.0,2.0,,,25.9632,7.673909,66.263042,103.314341,31.850515,20.265773,11.584742,25.615808,25.580189,27.495567,24.874742,2200.758763,381.073196,31.23299,61.751439,957.151546,144.071134,405.985567,331.583505,Tropical,243670159.1,178374575.0,122525667.4,80005322.33,51122901.3,36064275.01,6329.4634,8232.682,4635.839,3245.9465,2198.1104,1649.214,3.822601,412.777778,23.02158273,0.9958371,1.0,0.9202909,0.8481785,0.7898019,0.7348591,320795.9252,389.294534,No dominant class,Acrisols,Acid plutonic rocks,9.22,76.71,West Flowing Rivers From Tadri to Kanyakumari,Kerala,810.0,813.0768433,0.3798571979999999,2014,9,245,Monsoon
9.7,-7.435717549763118,17.13571754976312,17.13571754976312,INDOFLOODS-gauge-429,9.7,31.85819771,33.86113815,52.69215576,64.32866379999999,64.66722177,67.87867511,76.14758072,89.58541381,90.55556768,91.08890146,3,71464.60938,57389.75391,813.0768433,1737,59878.34375,179882.2656,1.245250344,0.226773366,0.029008819,2.08e-09,0.31576556,4.40968895,8.34e-05,0.000140846,1.792230129,1.193496704,0.397285461,12,1.84e-08,0.000130983,2.6e-12,0.244649813,12,2.0,1.0,,,39029.13281,26071.5332,49418.10547,,,3252.427734,13035.7666,49418.10547,,,0.668001831,1.895481348,,,6.0,2.0,,,25.9632,7.673909,66.263042,103.314341,31.850515,20.265773,11.584742,25.615808,25.580189,27.495567,24.874742,2200.758763,381.073196,31.23299,61.751439,957.151546,144.071134,405.985567,331.583505,Tropical,243670159.1,178374575.0,122525667.4,80005322.33,51122901.3,36064275.01,6329.4634,8232.682,4635.839,3245.9465,2198.1104,1649.214,3.822601,412.777778,23.02158273,0.9958371,1.0,0.9202909,0.8481785,0.7898019,0.7348591,320795.9252,389.294534,No dominant class,Acrisols,Acid plutonic rocks,9.22,76.71,West Flowing Rivers From Tadri to Kanyakumari,Kerala,810.0,813.0768433,0.3798571979999999,2010,8,228,Monsoon
9.7,-7.435717549763118,17.13571754976312,17.13571754976312,INDOFLOODS-gauge-429,9.7,18.84883543,31.63632079,38.1172812,40.75683981,48.76781096,58.8968951,67.25143379,78.34589973,79.27090086,87.49157876,3,71464.60938,57389.75391,813.0768433,1737,59878.34375,179882.2656,1.245250344,0.226773366,0.029008819,2.08e-09,0.31576556,4.40968895,8.34e-05,0.000140846,1.792230129,1.193496704,0.397285461,12,1.84e-08,0.000130983,2.6e-12,0.244649813,12,2.0,1.0,,,39029.13281,26071.5332,49418.10547,,,3252.427734,13035.7666,49418.10547,,,0.668001831,1.895481348,,,6.0,2.0,,,25.9632,7.673909,66.263042,103.314341,31.850515,20.265773,11.584742,25.615808,25.580189,27.495567,24.874742,2200.758763,381.073196,31.23299,61.751439,957.151546,144.071134,405.985567,331.583505,Tropical,243670159.1,178374575.0,122525667.4,80005322.33,51122901.3,36064275.01,6329.4634,8232.682,4635.839,3245.9465,2198.1104,1649.214,3.822601,412.777778,23.02158273,0.9958371,1.0,0.9202909,0.8481785,0.7898019,0.7348591,320795.9252,389.294534,No dominant class,Acrisols,Acid plutonic rocks,9.22,76.71,West Flowing Rivers From Tadri to Kanyakumari,Kerala,810.0,813.0768433,0.3798571979999999,1997,10,295,Post-Monsoon
9.66,-7.435717549763118,17.09571754976312,17.09571754976312,INDOFLOODS-gauge-429,9.66,15.09993809,17.22449702,17.27477617,18.1034293,24.63283957,30.46711647,61.66860547,78.15461369,92.69635667,101.1476747,3,71464.60938,57389.75391,813.0768433,1737,59878.34375,179882.2656,1.245250344,0.226773366,0.029008819,2.08e-09,0.31576556,4.40968895,8.34e-05,0.000140846,1.792230129,1.193496704,0.397285461,12,1.84e-08,0.000130983,2.6e-12,0.244649813,12,2.0,1.0,,,39029.13281,26071.5332,49418.10547,,,3252.427734,13035.7666,49418.10547,,,0.668001831,1.895481348,,,6.0,2.0,,,25.9632,7.673909,66.263042,103.314341,31.850515,20.265773,11.584742,25.615808,25.580189,27.495567,24.874742,2200.758763,381.073196,31.23299,61.751439,957.151546,144.071134,405.985567,331.583505,Tropical,243670159.1,178374575.0,122525667.4,80005322.33,51122901.3,36064275.01,6329.4634,8232.682,4635.839,3245.9465,2198.1104,1649.214,3.822601,412.777778,23.02158273,0.9958371,1.0,0.9202909,0.8481785,0.7898019,0.7348591,320795.9252,389.294534,No dominant class,Acrisols,Acid plutonic rocks,9.22,76.71,West Flowing Rivers From Tadri to Kanyakumari,Kerala,810.0,813.0768433,0.3798571979999999,1980,8,240,Monsoon
9.58,-7.508323994398533,17.088323994398532,17.088323994398532,INDOFLOODS-gauge-429,9.58,14.61515329,19.41956426,22.64368493,24.90523437,39.96022309,85.17594566,102.127886,118.3090733,125.97670929999998,133.5979998,3,71464.60938,57389.75391,813.0768433,1737,59878.34375,179882.2656,1.245250344,0.226773366,0.029008819,2.08e-09,0.31576556,4.40968895,8.34e-05,0.000140846,1.792230129,1.193496704,0.397285461,12,1.84e-08,0.000130983,2.6e-12,0.244649813,12,2.0,1.0,,,39029.13281,26071.5332,49418.10547,,,3252.427734,13035.7666,49418.10547,,,0.668001831,1.895481348,,,6.0,2.0,,,25.9632,7.673909,66.263042,103.314341,31.850515,20.265773,11.584742,25.615808,25.580189,27.495567,24.874742,2200.758763,381.073196,31.23299,61.751439,957.151546,144.071134,405.985567,331.583505,Tropical,243670159.1,178374575.0,122525667.4,80005322.33,51122901.3,36064275.01,6329.4634,8232.682,4635.839,3245.9465,2198.1104,1649.214,3.822601,412.777778,23.02158273,0.9958371,1.0,0.9202909,0.8481785,0.7898019,0.7348591,320795.9252,389.294534,No dominant class,Acrisols,Acid plutonic rocks,9.22,76.71,West Flowing Rivers From Tadri to Kanyakumari,Kerala,810.0,813.0768433,0.3798571979999999,1982,6,175,Monsoon
9.65,-7.435717549763118,17.085717549763118,17.085717549763118,INDOFLOODS-gauge-429,9.65,86.33488643,116.5262444,136.4160743,188.8910354,206.2103606,222.4772111,232.19185640000003,279.47520699999995,289.9376758,293.4776323000001,3,71464.60938,57389.75391,813.0768433,1737,59878.34375,179882.2656,1.245250344,0.226773366,0.029008819,2.08e-09,0.31576556,4.40968895,8.34e-05,0.000140846,1.792230129,1.193496704,0.397285461,12,1.84e-08,0.000130983,2.6e-12,0.244649813,12,2.0,1.0,,,39029.13281,26071.5332,49418.10547,,,3252.427734,13035.7666,49418.10547,,,0.668001831,1.895481348,,,6.0,2.0,,,25.9632,7.673909,66.263042,103.314341,31.850515,20.265773,11.584742,25.615808,25.580189,27.495567,24.874742,2200.758763,381.073196,31.23299,61.751439,957.151546,144.071134,405.985567,331.583505,Tropical,243670159.1,178374575.0,122525667.4,80005322.33,51122901.3,36064275.01,6329.4634,8232.682,4635.839,3245.9465,2198.1104,1649.214,3.822601,412.777778,23.02158273,0.9958371,1.0,0.9202909,0.8481785,0.7898019,0.7348591,320795.9252,389.294534,No dominant class,Acrisols,Acid plutonic rocks,9.22,76.71,West Flowing Rivers From Tadri to Kanyakumari,Kerala,810.0,813.0768433,0.3798571979999999,2010,10,280,Post-Monsoon
9.56,-7.508323994398533,17.068323994398533,17.068323994398533,INDOFLOODS-gauge-429,9.56,10.49128746,16.07823847,19.66332961,24.30438071,41.62252428,82.63693185,114.4386443,123.25461409999998,129.6404767,131.071945,3,71464.60938,57389.75391,813.0768433,1737,59878.34375,179882.2656,1.245250344,0.226773366,0.029008819,2.08e-09,0.31576556,4.40968895,8.34e-05,0.000140846,1.792230129,1.193496704,0.397285461,12,1.84e-08,0.000130983,2.6e-12,0.244649813,12,2.0,1.0,,,39029.13281,26071.5332,49418.10547,,,3252.427734,13035.7666,49418.10547,,,0.668001831,1.895481348,,,6.0,2.0,,,25.9632,7.673909,66.263042,103.314341,31.850515,20.265773,11.584742,25.615808,25.580189,27.495567,24.874742,2200.758763,381.073196,31.23299,61.751439,957.151546,144.071134,405.985567,331.583505,Tropical,243670159.1,178374575.0,122525667.4,80005322.33,51122901.3,36064275.01,6329.4634,8232.682,4635.839,3245.9465,2198.1104,1649.214,3.822601,412.777778,23.02158273,0.9958371,1.0,0.9202909,0.8481785,0.7898019,0.7348591,320795.9252,389.294534,No dominant class,Acrisols,Acid plutonic rocks,9.22,76.71,West Flowing Rivers From Tadri to Kanyakumari,Kerala,810.0,813.0768433,0.3798571979999999,1982,8,219,Monsoon
9.55,-7.508323994398533,17.058323994398535,17.058323994398535,INDOFLOODS-gauge-429,9.55,7.102890757000001,11.71983807,16.01745024,16.76881815,50.71988501,64.54128657,71.68261145,84.09748774,84.2855382,84.78820055,3,71464.60938,57389.75391,813.0768433,1737,59878.34375,179882.2656,1.245250344,0.226773366,0.029008819,2.08e-09,0.31576556,4.40968895,8.34e-05,0.000140846,1.792230129,1.193496704,0.397285461,12,1.84e-08,0.000130983,2.6e-12,0.244649813,12,2.0,1.0,,,39029.13281,26071.5332,49418.10547,,,3252.427734,13035.7666,49418.10547,,,0.668001831,1.895481348,,,6.0,2.0,,,25.9632,7.673909,66.263042,103.314341,31.850515,20.265773,11.584742,25.615808,25.580189,27.495567,24.874742,2200.758763,381.073196,31.23299,61.751439,957.151546,144.071134,405.985567,331.583505,Tropical,243670159.1,178374575.0,122525667.4,80005322.33,51122901.3,36064275.01,6329.4634,8232.682,4635.839,3245.9465,2198.1104,1649.214,3.822601,412.777778,23.02158273,0.9958371,1.0,0.9202909,0.8481785,0.7898019,0.7348591,320795.9252,389.294534,No dominant class,Acrisols,Acid plutonic rocks,9.22,76.71,West Flowing Rivers From Tadri to Kanyakumari,Kerala,810.0,813.0768433,0.3798571979999999,1980,7,197,Monsoon
9.62,-7.435717549763118,17.055717549763116,17.055717549763116,INDOFLOODS-gauge-429,9.62,5.940736342999999,7.035406442999999,13.65146761,30.86072419,67.05079876,86.50343919,86.9719161,96.59589476,203.9102139,271.97169560000003,3,71464.60938,57389.75391,813.0768433,1737,59878.34375,179882.2656,1.245250344,0.226773366,0.029008819,2.08e-09,0.31576556,4.40968895,8.34e-05,0.000140846,1.792230129,1.193496704,0.397285461,12,1.84e-08,0.000130983,2.6e-12,0.244649813,12,2.0,1.0,,,39029.13281,26071.5332,49418.10547,,,3252.427734,13035.7666,49418.10547,,,0.668001831,1.895481348,,,6.0,2.0,,,25.9632,7.673909,66.263042,103.314341,31.850515,20.265773,11.584742,25.615808,25.580189,27.495567,24.874742,2200.758763,381.073196,31.23299,61.751439,957.151546,144.071134,405.985567,331.583505,Tropical,243670159.1,178374575.0,122525667.4,80005322.33,51122901.3,36064275.01,6329.4634,8232.682,4635.839,3245.9465,2198.1104,1649.214,3.822601,412.777778,23.02158273,0.9958371,1.0,0.9202909,0.8481785,0.7898019,0.7348591,320795.9252,389.294534,No dominant class,Acrisols,Acid plutonic rocks,9.22,76.71,West Flowing Rivers From Tadri to Kanyakumari,Kerala,810.0,813.0768433,0.3798571979999999,1998,11,318,Post-Monsoon
9.54,-7.508323994398533,17.048323994398533,17.048323994398533,INDOFLOODS-gauge-429,9.54,6.736294557000001,8.276329234,20.64042888,35.94323473,50.68261588,74.95723516,81.15726876,81.9267158,84.22492416,88.51582784,3,71464.60938,57389.75391,813.0768433,1737,59878.34375,179882.2656,1.245250344,0.226773366,0.029008819,2.08e-09,0.31576556,4.40968895,8.34e-05,0.000140846,1.792230129,1.193496704,0.397285461,12,1.84e-08,0.000130983,2.6e-12,0.244649813,12,2.0,1.0,,,39029.13281,26071.5332,49418.10547,,,3252.427734,13035.7666,49418.10547,,,0.668001831,1.895481348,,,6.0,2.0,,,25.9632,7.673909,66.263042,103.314341,31.850515,20.265773,11.584742,25.615808,25.580189,27.495567,24.874742,2200.758763,381.073196,31.23299,61.751439,957.151546,144.071134,405.985567,331.583505,Tropical,243670159.1,178374575.0,122525667.4,80005322.33,51122901.3,36064275.01,6329.4634,8232.682,4635.839,3245.9465,2198.1104,1649.214,3.822601,412.777778,23.02158273,0.9958371,1.0,0.9202909,0.8481785,0.7898019,0.7348591,320795.9252,389.294534,No dominant class,Acrisols,Acid plutonic rocks,9.22,76.71,West Flowing Rivers From Tadri to Kanyakumari,Kerala,810.0,813.0768433,0.3798571979999999,1980,7,210,Monsoon
9.54,-7.508323994398533,17.048323994398533,17.048323994398533,INDOFLOODS-gauge-429,9.54,24.01731929,34.48301553,36.00925619,36.36001746,40.39118057,78.82554385,108.008979,117.524555,128.8487141,135.1116047,3,71464.60938,57389.75391,813.0768433,1737,59878.34375,179882.2656,1.245250344,0.226773366,0.029008819,2.08e-09,0.31576556,4.40968895,8.34e-05,0.000140846,1.792230129,1.193496704,0.397285461,12,1.84e-08,0.000130983,2.6e-12,0.244649813,12,2.0,1.0,,,39029.13281,26071.5332,49418.10547,,,3252.427734,13035.7666,49418.10547,,,0.668001831,1.895481348,,,6.0,2.0,,,25.9632,7.673909,66.263042,103.314341,31.850515,20.265773,11.584742,25.615808,25.580189,27.495567,24.874742,2200.758763,381.073196,31.23299,61.751439,957.151546,144.071134,405.985567,331.583505,Tropical,243670159.1,178374575.0,122525667.4,80005322.33,51122901.3,36064275.01,6329.4634,8232.682,4635.839,3245.9465,2198.1104,1649.214,3.822601,412.777778,23.02158273,0.9958371,1.0,0.9202909,0.8481785,0.7898019,0.7348591,320795.9252,389.294534,No dominant class,Acrisols,Acid plutonic rocks,9.22,76.71,West Flowing Rivers From Tadri to Kanyakumari,Kerala,810.0,813.0768433,0.3798571979999999,1991,6,176,Monsoon
9.6,-7.435717549763118,17.035717549763117,17.035717549763117,INDOFLOODS-gauge-429,9.6,5.478455242999999,11.53081356,20.19191660000001,32.57149541,45.3007146,49.75531999,58.58679539,67.07868901,70.48747482,73.57918378,3,71464.60938,57389.75391,813.0768433,1737,59878.34375,179882.2656,1.245250344,0.226773366,0.029008819,2.08e-09,0.31576556,4.40968895,8.34e-05,0.000140846,1.792230129,1.193496704,0.397285461,12,1.84e-08,0.000130983,2.6e-12,0.244649813,12,2.0,1.0,,,39029.13281,26071.5332,49418.10547,,,3252.427734,13035.7666,49418.10547,,,0.668001831,1.895481348,,,6.0,2.0,,,25.9632,7.673909,66.263042,103.314341,31.850515,20.265773,11.584742,25.615808,25.580189,27.495567,24.874742,2200.758763,381.073196,31.23299,61.751439,957.151546,144.071134,405.985567,331.583505,Tropical,243670159.1,178374575.0,122525667.4,80005322.33,51122901.3,36064275.01,6329.4634,8232.682,4635.839,3245.9465,2198.1104,1649.214,3.822601,412.777778,23.02158273,0.9958371,1.0,0.9202909,0.8481785,0.7898019,0.7348591,320795.9252,389.294534,No dominant class,Acrisols,Acid plutonic rocks,9.22,76.71,West Flowing Rivers From Tadri to Kanyakumari,Kerala,810.0,813.0768433,0.3798571979999999,1983,9,266,Monsoon
9.59,-7.435717549763118,17.02571754976312,17.02571754976312,INDOFLOODS-gauge-429,9.59,32.02996857,58.108171,71.26148444,73.54572681,80.98555685,91.22182354,117.9232674,160.6625074,199.1882201,217.7498072,3,71464.60938,57389.75391,813.0768433,1737,59878.34375,179882.2656,1.245250344,0.226773366,0.029008819,2.08e-09,0.31576556,4.40968895,8.34e-05,0.000140846,1.792230129,1.193496704,0.397285461,12,1.84e-08,0.000130983,2.6e-12,0.244649813,12,2.0,1.0,,,39029.13281,26071.5332,49418.10547,,,3252.427734,13035.7666,49418.10547,,,0.668001831,1.895481348,,,6.0,2.0,,,25.9632,7.673909,66.263042,103.314341,31.850515,20.265773,11.584742,25.615808,25.580189,27.495567,24.874742,2200.758763,381.073196,31.23299,61.751439,957.151546,144.071134,405.985567,331.583505,Tropical,243670159.1,178374575.0,122525667.4,80005322.33,51122901.3,36064275.01,6329.4634,8232.682,4635.839,3245.9465,2198.1104,1649.214,3.822601,412.777778,23.02158273,0.9958371,1.0,0.9202909,0.8481785,0.7898019,0.7348591,320795.9252,389.294534,No dominant class,Acrisols,Acid plutonic rocks,9.22,76.71,West Flowing Rivers From Tadri to Kanyakumari,Kerala,810.0,813.0768433,0.3798571979999999,1987,8,238,Monsoon
9.51,-7.508323994398533,17.018323994398532,17.018323994398532,INDOFLOODS-gauge-429,9.51,43.28749086,57.97559336,67.74286371,80.38415386,89.85913729,95.01145953,108.5862051,136.8328581,158.7274408,191.9494788,3,71464.60938,57389.75391,813.0768433,1737,59878.34375,179882.2656,1.245250344,0.226773366,0.029008819,2.08e-09,0.31576556,4.40968895,8.34e-05,0.000140846,1.792230129,1.193496704,0.397285461,12,1.84e-08,0.000130983,2.6e-12,0.244649813,12,2.0,1.0,,,39029.13281,26071.5332,49418.10547,,,3252.427734,13035.7666,49418.10547,,,0.668001831,1.895481348,,,6.0,2.0,,,25.9632,7.673909,66.263042,103.314341,31.850515,20.265773,11.584742,25.615808,25.580189,27.495567,24.874742,2200.758763,381.073196,31.23299,61.751439,957.151546,144.071134,405.985567,331.583505,Tropical,243670159.1,178374575.0,122525667.4,80005322.33,51122901.3,36064275.01,6329.4634,8232.682,4635.839,3245.9465,2198.1104,1649.214,3.822601,412.777778,23.02158273,0.9958371,1.0,0.9202909,0.8481785,0.7898019,0.7348591,320795.9252,389.294534,No dominant class,Acrisols,Acid plutonic rocks,9.22,76.71,West Flowing Rivers From Tadri to Kanyakumari,Kerala,810.0,813.0768433,0.3798571979999999,1988,7,200,Monsoon
9.57,-7.435717549763118,17.00571754976312,17.00571754976312,INDOFLOODS-gauge-429,9.57,15.50871871,34.47400843,56.55563857,61.98611086,63.48989346,63.55340364,66.89699831,79.23175109,107.7039717,136.8988257,3,71464.60938,57389.75391,813.0768433,1737,59878.34375,179882.2656,1.245250344,0.226773366,0.029008819,2.08e-09,0.31576556,4.40968895,8.34e-05,0.000140846,1.792230129,1.193496704,0.397285461,12,1.84e-08,0.000130983,2.6e-12,0.244649813,12,2.0,1.0,,,39029.13281,26071.5332,49418.10547,,,3252.427734,13035.7666,49418.10547,,,0.668001831,1.895481348,,,6.0,2.0,,,25.9632,7.673909,66.263042,103.314341,31.850515,20.265773,11.584742,25.615808,25.580189,27.495567,24.874742,2200.758763,381.073196,31.23299,61.751439,957.151546,144.071134,405.985567,331.583505,Tropical,243670159.1,178374575.0,122525667.4,80005322.33,51122901.3,36064275.01,6329.4634,8232.682,4635.839,3245.9465,2198.1104,1649.214,3.822601,412.777778,23.02158273,0.9958371,1.0,0.9202909,0.8481785,0.7898019,0.7348591,320795.9252,389.294534,No dominant class,Acrisols,Acid plutonic rocks,9.22,76.71,West Flowing Rivers From Tadri to Kanyakumari,Kerala,810.0,813.0768433,0.3798571979999999,1989,10,303,Post-Monsoon
9.57,-7.435717549763118,17.00571754976312,17.00571754976312,INDOFLOODS-gauge-429,9.57,21.866102,34.71294057,43.05212236,60.80746636,70.57705664,113.9476361,151.3503746,157.2592041,158.1568446,158.8415477,3,71464.60938,57389.75391,813.0768433,1737,59878.34375,179882.2656,1.245250344,0.226773366,0.029008819,2.08e-09,0.31576556,4.40968895,8.34e-05,0.000140846,1.792230129,1.193496704,0.397285461,12,1.84e-08,0.000130983,2.6e-12,0.244649813,12,2.0,1.0,,,39029.13281,26071.5332,49418.10547,,,3252.427734,13035.7666,49418.10547,,,0.668001831,1.895481348,,,6.0,2.0,,,25.9632,7.673909,66.263042,103.314341,31.850515,20.265773,11.584742,25.615808,25.580189,27.495567,24.874742,2200.758763,381.073196,31.23299,61.751439,957.151546,144.071134,405.985567,331.583505,Tropical,243670159.1,178374575.0,122525667.4,80005322.33,51122901.3,36064275.01,6329.4634,8232.682,4635.839,3245.9465,2198.1104,1649.214,3.822601,412.777778,23.02158273,0.9958371,1.0,0.9202909,0.8481785,0.7898019,0.7348591,320795.9252,389.294534,No dominant class,Acrisols,Acid plutonic rocks,9.22,76.71,West Flowing Rivers From Tadri to Kanyakumari,Kerala,810.0,813.0768433,0.3798571979999999,1997,9,259,Monsoon
9.48,-7.508323994398533,16.988323994398534,16.988323994398534,INDOFLOODS-gauge-429,9.48,42.20521929,86.63579086,128.1736923,162.79308559999996,171.91364309999997,181.5375084,188.4035651,192.1113209,194.5762845,196.258384,3,71464.60938,57389.75391,813.0768433,1737,59878.34375,179882.2656,1.245250344,0.226773366,0.029008819,2.08e-09,0.31576556,4.40968895,8.34e-05,0.000140846,1.792230129,1.193496704,0.397285461,12,1.84e-08,0.000130983,2.6e-12,0.244649813,12,2.0,1.0,,,39029.13281,26071.5332,49418.10547,,,3252.427734,13035.7666,49418.10547,,,0.668001831,1.895481348,,,6.0,2.0,,,25.9632,7.673909,66.263042,103.314341,31.850515,20.265773,11.584742,25.615808,25.580189,27.495567,24.874742,2200.758763,381.073196,31.23299,61.751439,957.151546,144.071134,405.985567,331.583505,Tropical,243670159.1,178374575.0,122525667.4,80005322.33,51122901.3,36064275.01,6329.4634,8232.682,4635.839,3245.9465,2198.1104,1649.214,3.822601,412.777778,23.02158273,0.9958371,1.0,0.9202909,0.8481785,0.7898019,0.7348591,320795.9252,389.294534,No dominant class,Acrisols,Acid plutonic rocks,9.22,76.71,West Flowing Rivers From Tadri to Kanyakumari,Kerala,810.0,813.0768433,0.3798571979999999,1998,6,180,Monsoon
9.54,-7.435717549763118,16.975717549763118,16.975717549763118,INDOFLOODS-gauge-429,9.54,28.25749371,56.20736729,83.68463571,88.75173497,119.75967040000002,139.441199,153.10534740000003,187.3965538,189.2212757,190.8123649,3,71464.60938,57389.75391,813.0768433,1737,59878.34375,179882.2656,1.245250344,0.226773366,0.029008819,2.08e-09,0.31576556,4.40968895,8.34e-05,0.000140846,1.792230129,1.193496704,0.397285461,12,1.84e-08,0.000130983,2.6e-12,0.244649813,12,2.0,1.0,,,39029.13281,26071.5332,49418.10547,,,3252.427734,13035.7666,49418.10547,,,0.668001831,1.895481348,,,6.0,2.0,,,25.9632,7.673909,66.263042,103.314341,31.850515,20.265773,11.584742,25.615808,25.580189,27.495567,24.874742,2200.758763,381.073196,31.23299,61.751439,957.151546,144.071134,405.985567,331.583505,Tropical,243670159.1,178374575.0,122525667.4,80005322.33,51122901.3,36064275.01,6329.4634,8232.682,4635.839,3245.9465,2198.1104,1649.214,3.822601,412.777778,23.02158273,0.9958371,1.0,0.9202909,0.8481785,0.7898019,0.7348591,320795.9252,389.294534,No dominant class,Acrisols,Acid plutonic rocks,9.22,76.71,West Flowing Rivers From Tadri to Kanyakumari,Kerala,810.0,813.0768433,0.3798571979999999,2003,10,281,Post-Monsoon
9.53,-7.435717549763118,16.965717549763117,16.965717549763117,INDOFLOODS-gauge-429,9.53,30.60478343,66.47039457,103.2637044,121.9527247,132.1554029,149.1303425,162.5488241,167.7084605,182.7944905,204.196344,3,71464.60938,57389.75391,813.0768433,1737,59878.34375,179882.2656,1.245250344,0.226773366,0.029008819,2.08e-09,0.31576556,4.40968895,8.34e-05,0.000140846,1.792230129,1.193496704,0.397285461,12,1.84e-08,0.000130983,2.6e-12,0.244649813,12,2.0,1.0,,,39029.13281,26071.5332,49418.10547,,,3252.427734,13035.7666,49418.10547,,,0.668001831,1.895481348,,,6.0,2.0,,,25.9632,7.673909,66.263042,103.314341,31.850515,20.265773,11.584742,25.615808,25.580189,27.495567,24.874742,2200.758763,381.073196,31.23299,61.751439,957.151546,144.071134,405.985567,331.583505,Tropical,243670159.1,178374575.0,122525667.4,80005322.33,51122901.3,36064275.01,6329.4634,8232.682,4635.839,3245.9465,2198.1104,1649.214,3.822601,412.777778,23.02158273,0.9958371,1.0,0.9202909,0.8481785,0.7898019,0.7348591,320795.9252,389.294534,No dominant class,Acrisols,Acid plutonic rocks,9.22,76.71,West Flowing Rivers From Tadri to Kanyakumari,Kerala,810.0,813.0768433,0.3798571979999999,2006,10,303,Post-Monsoon
9.45,-7.508323994398533,16.958323994398533,16.958323994398533,INDOFLOODS-gauge-429,9.45,45.21572257,62.16766294,78.34885023,86.01648626,93.63777674,97.02280088,97.13816477,97.27909539,101.0596482,118.2002992,3,71464.60938,57389.75391,813.0768433,1737,59878.34375,179882.2656,1.245250344,0.226773366,0.029008819,2.08e-09,0.31576556,4.40968895,8.34e-05,0.000140846,1.792230129,1.193496704,0.397285461,12,1.84e-08,0.000130983,2.6e-12,0.244649813,12,2.0,1.0,,,39029.13281,26071.5332,49418.10547,,,3252.427734,13035.7666,49418.10547,,,0.668001831,1.895481348,,,6.0,2.0,,,25.9632,7.673909,66.263042,103.314341,31.850515,20.265773,11.584742,25.615808,25.580189,27.495567,24.874742,2200.758763,381.073196,31.23299,61.751439,957.151546,144.071134,405.985567,331.583505,Tropical,243670159.1,178374575.0,122525667.4,80005322.33,51122901.3,36064275.01,6329.4634,8232.682,4635.839,3245.9465,2198.1104,1649.214,3.822601,412.777778,23.02158273,0.9958371,1.0,0.9202909,0.8481785,0.7898019,0.7348591,320795.9252,389.294534,No dominant class,Acrisols,Acid plutonic rocks,9.22,76.71,West Flowing Rivers From Tadri to Kanyakumari,Kerala,810.0,813.0768433,0.3798571979999999,1982,6,170,Monsoon
9.52,-7.435717549763118,16.95571754976312,16.95571754976312,INDOFLOODS-gauge-429,9.52,38.17177871,58.24056657,69.32913381,84.49535659,126.1583143,164.707133,174.0472301,201.8556456,224.0118715,235.8212628,3,71464.60938,57389.75391,813.0768433,1737,59878.34375,179882.2656,1.245250344,0.226773366,0.029008819,2.08e-09,0.31576556,4.40968895,8.34e-05,0.000140846,1.792230129,1.193496704,0.397285461,12,1.84e-08,0.000130983,2.6e-12,0.244649813,12,2.0,1.0,,,39029.13281,26071.5332,49418.10547,,,3252.427734,13035.7666,49418.10547,,,0.668001831,1.895481348,,,6.0,2.0,,,25.9632,7.673909,66.263042,103.314341,31.850515,20.265773,11.584742,25.615808,25.580189,27.495567,24.874742,2200.758763,381.073196,31.23299,61.751439,957.151546,144.071134,405.985567,331.583505,Tropical,243670159.1,178374575.0,122525667.4,80005322.33,51122901.3,36064275.01,6329.4634,8232.682,4635.839,3245.9465,2198.1104,1649.214,3.822601,412.777778,23.02158273,0.9958371,1.0,0.9202909,0.8481785,0.7898019,0.7348591,320795.9252,389.294534,No dominant class,Acrisols,Acid plutonic rocks,9.22,76.71,West Flowing Rivers From Tadri to Kanyakumari,Kerala,810.0,813.0768433,0.3798571979999999,1997,11,313,Post-Monsoon
9.44,-7.508323994398533,16.94832399439853,16.94832399439853,INDOFLOODS-gauge-429,9.44,29.18343514,38.69901111,50.02317026,56.2860608,80.52147037,104.5469855,137.4481021,166.3723132,188.1485422,200.0592979,3,71464.60938,57389.75391,813.0768433,1737,59878.34375,179882.2656,1.245250344,0.226773366,0.029008819,2.08e-09,0.31576556,4.40968895,8.34e-05,0.000140846,1.792230129,1.193496704,0.397285461,12,1.84e-08,0.000130983,2.6e-12,0.244649813,12,2.0,1.0,,,39029.13281,26071.5332,49418.10547,,,3252.427734,13035.7666,49418.10547,,,0.668001831,1.895481348,,,6.0,2.0,,,25.9632,7.673909,66.263042,103.314341,31.850515,20.265773,11.584742,25.615808,25.580189,27.495567,24.874742,2200.758763,381.073196,31.23299,61.751439,957.151546,144.071134,405.985567,331.583505,Tropical,243670159.1,178374575.0,122525667.4,80005322.33,51122901.3,36064275.01,6329.4634,8232.682,4635.839,3245.9465,2198.1104,1649.214,3.822601,412.777778,23.02158273,0.9958371,1.0,0.9202909,0.8481785,0.7898019,0.7348591,320795.9252,389.294534,No dominant class,Acrisols,Acid plutonic rocks,9.22,76.71,West Flowing Rivers From Tadri to Kanyakumari,Kerala,810.0,813.0768433,0.3798571979999999,1991,6,170,Monsoon
292.88,309.8264131962366,-16.94641319623662,16.94641319623662,INDOFLOODS-gauge-472,292.88,10.41564823,38.28385371,47.51716249,57.36604073,74.22610234,111.1603938,124.0101153,131.6718476,140.1310241,153.39508659999996,6,650388.9375,378736.5625,44652.65625,913,411680.4063,1664588.375,1.717259407,0.263467401,0.00221774,4.07e-11,0.202508584,3.795535803,0.000451163,0.000167508,2.237970829,1.579839468,0.390720576,581,1.68e-08,0.000100405,2.82e-12,0.152935132,581,126.0,31.0,9.0,3.0,3671381.5,1916652.625,965564.375,357243.875,345153.2813,6319.073242,15211.52832,31147.23828,39693.76563,115051.0938,0.522052169,0.503776431,0.369984537,0.966155887,4.611111164,4.064516068,3.444444418,3.0,24.964161,12.751767,41.11585,504.492075,41.046781,10.038858,31.007923,25.90896,24.431836,31.598482,18.730509,1267.92929,405.424048,4.618662,142.814047,1031.16188,27.087191,135.854057,34.012834,Tropical,62070252.02,44784344.93,31091858.92,24356314.02,23683134.33,20921424.15,2990.2112,3889.343,2227.44,1882.7871,1810.0876,1581.1671,1.487467,288.432099,5.58474887,0.474407538,0.510397127,0.438418027,0.40406436,0.376254261,0.350080065,8364153.0,186.969563,Cropland,Vertisols,Basic volcanic rocks,22.7561,77.7328,Narmada,Madhya Pradesh,44548.0,44652.65625,0.234929178,1978,8,242,Monsoon
9.41,-7.508323994398533,16.918323994398534,16.918323994398534,INDOFLOODS-gauge-429,9.41,9.348352386,18.8546419,37.9577233,47.1047717,50.13283317,50.58844605,53.45071624,53.91043874,55.85955210000001,58.06870152,3,71464.60938,57389.75391,813.0768433,1737,59878.34375,179882.2656,1.245250344,0.226773366,0.029008819,2.08e-09,0.31576556,4.40968895,8.34e-05,0.000140846,1.792230129,1.193496704,0.397285461,12,1.84e-08,0.000130983,2.6e-12,0.244649813,12,2.0,1.0,,,39029.13281,26071.5332,49418.10547,,,3252.427734,13035.7666,49418.10547,,,0.668001831,1.895481348,,,6.0,2.0,,,25.9632,7.673909,66.263042,103.314341,31.850515,20.265773,11.584742,25.615808,25.580189,27.495567,24.874742,2200.758763,381.073196,31.23299,61.751439,957.151546,144.071134,405.985567,331.583505,Tropical,243670159.1,178374575.0,122525667.4,80005322.33,51122901.3,36064275.01,6329.4634,8232.682,4635.839,3245.9465,2198.1104,1649.214,3.822601,412.777778,23.02158273,0.9958371,1.0,0.9202909,0.8481785,0.7898019,0.7348591,320795.9252,389.294534,No dominant class,Acrisols,Acid plutonic rocks,9.22,76.71,West Flowing Rivers From Tadri to Kanyakumari,Kerala,810.0,813.0768433,0.3798571979999999,1978,8,223,Monsoon
9.4,-7.508323994398533,16.908323994398533,16.908323994398533,INDOFLOODS-gauge-429,9.4,25.97303057,59.94364586,104.2904253,124.0099912,130.2144075,135.2475044,142.0299877,161.66436059999995,190.990917,204.2352253,3,71464.60938,57389.75391,813.0768433,1737,59878.34375,179882.2656,1.245250344,0.226773366,0.029008819,2.08e-09,0.31576556,4.40968895,8.34e-05,0.000140846,1.792230129,1.193496704,0.397285461,12,1.84e-08,0.000130983,2.6e-12,0.244649813,12,2.0,1.0,,,39029.13281,26071.5332,49418.10547,,,3252.427734,13035.7666,49418.10547,,,0.668001831,1.895481348,,,6.0,2.0,,,25.9632,7.673909,66.263042,103.314341,31.850515,20.265773,11.584742,25.615808,25.580189,27.495567,24.874742,2200.758763,381.073196,31.23299,61.751439,957.151546,144.071134,405.985567,331.583505,Tropical,243670159.1,178374575.0,122525667.4,80005322.33,51122901.3,36064275.01,6329.4634,8232.682,4635.839,3245.9465,2198.1104,1649.214,3.822601,412.777778,23.02158273,0.9958371,1.0,0.9202909,0.8481785,0.7898019,0.7348591,320795.9252,389.294534,No dominant class,Acrisols,Acid plutonic rocks,9.22,76.71,West Flowing Rivers From Tadri to Kanyakumari,Kerala,810.0,813.0768433,0.3798571979999999,1989,6,165,Monsoon
9.46,-7.439347871994888,16.899347871994888,16.899347871994888,INDOFLOODS-gauge-429,9.46,92.41954129,143.1469637,197.480932,232.038897,237.0201005,247.9402931,263.8721677,268.2177689,272.6505233,284.9298163,3,71464.60938,57389.75391,813.0768433,1737,59878.34375,179882.2656,1.245250344,0.226773366,0.029008819,2.08e-09,0.31576556,4.40968895,8.34e-05,0.000140846,1.792230129,1.193496704,0.397285461,12,1.84e-08,0.000130983,2.6e-12,0.244649813,12,2.0,1.0,,,39029.13281,26071.5332,49418.10547,,,3252.427734,13035.7666,49418.10547,,,0.668001831,1.895481348,,,6.0,2.0,,,25.9632,7.673909,66.263042,103.314341,31.850515,20.265773,11.584742,25.615808,25.580189,27.495567,24.874742,2200.758763,381.073196,31.23299,61.751439,957.151546,144.071134,405.985567,331.583505,Tropical,243670159.1,178374575.0,122525667.4,80005322.33,51122901.3,36064275.01,6329.4634,8232.682,4635.839,3245.9465,2198.1104,1649.214,3.822601,412.777778,23.02158273,0.9958371,1.0,0.9202909,0.8481785,0.7898019,0.7348591,320795.9252,389.294534,No dominant class,Acrisols,Acid plutonic rocks,9.22,76.71,West Flowing Rivers From Tadri to Kanyakumari,Kerala,810.0,813.0768433,0.3798571979999999,2010,7,201,Monsoon
9.39,-7.508323994398533,16.898323994398535,16.898323994398535,INDOFLOODS-gauge-429,9.39,31.26471643,36.198754,39.01453929,40.05779461,45.23075062,49.78642928,67.54854599,157.3627056,200.8317278,235.1808084,3,71464.60938,57389.75391,813.0768433,1737,59878.34375,179882.2656,1.245250344,0.226773366,0.029008819,2.08e-09,0.31576556,4.40968895,8.34e-05,0.000140846,1.792230129,1.193496704,0.397285461,12,1.84e-08,0.000130983,2.6e-12,0.244649813,12,2.0,1.0,,,39029.13281,26071.5332,49418.10547,,,3252.427734,13035.7666,49418.10547,,,0.668001831,1.895481348,,,6.0,2.0,,,25.9632,7.673909,66.263042,103.314341,31.850515,20.265773,11.584742,25.615808,25.580189,27.495567,24.874742,2200.758763,381.073196,31.23299,61.751439,957.151546,144.071134,405.985567,331.583505,Tropical,243670159.1,178374575.0,122525667.4,80005322.33,51122901.3,36064275.01,6329.4634,8232.682,4635.839,3245.9465,2198.1104,1649.214,3.822601,412.777778,23.02158273,0.9958371,1.0,0.9202909,0.8481785,0.7898019,0.7348591,320795.9252,389.294534,No dominant class,Acrisols,Acid plutonic rocks,9.22,76.71,West Flowing Rivers From Tadri to Kanyakumari,Kerala,810.0,813.0768433,0.3798571979999999,1992,8,218,Monsoon
9.38,-7.508323994398533,16.888323994398533,16.888323994398533,INDOFLOODS-gauge-429,9.38,19.003955,24.1500643,26.60625229,34.62712021,36.72949265,37.21883519,37.95703898,74.72053227,155.6915918,189.093736,3,71464.60938,57389.75391,813.0768433,1737,59878.34375,179882.2656,1.245250344,0.226773366,0.029008819,2.08e-09,0.31576556,4.40968895,8.34e-05,0.000140846,1.792230129,1.193496704,0.397285461,12,1.84e-08,0.000130983,2.6e-12,0.244649813,12,2.0,1.0,,,39029.13281,26071.5332,49418.10547,,,3252.427734,13035.7666,49418.10547,,,0.668001831,1.895481348,,,6.0,2.0,,,25.9632,7.673909,66.263042,103.314341,31.850515,20.265773,11.584742,25.615808,25.580189,27.495567,24.874742,2200.758763,381.073196,31.23299,61.751439,957.151546,144.071134,405.985567,331.583505,Tropical,243670159.1,178374575.0,122525667.4,80005322.33,51122901.3,36064275.01,6329.4634,8232.682,4635.839,3245.9465,2198.1104,1649.214,3.822601,412.777778,23.02158273,0.9958371,1.0,0.9202909,0.8481785,0.7898019,0.7348591,320795.9252,389.294534,No dominant class,Acrisols,Acid plutonic rocks,9.22,76.71,West Flowing Rivers From Tadri to Kanyakumari,Kerala,810.0,813.0768433,0.3798571979999999,1979,6,176,Monsoon
9.42,-7.435717549763118,16.855717549763117,16.855717549763117,INDOFLOODS-gauge-429,9.42,7.0745818,11.94193099,13.3404894,17.1067268,47.97321566,74.91603537,82.92390019999998,90.90918219,93.43534909,94.66969919,3,71464.60938,57389.75391,813.0768433,1737,59878.34375,179882.2656,1.245250344,0.226773366,0.029008819,2.08e-09,0.31576556,4.40968895,8.34e-05,0.000140846,1.792230129,1.193496704,0.397285461,12,1.84e-08,0.000130983,2.6e-12,0.244649813,12,2.0,1.0,,,39029.13281,26071.5332,49418.10547,,,3252.427734,13035.7666,49418.10547,,,0.668001831,1.895481348,,,6.0,2.0,,,25.9632,7.673909,66.263042,103.314341,31.850515,20.265773,11.584742,25.615808,25.580189,27.495567,24.874742,2200.758763,381.073196,31.23299,61.751439,957.151546,144.071134,405.985567,331.583505,Tropical,243670159.1,178374575.0,122525667.4,80005322.33,51122901.3,36064275.01,6329.4634,8232.682,4635.839,3245.9465,2198.1104,1649.214,3.822601,412.777778,23.02158273,0.9958371,1.0,0.9202909,0.8481785,0.7898019,0.7348591,320795.9252,389.294534,No dominant class,Acrisols,Acid plutonic rocks,9.22,76.71,West Flowing Rivers From Tadri to Kanyakumari,Kerala,810.0,813.0768433,0.3798571979999999,1989,9,267,Monsoon
9.41,-7.435717549763118,16.84571754976312,16.84571754976312,INDOFLOODS-gauge-429,9.41,35.189267,50.93205943,68.08300821,77.01380186,80.89098231,99.69714174,119.02428290000002,137.2452022,153.7758987,160.3622795,3,71464.60938,57389.75391,813.0768433,1737,59878.34375,179882.2656,1.245250344,0.226773366,0.029008819,2.08e-09,0.31576556,4.40968895,8.34e-05,0.000140846,1.792230129,1.193496704,0.397285461,12,1.84e-08,0.000130983,2.6e-12,0.244649813,12,2.0,1.0,,,39029.13281,26071.5332,49418.10547,,,3252.427734,13035.7666,49418.10547,,,0.668001831,1.895481348,,,6.0,2.0,,,25.9632,7.673909,66.263042,103.314341,31.850515,20.265773,11.584742,25.615808,25.580189,27.495567,24.874742,2200.758763,381.073196,31.23299,61.751439,957.151546,144.071134,405.985567,331.583505,Tropical,243670159.1,178374575.0,122525667.4,80005322.33,51122901.3,36064275.01,6329.4634,8232.682,4635.839,3245.9465,2198.1104,1649.214,3.822601,412.777778,23.02158273,0.9958371,1.0,0.9202909,0.8481785,0.7898019,0.7348591,320795.9252,389.294534,No dominant class,Acrisols,Acid plutonic rocks,9.22,76.71,West Flowing Rivers From Tadri to Kanyakumari,Kerala,810.0,813.0768433,0.3798571979999999,2012,8,231,Monsoon
9.4,-7.435717549763118,16.835717549763118,16.835717549763118,INDOFLOODS-gauge-429,9.4,31.39154171,52.65946143,60.59330887,61.08989632,97.05001432,137.8976289,143.3124292,172.6992426,185.4104606,204.7460882,3,71464.60938,57389.75391,813.0768433,1737,59878.34375,179882.2656,1.245250344,0.226773366,0.029008819,2.08e-09,0.31576556,4.40968895,8.34e-05,0.000140846,1.792230129,1.193496704,0.397285461,12,1.84e-08,0.000130983,2.6e-12,0.244649813,12,2.0,1.0,,,39029.13281,26071.5332,49418.10547,,,3252.427734,13035.7666,49418.10547,,,0.668001831,1.895481348,,,6.0,2.0,,,25.9632,7.673909,66.263042,103.314341,31.850515,20.265773,11.584742,25.615808,25.580189,27.495567,24.874742,2200.758763,381.073196,31.23299,61.751439,957.151546,144.071134,405.985567,331.583505,Tropical,243670159.1,178374575.0,122525667.4,80005322.33,51122901.3,36064275.01,6329.4634,8232.682,4635.839,3245.9465,2198.1104,1649.214,3.822601,412.777778,23.02158273,0.9958371,1.0,0.9202909,0.8481785,0.7898019,0.7348591,320795.9252,389.294534,No dominant class,Acrisols,Acid plutonic rocks,9.22,76.71,West Flowing Rivers From Tadri to Kanyakumari,Kerala,810.0,813.0768433,0.3798571979999999,2007,10,298,Post-Monsoon
9.4,-7.435717549763118,16.835717549763118,16.835717549763118,INDOFLOODS-gauge-429,9.4,33.88149971,51.77835114,61.11306217,73.50441974,105.8895913,122.4547125,146.0245173,154.1419995,163.74352009999996,186.9444299,3,71464.60938,57389.75391,813.0768433,1737,59878.34375,179882.2656,1.245250344,0.226773366,0.029008819,2.08e-09,0.31576556,4.40968895,8.34e-05,0.000140846,1.792230129,1.193496704,0.397285461,12,1.84e-08,0.000130983,2.6e-12,0.244649813,12,2.0,1.0,,,39029.13281,26071.5332,49418.10547,,,3252.427734,13035.7666,49418.10547,,,0.668001831,1.895481348,,,6.0,2.0,,,25.9632,7.673909,66.263042,103.314341,31.850515,20.265773,11.584742,25.615808,25.580189,27.495567,24.874742,2200.758763,381.073196,31.23299,61.751439,957.151546,144.071134,405.985567,331.583505,Tropical,243670159.1,178374575.0,122525667.4,80005322.33,51122901.3,36064275.01,6329.4634,8232.682,4635.839,3245.9465,2198.1104,1649.214,3.822601,412.777778,23.02158273,0.9958371,1.0,0.9202909,0.8481785,0.7898019,0.7348591,320795.9252,389.294534,No dominant class,Acrisols,Acid plutonic rocks,9.22,76.71,West Flowing Rivers From Tadri to Kanyakumari,Kerala,810.0,813.0768433,0.3798571979999999,1979,11,321,Post-Monsoon
293.0,309.8264131962366,-16.826413196236615,16.826413196236615,INDOFLOODS-gauge-472,293.0,26.49321436,50.54428157,73.43271026,87.59176993,104.0161106,121.9584635,146.386818,152.7642235,156.991889,167.5965023,6,650388.9375,378736.5625,44652.65625,913,411680.4063,1664588.375,1.717259407,0.263467401,0.00221774,4.07e-11,0.202508584,3.795535803,0.000451163,0.000167508,2.237970829,1.579839468,0.390720576,581,1.68e-08,0.000100405,2.82e-12,0.152935132,581,126.0,31.0,9.0,3.0,3671381.5,1916652.625,965564.375,357243.875,345153.2813,6319.073242,15211.52832,31147.23828,39693.76563,115051.0938,0.522052169,0.503776431,0.369984537,0.966155887,4.611111164,4.064516068,3.444444418,3.0,24.964161,12.751767,41.11585,504.492075,41.046781,10.038858,31.007923,25.90896,24.431836,31.598482,18.730509,1267.92929,405.424048,4.618662,142.814047,1031.16188,27.087191,135.854057,34.012834,Tropical,62070252.02,44784344.93,31091858.92,24356314.02,23683134.33,20921424.15,2990.2112,3889.343,2227.44,1882.7871,1810.0876,1581.1671,1.487467,288.432099,5.58474887,0.474407538,0.510397127,0.438418027,0.40406436,0.376254261,0.350080065,8364153.0,186.969563,Cropland,Vertisols,Basic volcanic rocks,22.7561,77.7328,Narmada,Madhya Pradesh,44548.0,44652.65625,0.234929178,1976,8,218,Monsoon
9.3,-7.508323994398533,16.808323994398535,16.808323994398535,INDOFLOODS-gauge-429,9.3,27.41832157,48.07018643,50.27426391,50.3889992,50.39776531,51.28552233,61.69406162,65.26142169,70.17080936,76.50228545,3,71464.60938,57389.75391,813.0768433,1737,59878.34375,179882.2656,1.245250344,0.226773366,0.029008819,2.08e-09,0.31576556,4.40968895,8.34e-05,0.000140846,1.792230129,1.193496704,0.397285461,12,1.84e-08,0.000130983,2.6e-12,0.244649813,12,2.0,1.0,,,39029.13281,26071.5332,49418.10547,,,3252.427734,13035.7666,49418.10547,,,0.668001831,1.895481348,,,6.0,2.0,,,25.9632,7.673909,66.263042,103.314341,31.850515,20.265773,11.584742,25.615808,25.580189,27.495567,24.874742,2200.758763,381.073196,31.23299,61.751439,957.151546,144.071134,405.985567,331.583505,Tropical,243670159.1,178374575.0,122525667.4,80005322.33,51122901.3,36064275.01,6329.4634,8232.682,4635.839,3245.9465,2198.1104,1649.214,3.822601,412.777778,23.02158273,0.9958371,1.0,0.9202909,0.8481785,0.7898019,0.7348591,320795.9252,389.294534,No dominant class,Acrisols,Acid plutonic rocks,9.22,76.71,West Flowing Rivers From Tadri to Kanyakumari,Kerala,810.0,813.0768433,0.3798571979999999,2004,8,218,Monsoon
9.29,-7.508323994398533,16.798323994398533,16.798323994398533,INDOFLOODS-gauge-429,9.29,80.97105957,114.3732037,120.0926313,131.5797662,143.68239590000005,166.50116780000005,167.8614207,167.9647805,168.1280163,170.93454880000004,3,71464.60938,57389.75391,813.0768433,1737,59878.34375,179882.2656,1.245250344,0.226773366,0.029008819,2.08e-09,0.31576556,4.40968895,8.34e-05,0.000140846,1.792230129,1.193496704,0.397285461,12,1.84e-08,0.000130983,2.6e-12,0.244649813,12,2.0,1.0,,,39029.13281,26071.5332,49418.10547,,,3252.427734,13035.7666,49418.10547,,,0.668001831,1.895481348,,,6.0,2.0,,,25.9632,7.673909,66.263042,103.314341,31.850515,20.265773,11.584742,25.615808,25.580189,27.495567,24.874742,2200.758763,381.073196,31.23299,61.751439,957.151546,144.071134,405.985567,331.583505,Tropical,243670159.1,178374575.0,122525667.4,80005322.33,51122901.3,36064275.01,6329.4634,8232.682,4635.839,3245.9465,2198.1104,1649.214,3.822601,412.777778,23.02158273,0.9958371,1.0,0.9202909,0.8481785,0.7898019,0.7348591,320795.9252,389.294534,No dominant class,Acrisols,Acid plutonic rocks,9.22,76.71,West Flowing Rivers From Tadri to Kanyakumari,Kerala,810.0,813.0768433,0.3798571979999999,1979,6,168,Monsoon
9.29,-7.508323994398533,16.798323994398533,16.798323994398533,INDOFLOODS-gauge-429,9.29,39.59905543,95.65295571,148.8197486,167.2609106,170.3746851,171.45127490000004,172.77832030000005,175.6830873,176.7815123,177.6301888,3,71464.60938,57389.75391,813.0768433,1737,59878.34375,179882.2656,1.245250344,0.226773366,0.029008819,2.08e-09,0.31576556,4.40968895,8.34e-05,0.000140846,1.792230129,1.193496704,0.397285461,12,1.84e-08,0.000130983,2.6e-12,0.244649813,12,2.0,1.0,,,39029.13281,26071.5332,49418.10547,,,3252.427734,13035.7666,49418.10547,,,0.668001831,1.895481348,,,6.0,2.0,,,25.9632,7.673909,66.263042,103.314341,31.850515,20.265773,11.584742,25.615808,25.580189,27.495567,24.874742,2200.758763,381.073196,31.23299,61.751439,957.151546,144.071134,405.985567,331.583505,Tropical,243670159.1,178374575.0,122525667.4,80005322.33,51122901.3,36064275.01,6329.4634,8232.682,4635.839,3245.9465,2198.1104,1649.214,3.822601,412.777778,23.02158273,0.9958371,1.0,0.9202909,0.8481785,0.7898019,0.7348591,320795.9252,389.294534,No dominant class,Acrisols,Acid plutonic rocks,9.22,76.71,West Flowing Rivers From Tadri to Kanyakumari,Kerala,810.0,813.0768433,0.3798571979999999,2006,6,175,Monsoon
9.36,-7.435717549763118,16.79571754976312,16.79571754976312,INDOFLOODS-gauge-429,9.36,30.79813829,44.77558629,61.88382871,76.16790443,96.54905464,115.52340359999998,125.857043,128.0954363,135.2033822,137.208023,3,71464.60938,57389.75391,813.0768433,1737,59878.34375,179882.2656,1.245250344,0.226773366,0.029008819,2.08e-09,0.31576556,4.40968895,8.34e-05,0.000140846,1.792230129,1.193496704,0.397285461,12,1.84e-08,0.000130983,2.6e-12,0.244649813,12,2.0,1.0,,,39029.13281,26071.5332,49418.10547,,,3252.427734,13035.7666,49418.10547,,,0.668001831,1.895481348,,,6.0,2.0,,,25.9632,7.673909,66.263042,103.314341,31.850515,20.265773,11.584742,25.615808,25.580189,27.495567,24.874742,2200.758763,381.073196,31.23299,61.751439,957.151546,144.071134,405.985567,331.583505,Tropical,243670159.1,178374575.0,122525667.4,80005322.33,51122901.3,36064275.01,6329.4634,8232.682,4635.839,3245.9465,2198.1104,1649.214,3.822601,412.777778,23.02158273,0.9958371,1.0,0.9202909,0.8481785,0.7898019,0.7348591,320795.9252,389.294534,No dominant class,Acrisols,Acid plutonic rocks,9.22,76.71,West Flowing Rivers From Tadri to Kanyakumari,Kerala,810.0,813.0768433,0.3798571979999999,1988,9,260,Monsoon
9.28,-7.508323994398533,16.78832399439853,16.78832399439853,INDOFLOODS-gauge-429,9.28,32.72600971,37.56640241,53.16890356,69.13434056,95.67594299,120.7117438,145.6560371,160.12545759999998,168.230553,175.0524038,3,71464.60938,57389.75391,813.0768433,1737,59878.34375,179882.2656,1.245250344,0.226773366,0.029008819,2.08e-09,0.31576556,4.40968895,8.34e-05,0.000140846,1.792230129,1.193496704,0.397285461,12,1.84e-08,0.000130983,2.6e-12,0.244649813,12,2.0,1.0,,,39029.13281,26071.5332,49418.10547,,,3252.427734,13035.7666,49418.10547,,,0.668001831,1.895481348,,,6.0,2.0,,,25.9632,7.673909,66.263042,103.314341,31.850515,20.265773,11.584742,25.615808,25.580189,27.495567,24.874742,2200.758763,381.073196,31.23299,61.751439,957.151546,144.071134,405.985567,331.583505,Tropical,243670159.1,178374575.0,122525667.4,80005322.33,51122901.3,36064275.01,6329.4634,8232.682,4635.839,3245.9465,2198.1104,1649.214,3.822601,412.777778,23.02158273,0.9958371,1.0,0.9202909,0.8481785,0.7898019,0.7348591,320795.9252,389.294534,No dominant class,Acrisols,Acid plutonic rocks,9.22,76.71,West Flowing Rivers From Tadri to Kanyakumari,Kerala,810.0,813.0768433,0.3798571979999999,1995,6,168,Monsoon
9.27,-7.508323994398533,16.778323994398534,16.778323994398534,INDOFLOODS-gauge-429,9.27,32.64022614,38.56525349,44.63593713,85.40965813,128.697149,143.38525149999995,153.15252180000005,165.793812,175.26879540000004,180.4211177,3,71464.60938,57389.75391,813.0768433,1737,59878.34375,179882.2656,1.245250344,0.226773366,0.029008819,2.08e-09,0.31576556,4.40968895,8.34e-05,0.000140846,1.792230129,1.193496704,0.397285461,12,1.84e-08,0.000130983,2.6e-12,0.244649813,12,2.0,1.0,,,39029.13281,26071.5332,49418.10547,,,3252.427734,13035.7666,49418.10547,,,0.668001831,1.895481348,,,6.0,2.0,,,25.9632,7.673909,66.263042,103.314341,31.850515,20.265773,11.584742,25.615808,25.580189,27.495567,24.874742,2200.758763,381.073196,31.23299,61.751439,957.151546,144.071134,405.985567,331.583505,Tropical,243670159.1,178374575.0,122525667.4,80005322.33,51122901.3,36064275.01,6329.4634,8232.682,4635.839,3245.9465,2198.1104,1649.214,3.822601,412.777778,23.02158273,0.9958371,1.0,0.9202909,0.8481785,0.7898019,0.7348591,320795.9252,389.294534,No dominant class,Acrisols,Acid plutonic rocks,9.22,76.71,West Flowing Rivers From Tadri to Kanyakumari,Kerala,810.0,813.0768433,0.3798571979999999,1988,7,204,Monsoon
9.27,-7.508323994398533,16.778323994398534,16.778323994398534,INDOFLOODS-gauge-429,9.27,19.0058655,34.56895171,45.24817643,54.43427826,73.43823326,78.58434256,81.04053054,89.06139847,91.1637709,91.65311345,3,71464.60938,57389.75391,813.0768433,1737,59878.34375,179882.2656,1.245250344,0.226773366,0.029008819,2.08e-09,0.31576556,4.40968895,8.34e-05,0.000140846,1.792230129,1.193496704,0.397285461,12,1.84e-08,0.000130983,2.6e-12,0.244649813,12,2.0,1.0,,,39029.13281,26071.5332,49418.10547,,,3252.427734,13035.7666,49418.10547,,,0.668001831,1.895481348,,,6.0,2.0,,,25.9632,7.673909,66.263042,103.314341,31.850515,20.265773,11.584742,25.615808,25.580189,27.495567,24.874742,2200.758763,381.073196,31.23299,61.751439,957.151546,144.071134,405.985567,331.583505,Tropical,243670159.1,178374575.0,122525667.4,80005322.33,51122901.3,36064275.01,6329.4634,8232.682,4635.839,3245.9465,2198.1104,1649.214,3.822601,412.777778,23.02158273,0.9958371,1.0,0.9202909,0.8481785,0.7898019,0.7348591,320795.9252,389.294534,No dominant class,Acrisols,Acid plutonic rocks,9.22,76.71,West Flowing Rivers From Tadri to Kanyakumari,Kerala,810.0,813.0768433,0.3798571979999999,1979,6,180,Monsoon
293.05,309.8264131962366,-16.776413196236604,16.776413196236604,INDOFLOODS-gauge-472,293.05,66.78321742,151.07066709999995,173.794385,180.5595172,192.2946657,202.104469,206.685502,208.4018554,213.3779631,220.4078762,6,650388.9375,378736.5625,44652.65625,913,411680.4063,1664588.375,1.717259407,0.263467401,0.00221774,4.07e-11,0.202508584,3.795535803,0.000451163,0.000167508,2.237970829,1.579839468,0.390720576,581,1.68e-08,0.000100405,2.82e-12,0.152935132,581,126.0,31.0,9.0,3.0,3671381.5,1916652.625,965564.375,357243.875,345153.2813,6319.073242,15211.52832,31147.23828,39693.76563,115051.0938,0.522052169,0.503776431,0.369984537,0.966155887,4.611111164,4.064516068,3.444444418,3.0,24.964161,12.751767,41.11585,504.492075,41.046781,10.038858,31.007923,25.90896,24.431836,31.598482,18.730509,1267.92929,405.424048,4.618662,142.814047,1031.16188,27.087191,135.854057,34.012834,Tropical,62070252.02,44784344.93,31091858.92,24356314.02,23683134.33,20921424.15,2990.2112,3889.343,2227.44,1882.7871,1810.0876,1581.1671,1.487467,288.432099,5.58474887,0.474407538,0.510397127,0.438418027,0.40406436,0.376254261,0.350080065,8364153.0,186.969563,Cropland,Vertisols,Basic volcanic rocks,22.7561,77.7328,Narmada,Madhya Pradesh,44548.0,44652.65625,0.234929178,1994,8,214,Monsoon
9.26,-7.508323994398533,16.768323994398532,16.768323994398532,INDOFLOODS-gauge-429,9.26,4.879747323999999,6.2440761610000015,13.69434395,25.21606092,27.97221124,29.52797434,36.94287666,42.98605623,46.15934941,49.66750744,3,71464.60938,57389.75391,813.0768433,1737,59878.34375,179882.2656,1.245250344,0.226773366,0.029008819,2.08e-09,0.31576556,4.40968895,8.34e-05,0.000140846,1.792230129,1.193496704,0.397285461,12,1.84e-08,0.000130983,2.6e-12,0.244649813,12,2.0,1.0,,,39029.13281,26071.5332,49418.10547,,,3252.427734,13035.7666,49418.10547,,,0.668001831,1.895481348,,,6.0,2.0,,,25.9632,7.673909,66.263042,103.314341,31.850515,20.265773,11.584742,25.615808,25.580189,27.495567,24.874742,2200.758763,381.073196,31.23299,61.751439,957.151546,144.071134,405.985567,331.583505,Tropical,243670159.1,178374575.0,122525667.4,80005322.33,51122901.3,36064275.01,6329.4634,8232.682,4635.839,3245.9465,2198.1104,1649.214,3.822601,412.777778,23.02158273,0.9958371,1.0,0.9202909,0.8481785,0.7898019,0.7348591,320795.9252,389.294534,No dominant class,Acrisols,Acid plutonic rocks,9.22,76.71,West Flowing Rivers From Tadri to Kanyakumari,Kerala,810.0,813.0768433,0.3798571979999999,1985,7,193,Monsoon
9.31,-7.435717549763118,16.745717549763118,16.745717549763118,INDOFLOODS-gauge-429,9.31,83.41511857,101.5285684,101.9273857,108.126245,117.59663159999998,121.3262409,155.767416,176.1581052,200.1081556,250.1774117,3,71464.60938,57389.75391,813.0768433,1737,59878.34375,179882.2656,1.245250344,0.226773366,0.029008819,2.08e-09,0.31576556,4.40968895,8.34e-05,0.000140846,1.792230129,1.193496704,0.397285461,12,1.84e-08,0.000130983,2.6e-12,0.244649813,12,2.0,1.0,,,39029.13281,26071.5332,49418.10547,,,3252.427734,13035.7666,49418.10547,,,0.668001831,1.895481348,,,6.0,2.0,,,25.9632,7.673909,66.263042,103.314341,31.850515,20.265773,11.584742,25.615808,25.580189,27.495567,24.874742,2200.758763,381.073196,31.23299,61.751439,957.151546,144.071134,405.985567,331.583505,Tropical,243670159.1,178374575.0,122525667.4,80005322.33,51122901.3,36064275.01,6329.4634,8232.682,4635.839,3245.9465,2198.1104,1649.214,3.822601,412.777778,23.02158273,0.9958371,1.0,0.9202909,0.8481785,0.7898019,0.7348591,320795.9252,389.294534,No dominant class,Acrisols,Acid plutonic rocks,9.22,76.71,West Flowing Rivers From Tadri to Kanyakumari,Kerala,810.0,813.0768433,0.3798571979999999,2006,9,269,Monsoon
9.31,-7.435717549763118,16.745717549763118,16.745717549763118,INDOFLOODS-gauge-429,9.31,41.194932,57.68476757,63.56820283,77.37632726,96.14054383,110.5952443,130.2563753,137.0577085,145.9131611,163.1925381,3,71464.60938,57389.75391,813.0768433,1737,59878.34375,179882.2656,1.245250344,0.226773366,0.029008819,2.08e-09,0.31576556,4.40968895,8.34e-05,0.000140846,1.792230129,1.193496704,0.397285461,12,1.84e-08,0.000130983,2.6e-12,0.244649813,12,2.0,1.0,,,39029.13281,26071.5332,49418.10547,,,3252.427734,13035.7666,49418.10547,,,0.668001831,1.895481348,,,6.0,2.0,,,25.9632,7.673909,66.263042,103.314341,31.850515,20.265773,11.584742,25.615808,25.580189,27.495567,24.874742,2200.758763,381.073196,31.23299,61.751439,957.151546,144.071134,405.985567,331.583505,Tropical,243670159.1,178374575.0,122525667.4,80005322.33,51122901.3,36064275.01,6329.4634,8232.682,4635.839,3245.9465,2198.1104,1649.214,3.822601,412.777778,23.02158273,0.9958371,1.0,0.9202909,0.8481785,0.7898019,0.7348591,320795.9252,389.294534,No dominant class,Acrisols,Acid plutonic rocks,9.22,76.71,West Flowing Rivers From Tadri to Kanyakumari,Kerala,810.0,813.0768433,0.3798571979999999,2000,10,276,Post-Monsoon
9.27,-7.435717549763118,16.70571754976312,16.70571754976312,INDOFLOODS-gauge-429,9.27,22.30029957,30.40538633,43.55351519,69.67660061,90.34416404,99.48023356,110.1799774,125.6887895,144.83911909999995,162.3965524,3,71464.60938,57389.75391,813.0768433,1737,59878.34375,179882.2656,1.245250344,0.226773366,0.029008819,2.08e-09,0.31576556,4.40968895,8.34e-05,0.000140846,1.792230129,1.193496704,0.397285461,12,1.84e-08,0.000130983,2.6e-12,0.244649813,12,2.0,1.0,,,39029.13281,26071.5332,49418.10547,,,3252.427734,13035.7666,49418.10547,,,0.668001831,1.895481348,,,6.0,2.0,,,25.9632,7.673909,66.263042,103.314341,31.850515,20.265773,11.584742,25.615808,25.580189,27.495567,24.874742,2200.758763,381.073196,31.23299,61.751439,957.151546,144.071134,405.985567,331.583505,Tropical,243670159.1,178374575.0,122525667.4,80005322.33,51122901.3,36064275.01,6329.4634,8232.682,4635.839,3245.9465,2198.1104,1649.214,3.822601,412.777778,23.02158273,0.9958371,1.0,0.9202909,0.8481785,0.7898019,0.7348591,320795.9252,389.294534,No dominant class,Acrisols,Acid plutonic rocks,9.22,76.71,West Flowing Rivers From Tadri to Kanyakumari,Kerala,810.0,813.0768433,0.3798571979999999,1981,10,303,Post-Monsoon
9.27,-7.435717549763118,16.70571754976312,16.70571754976312,INDOFLOODS-gauge-429,9.27,5.115274643,29.26949979,59.87428321,95.73989436,132.5332042,151.2222245,161.4249027,178.39984230000005,191.8183239,196.9779602,3,71464.60938,57389.75391,813.0768433,1737,59878.34375,179882.2656,1.245250344,0.226773366,0.029008819,2.08e-09,0.31576556,4.40968895,8.34e-05,0.000140846,1.792230129,1.193496704,0.397285461,12,1.84e-08,0.000130983,2.6e-12,0.244649813,12,2.0,1.0,,,39029.13281,26071.5332,49418.10547,,,3252.427734,13035.7666,49418.10547,,,0.668001831,1.895481348,,,6.0,2.0,,,25.9632,7.673909,66.263042,103.314341,31.850515,20.265773,11.584742,25.615808,25.580189,27.495567,24.874742,2200.758763,381.073196,31.23299,61.751439,957.151546,144.071134,405.985567,331.583505,Tropical,243670159.1,178374575.0,122525667.4,80005322.33,51122901.3,36064275.01,6329.4634,8232.682,4635.839,3245.9465,2198.1104,1649.214,3.822601,412.777778,23.02158273,0.9958371,1.0,0.9202909,0.8481785,0.7898019,0.7348591,320795.9252,389.294534,No dominant class,Acrisols,Acid plutonic rocks,9.22,76.71,West Flowing Rivers From Tadri to Kanyakumari,Kerala,810.0,813.0768433,0.3798571979999999,2006,11,305,Post-Monsoon
9.26,-7.435717549763118,16.695717549763117,16.695717549763117,INDOFLOODS-gauge-429,9.26,12.72921919,17.18382457,26.01529997,34.5071936,37.91597941,41.00768837,54.61499488,60.21557495,64.57762751,75.45773385,3,71464.60938,57389.75391,813.0768433,1737,59878.34375,179882.2656,1.245250344,0.226773366,0.029008819,2.08e-09,0.31576556,4.40968895,8.34e-05,0.000140846,1.792230129,1.193496704,0.397285461,12,1.84e-08,0.000130983,2.6e-12,0.244649813,12,2.0,1.0,,,39029.13281,26071.5332,49418.10547,,,3252.427734,13035.7666,49418.10547,,,0.668001831,1.895481348,,,6.0,2.0,,,25.9632,7.673909,66.263042,103.314341,31.850515,20.265773,11.584742,25.615808,25.580189,27.495567,24.874742,2200.758763,381.073196,31.23299,61.751439,957.151546,144.071134,405.985567,331.583505,Tropical,243670159.1,178374575.0,122525667.4,80005322.33,51122901.3,36064275.01,6329.4634,8232.682,4635.839,3245.9465,2198.1104,1649.214,3.822601,412.777778,23.02158273,0.9958371,1.0,0.9202909,0.8481785,0.7898019,0.7348591,320795.9252,389.294534,No dominant class,Acrisols,Acid plutonic rocks,9.22,76.71,West Flowing Rivers From Tadri to Kanyakumari,Kerala,810.0,813.0768433,0.3798571979999999,1983,9,262,Monsoon
9.18,-7.508323994398533,16.688323994398534,16.688323994398534,INDOFLOODS-gauge-429,9.18,34.34358429,63.81566143,73.39782831,90.07431089,105.3265565,118.1570165,130.80259809999998,146.0679293,159.9500489,192.229059,3,71464.60938,57389.75391,813.0768433,1737,59878.34375,179882.2656,1.245250344,0.226773366,0.029008819,2.08e-09,0.31576556,4.40968895,8.34e-05,0.000140846,1.792230129,1.193496704,0.397285461,12,1.84e-08,0.000130983,2.6e-12,0.244649813,12,2.0,1.0,,,39029.13281,26071.5332,49418.10547,,,3252.427734,13035.7666,49418.10547,,,0.668001831,1.895481348,,,6.0,2.0,,,25.9632,7.673909,66.263042,103.314341,31.850515,20.265773,11.584742,25.615808,25.580189,27.495567,24.874742,2200.758763,381.073196,31.23299,61.751439,957.151546,144.071134,405.985567,331.583505,Tropical,243670159.1,178374575.0,122525667.4,80005322.33,51122901.3,36064275.01,6329.4634,8232.682,4635.839,3245.9465,2198.1104,1649.214,3.822601,412.777778,23.02158273,0.9958371,1.0,0.9202909,0.8481785,0.7898019,0.7348591,320795.9252,389.294534,No dominant class,Acrisols,Acid plutonic rocks,9.22,76.71,West Flowing Rivers From Tadri to Kanyakumari,Kerala,810.0,813.0768433,0.3798571979999999,1992,6,172,Monsoon
9.18,-7.508323994398533,16.688323994398534,16.688323994398534,INDOFLOODS-gauge-429,9.18,24.37178343,31.77764009,37.31128494,45.25104877,55.97737706,100.2593698,124.27668909999998,134.74238530000002,136.268626,136.6193872,3,71464.60938,57389.75391,813.0768433,1737,59878.34375,179882.2656,1.245250344,0.226773366,0.029008819,2.08e-09,0.31576556,4.40968895,8.34e-05,0.000140846,1.792230129,1.193496704,0.397285461,12,1.84e-08,0.000130983,2.6e-12,0.244649813,12,2.0,1.0,,,39029.13281,26071.5332,49418.10547,,,3252.427734,13035.7666,49418.10547,,,0.668001831,1.895481348,,,6.0,2.0,,,25.9632,7.673909,66.263042,103.314341,31.850515,20.265773,11.584742,25.615808,25.580189,27.495567,24.874742,2200.758763,381.073196,31.23299,61.751439,957.151546,144.071134,405.985567,331.583505,Tropical,243670159.1,178374575.0,122525667.4,80005322.33,51122901.3,36064275.01,6329.4634,8232.682,4635.839,3245.9465,2198.1104,1649.214,3.822601,412.777778,23.02158273,0.9958371,1.0,0.9202909,0.8481785,0.7898019,0.7348591,320795.9252,389.294534,No dominant class,Acrisols,Acid plutonic rocks,9.22,76.71,West Flowing Rivers From Tadri to Kanyakumari,Kerala,810.0,813.0768433,0.3798571979999999,1991,7,182,Monsoon
9.32,-7.354663288661556,16.674663288661556,16.674663288661556,INDOFLOODS-gauge-429,9.32,113.3273144,147.2362576,199.3796513,213.6141316,224.20369900000003,228.4788886,230.6916935,235.6363237,261.9187953,299.0619604,3,71464.60938,57389.75391,813.0768433,1737,59878.34375,179882.2656,1.245250344,0.226773366,0.029008819,2.08e-09,0.31576556,4.40968895,8.34e-05,0.000140846,1.792230129,1.193496704,0.397285461,12,1.84e-08,0.000130983,2.6e-12,0.244649813,12,2.0,1.0,,,39029.13281,26071.5332,49418.10547,,,3252.427734,13035.7666,49418.10547,,,0.668001831,1.895481348,,,6.0,2.0,,,25.9632,7.673909,66.263042,103.314341,31.850515,20.265773,11.584742,25.615808,25.580189,27.495567,24.874742,2200.758763,381.073196,31.23299,61.751439,957.151546,144.071134,405.985567,331.583505,Tropical,243670159.1,178374575.0,122525667.4,80005322.33,51122901.3,36064275.01,6329.4634,8232.682,4635.839,3245.9465,2198.1104,1649.214,3.822601,412.777778,23.02158273,0.9958371,1.0,0.9202909,0.8481785,0.7898019,0.7348591,320795.9252,389.294534,No dominant class,Acrisols,Acid plutonic rocks,9.22,76.71,West Flowing Rivers From Tadri to Kanyakumari,Kerala,810.0,813.0768433,0.3798571979999999,2009,7,199,Monsoon
9.16,-7.508323994398533,16.668323994398534,16.668323994398534,INDOFLOODS-gauge-429,9.16,26.042326,39.69804924,47.8619556,54.30430126,58.20201006,61.75552874,62.9029214,63.10938137,63.48429897,65.59328843,3,71464.60938,57389.75391,813.0768433,1737,59878.34375,179882.2656,1.245250344,0.226773366,0.029008819,2.08e-09,0.31576556,4.40968895,8.34e-05,0.000140846,1.792230129,1.193496704,0.397285461,12,1.84e-08,0.000130983,2.6e-12,0.244649813,12,2.0,1.0,,,39029.13281,26071.5332,49418.10547,,,3252.427734,13035.7666,49418.10547,,,0.668001831,1.895481348,,,6.0,2.0,,,25.9632,7.673909,66.263042,103.314341,31.850515,20.265773,11.584742,25.615808,25.580189,27.495567,24.874742,2200.758763,381.073196,31.23299,61.751439,957.151546,144.071134,405.985567,331.583505,Tropical,243670159.1,178374575.0,122525667.4,80005322.33,51122901.3,36064275.01,6329.4634,8232.682,4635.839,3245.9465,2198.1104,1649.214,3.822601,412.777778,23.02158273,0.9958371,1.0,0.9202909,0.8481785,0.7898019,0.7348591,320795.9252,389.294534,No dominant class,Acrisols,Acid plutonic rocks,9.22,76.71,West Flowing Rivers From Tadri to Kanyakumari,Kerala,810.0,813.0768433,0.3798571979999999,1980,6,173,Monsoon
9.16,-7.508323994398533,16.668323994398534,16.668323994398534,INDOFLOODS-gauge-429,9.16,9.014923214,10.34817534,11.06979098,13.36364828,15.72530575,17.056649800000002,17.34646201,17.75182143,28.95616443,63.96084429,3,71464.60938,57389.75391,813.0768433,1737,59878.34375,179882.2656,1.245250344,0.226773366,0.029008819,2.08e-09,0.31576556,4.40968895,8.34e-05,0.000140846,1.792230129,1.193496704,0.397285461,12,1.84e-08,0.000130983,2.6e-12,0.244649813,12,2.0,1.0,,,39029.13281,26071.5332,49418.10547,,,3252.427734,13035.7666,49418.10547,,,0.668001831,1.895481348,,,6.0,2.0,,,25.9632,7.673909,66.263042,103.314341,31.850515,20.265773,11.584742,25.615808,25.580189,27.495567,24.874742,2200.758763,381.073196,31.23299,61.751439,957.151546,144.071134,405.985567,331.583505,Tropical,243670159.1,178374575.0,122525667.4,80005322.33,51122901.3,36064275.01,6329.4634,8232.682,4635.839,3245.9465,2198.1104,1649.214,3.822601,412.777778,23.02158273,0.9958371,1.0,0.9202909,0.8481785,0.7898019,0.7348591,320795.9252,389.294534,No dominant class,Acrisols,Acid plutonic rocks,9.22,76.71,West Flowing Rivers From Tadri to Kanyakumari,Kerala,810.0,813.0768433,0.3798571979999999,1978,6,178,Monsoon
293.16,309.8264131962366,-16.66641319623659,16.66641319623659,INDOFLOODS-gauge-472,293.16,33.2150976,66.14920153,83.92138502,111.3826282,127.3881621,143.0618133,154.3120467,163.67524819999997,171.4360935,176.58396330000005,6,650388.9375,378736.5625,44652.65625,913,411680.4063,1664588.375,1.717259407,0.263467401,0.00221774,4.07e-11,0.202508584,3.795535803,0.000451163,0.000167508,2.237970829,1.579839468,0.390720576,581,1.68e-08,0.000100405,2.82e-12,0.152935132,581,126.0,31.0,9.0,3.0,3671381.5,1916652.625,965564.375,357243.875,345153.2813,6319.073242,15211.52832,31147.23828,39693.76563,115051.0938,0.522052169,0.503776431,0.369984537,0.966155887,4.611111164,4.064516068,3.444444418,3.0,24.964161,12.751767,41.11585,504.492075,41.046781,10.038858,31.007923,25.90896,24.431836,31.598482,18.730509,1267.92929,405.424048,4.618662,142.814047,1031.16188,27.087191,135.854057,34.012834,Tropical,62070252.02,44784344.93,31091858.92,24356314.02,23683134.33,20921424.15,2990.2112,3889.343,2227.44,1882.7871,1810.0876,1581.1671,1.487467,288.432099,5.58474887,0.474407538,0.510397127,0.438418027,0.40406436,0.376254261,0.350080065,8364153.0,186.969563,Cropland,Vertisols,Basic volcanic rocks,22.7561,77.7328,Narmada,Madhya Pradesh,44548.0,44652.65625,0.234929178,1975,8,224,Monsoon
9.14,-7.508323994398533,16.648323994398535,16.648323994398535,INDOFLOODS-gauge-429,9.14,14.29826253,33.5107016,90.65322974,111.2606733,119.0601004,122.2484555,129.33977579999998,144.329958,155.3920618,161.7662371,3,71464.60938,57389.75391,813.0768433,1737,59878.34375,179882.2656,1.245250344,0.226773366,0.029008819,2.08e-09,0.31576556,4.40968895,8.34e-05,0.000140846,1.792230129,1.193496704,0.397285461,12,1.84e-08,0.000130983,2.6e-12,0.244649813,12,2.0,1.0,,,39029.13281,26071.5332,49418.10547,,,3252.427734,13035.7666,49418.10547,,,0.668001831,1.895481348,,,6.0,2.0,,,25.9632,7.673909,66.263042,103.314341,31.850515,20.265773,11.584742,25.615808,25.580189,27.495567,24.874742,2200.758763,381.073196,31.23299,61.751439,957.151546,144.071134,405.985567,331.583505,Tropical,243670159.1,178374575.0,122525667.4,80005322.33,51122901.3,36064275.01,6329.4634,8232.682,4635.839,3245.9465,2198.1104,1649.214,3.822601,412.777778,23.02158273,0.9958371,1.0,0.9202909,0.8481785,0.7898019,0.7348591,320795.9252,389.294534,No dominant class,Acrisols,Acid plutonic rocks,9.22,76.71,West Flowing Rivers From Tadri to Kanyakumari,Kerala,810.0,813.0768433,0.3798571979999999,1992,7,191,Monsoon
293.18,309.8264131962366,-16.646413196236608,16.646413196236608,INDOFLOODS-gauge-472,293.18,17.76915644,38.15273010000001,41.58919936,43.9838177,45.81298712,54.7558711,60.43434746,71.66411063,116.1241745,146.1504951,6,650388.9375,378736.5625,44652.65625,913,411680.4063,1664588.375,1.717259407,0.263467401,0.00221774,4.07e-11,0.202508584,3.795535803,0.000451163,0.000167508,2.237970829,1.579839468,0.390720576,581,1.68e-08,0.000100405,2.82e-12,0.152935132,581,126.0,31.0,9.0,3.0,3671381.5,1916652.625,965564.375,357243.875,345153.2813,6319.073242,15211.52832,31147.23828,39693.76563,115051.0938,0.522052169,0.503776431,0.369984537,0.966155887,4.611111164,4.064516068,3.444444418,3.0,24.964161,12.751767,41.11585,504.492075,41.046781,10.038858,31.007923,25.90896,24.431836,31.598482,18.730509,1267.92929,405.424048,4.618662,142.814047,1031.16188,27.087191,135.854057,34.012834,Tropical,62070252.02,44784344.93,31091858.92,24356314.02,23683134.33,20921424.15,2990.2112,3889.343,2227.44,1882.7871,1810.0876,1581.1671,1.487467,288.432099,5.58474887,0.474407538,0.510397127,0.438418027,0.40406436,0.376254261,0.350080065,8364153.0,186.969563,Cropland,Vertisols,Basic volcanic rocks,22.7561,77.7328,Narmada,Madhya Pradesh,44548.0,44652.65625,0.234929178,1994,8,232,Monsoon
9.21,-7.435717549763118,16.64571754976312,16.64571754976312,INDOFLOODS-gauge-429,9.21,6.204738657,14.93901197,17.46042553,18.95278034,26.31715598,36.28006022,43.78651891,50.44955589,52.90621506,67.87378477,3,71464.60938,57389.75391,813.0768433,1737,59878.34375,179882.2656,1.245250344,0.226773366,0.029008819,2.08e-09,0.31576556,4.40968895,8.34e-05,0.000140846,1.792230129,1.193496704,0.397285461,12,1.84e-08,0.000130983,2.6e-12,0.244649813,12,2.0,1.0,,,39029.13281,26071.5332,49418.10547,,,3252.427734,13035.7666,49418.10547,,,0.668001831,1.895481348,,,6.0,2.0,,,25.9632,7.673909,66.263042,103.314341,31.850515,20.265773,11.584742,25.615808,25.580189,27.495567,24.874742,2200.758763,381.073196,31.23299,61.751439,957.151546,144.071134,405.985567,331.583505,Tropical,243670159.1,178374575.0,122525667.4,80005322.33,51122901.3,36064275.01,6329.4634,8232.682,4635.839,3245.9465,2198.1104,1649.214,3.822601,412.777778,23.02158273,0.9958371,1.0,0.9202909,0.8481785,0.7898019,0.7348591,320795.9252,389.294534,No dominant class,Acrisols,Acid plutonic rocks,9.22,76.71,West Flowing Rivers From Tadri to Kanyakumari,Kerala,810.0,813.0768433,0.3798571979999999,1978,8,233,Monsoon
9.2,-7.435717549763118,16.63571754976312,16.63571754976312,INDOFLOODS-gauge-429,9.2,17.20925657,53.39933114,72.85197157,73.32044849,82.94442714,190.2587463,258.320228,265.1629256,265.7725146,266.8358268,3,71464.60938,57389.75391,813.0768433,1737,59878.34375,179882.2656,1.245250344,0.226773366,0.029008819,2.08e-09,0.31576556,4.40968895,8.34e-05,0.000140846,1.792230129,1.193496704,0.397285461,12,1.84e-08,0.000130983,2.6e-12,0.244649813,12,2.0,1.0,,,39029.13281,26071.5332,49418.10547,,,3252.427734,13035.7666,49418.10547,,,0.668001831,1.895481348,,,6.0,2.0,,,25.9632,7.673909,66.263042,103.314341,31.850515,20.265773,11.584742,25.615808,25.580189,27.495567,24.874742,2200.758763,381.073196,31.23299,61.751439,957.151546,144.071134,405.985567,331.583505,Tropical,243670159.1,178374575.0,122525667.4,80005322.33,51122901.3,36064275.01,6329.4634,8232.682,4635.839,3245.9465,2198.1104,1649.214,3.822601,412.777778,23.02158273,0.9958371,1.0,0.9202909,0.8481785,0.7898019,0.7348591,320795.9252,389.294534,No dominant class,Acrisols,Acid plutonic rocks,9.22,76.71,West Flowing Rivers From Tadri to Kanyakumari,Kerala,810.0,813.0768433,0.3798571979999999,1998,11,315,Post-Monsoon
9.12,-7.508323994398533,16.62832399439853,16.62832399439853,INDOFLOODS-gauge-429,9.12,5.5336448570000005,13.47340869,24.19973697,68.48172969,92.49904897,102.9647452,104.4909859,104.8417471,108.8729103,147.3072735,3,71464.60938,57389.75391,813.0768433,1737,59878.34375,179882.2656,1.245250344,0.226773366,0.029008819,2.08e-09,0.31576556,4.40968895,8.34e-05,0.000140846,1.792230129,1.193496704,0.397285461,12,1.84e-08,0.000130983,2.6e-12,0.244649813,12,2.0,1.0,,,39029.13281,26071.5332,49418.10547,,,3252.427734,13035.7666,49418.10547,,,0.668001831,1.895481348,,,6.0,2.0,,,25.9632,7.673909,66.263042,103.314341,31.850515,20.265773,11.584742,25.615808,25.580189,27.495567,24.874742,2200.758763,381.073196,31.23299,61.751439,957.151546,144.071134,405.985567,331.583505,Tropical,243670159.1,178374575.0,122525667.4,80005322.33,51122901.3,36064275.01,6329.4634,8232.682,4635.839,3245.9465,2198.1104,1649.214,3.822601,412.777778,23.02158273,0.9958371,1.0,0.9202909,0.8481785,0.7898019,0.7348591,320795.9252,389.294534,No dominant class,Acrisols,Acid plutonic rocks,9.22,76.71,West Flowing Rivers From Tadri to Kanyakumari,Kerala,810.0,813.0768433,0.3798571979999999,1991,6,180,Monsoon
293.2,309.8264131962366,-16.626413196236626,16.626413196236626,INDOFLOODS-gauge-472,293.2,55.72181507,75.04068019,76.88066339,79.57457138,80.64652493,81.02375501,81.23316863,82.71906654,83.59507796,89.15995462,6,650388.9375,378736.5625,44652.65625,913,411680.4063,1664588.375,1.717259407,0.263467401,0.00221774,4.07e-11,0.202508584,3.795535803,0.000451163,0.000167508,2.237970829,1.579839468,0.390720576,581,1.68e-08,0.000100405,2.82e-12,0.152935132,581,126.0,31.0,9.0,3.0,3671381.5,1916652.625,965564.375,357243.875,345153.2813,6319.073242,15211.52832,31147.23828,39693.76563,115051.0938,0.522052169,0.503776431,0.369984537,0.966155887,4.611111164,4.064516068,3.444444418,3.0,24.964161,12.751767,41.11585,504.492075,41.046781,10.038858,31.007923,25.90896,24.431836,31.598482,18.730509,1267.92929,405.424048,4.618662,142.814047,1031.16188,27.087191,135.854057,34.012834,Tropical,62070252.02,44784344.93,31091858.92,24356314.02,23683134.33,20921424.15,2990.2112,3889.343,2227.44,1882.7871,1810.0876,1581.1671,1.487467,288.432099,5.58474887,0.474407538,0.510397127,0.438418027,0.40406436,0.376254261,0.350080065,8364153.0,186.969563,Cropland,Vertisols,Basic volcanic rocks,22.7561,77.7328,Narmada,Madhya Pradesh,44548.0,44652.65625,0.234929178,1977,9,257,Monsoon
9.19,-7.435717549763118,16.625717549763117,16.625717549763117,INDOFLOODS-gauge-429,9.19,42.38371386,66.30439143,74.50156386,76.14052324,76.99148341,77.5487444,83.3084285,91.45044845,121.9809877,144.2932352,3,71464.60938,57389.75391,813.0768433,1737,59878.34375,179882.2656,1.245250344,0.226773366,0.029008819,2.08e-09,0.31576556,4.40968895,8.34e-05,0.000140846,1.792230129,1.193496704,0.397285461,12,1.84e-08,0.000130983,2.6e-12,0.244649813,12,2.0,1.0,,,39029.13281,26071.5332,49418.10547,,,3252.427734,13035.7666,49418.10547,,,0.668001831,1.895481348,,,6.0,2.0,,,25.9632,7.673909,66.263042,103.314341,31.850515,20.265773,11.584742,25.615808,25.580189,27.495567,24.874742,2200.758763,381.073196,31.23299,61.751439,957.151546,144.071134,405.985567,331.583505,Tropical,243670159.1,178374575.0,122525667.4,80005322.33,51122901.3,36064275.01,6329.4634,8232.682,4635.839,3245.9465,2198.1104,1649.214,3.822601,412.777778,23.02158273,0.9958371,1.0,0.9202909,0.8481785,0.7898019,0.7348591,320795.9252,389.294534,No dominant class,Acrisols,Acid plutonic rocks,9.22,76.71,West Flowing Rivers From Tadri to Kanyakumari,Kerala,810.0,813.0768433,0.3798571979999999,1987,11,313,Post-Monsoon
9.11,-7.508323994398533,16.618323994398533,16.618323994398533,INDOFLOODS-gauge-429,9.11,23.509732,32.82947061,36.73008883,39.85998494,40.63821543,44.19130803,45.38665718,45.77687143,46.42874489,47.98551194,3,71464.60938,57389.75391,813.0768433,1737,59878.34375,179882.2656,1.245250344,0.226773366,0.029008819,2.08e-09,0.31576556,4.40968895,8.34e-05,0.000140846,1.792230129,1.193496704,0.397285461,12,1.84e-08,0.000130983,2.6e-12,0.244649813,12,2.0,1.0,,,39029.13281,26071.5332,49418.10547,,,3252.427734,13035.7666,49418.10547,,,0.668001831,1.895481348,,,6.0,2.0,,,25.9632,7.673909,66.263042,103.314341,31.850515,20.265773,11.584742,25.615808,25.580189,27.495567,24.874742,2200.758763,381.073196,31.23299,61.751439,957.151546,144.071134,405.985567,331.583505,Tropical,243670159.1,178374575.0,122525667.4,80005322.33,51122901.3,36064275.01,6329.4634,8232.682,4635.839,3245.9465,2198.1104,1649.214,3.822601,412.777778,23.02158273,0.9958371,1.0,0.9202909,0.8481785,0.7898019,0.7348591,320795.9252,389.294534,No dominant class,Acrisols,Acid plutonic rocks,9.22,76.71,West Flowing Rivers From Tadri to Kanyakumari,Kerala,810.0,813.0768433,0.3798571979999999,1997,7,203,Monsoon
9.11,-7.508323994398533,16.618323994398533,16.618323994398533,INDOFLOODS-gauge-429,9.11,26.69022071,56.39167471,85.90186886,103.5196233,109.2130786,112.1667352,117.2649466,128.2670927,141.4623503,143.18178830000005,3,71464.60938,57389.75391,813.0768433,1737,59878.34375,179882.2656,1.245250344,0.226773366,0.029008819,2.08e-09,0.31576556,4.40968895,8.34e-05,0.000140846,1.792230129,1.193496704,0.397285461,12,1.84e-08,0.000130983,2.6e-12,0.244649813,12,2.0,1.0,,,39029.13281,26071.5332,49418.10547,,,3252.427734,13035.7666,49418.10547,,,0.668001831,1.895481348,,,6.0,2.0,,,25.9632,7.673909,66.263042,103.314341,31.850515,20.265773,11.584742,25.615808,25.580189,27.495567,24.874742,2200.758763,381.073196,31.23299,61.751439,957.151546,144.071134,405.985567,331.583505,Tropical,243670159.1,178374575.0,122525667.4,80005322.33,51122901.3,36064275.01,6329.4634,8232.682,4635.839,3245.9465,2198.1104,1649.214,3.822601,412.777778,23.02158273,0.9958371,1.0,0.9202909,0.8481785,0.7898019,0.7348591,320795.9252,389.294534,No dominant class,Acrisols,Acid plutonic rocks,9.22,76.71,West Flowing Rivers From Tadri to Kanyakumari,Kerala,810.0,813.0768433,0.3798571979999999,1978,6,168,Monsoon
293.23,309.8264131962366,-16.596413196236597,16.596413196236597,INDOFLOODS-gauge-472,293.23,16.02930353,39.69620555,55.49439774,64.27164385,70.03497440000001,72.4091224,82.70463262,97.63809571,115.7880905,125.08336640000002,6,650388.9375,378736.5625,44652.65625,913,411680.4063,1664588.375,1.717259407,0.263467401,0.00221774,4.07e-11,0.202508584,3.795535803,0.000451163,0.000167508,2.237970829,1.579839468,0.390720576,581,1.68e-08,0.000100405,2.82e-12,0.152935132,581,126.0,31.0,9.0,3.0,3671381.5,1916652.625,965564.375,357243.875,345153.2813,6319.073242,15211.52832,31147.23828,39693.76563,115051.0938,0.522052169,0.503776431,0.369984537,0.966155887,4.611111164,4.064516068,3.444444418,3.0,24.964161,12.751767,41.11585,504.492075,41.046781,10.038858,31.007923,25.90896,24.431836,31.598482,18.730509,1267.92929,405.424048,4.618662,142.814047,1031.16188,27.087191,135.854057,34.012834,Tropical,62070252.02,44784344.93,31091858.92,24356314.02,23683134.33,20921424.15,2990.2112,3889.343,2227.44,1882.7871,1810.0876,1581.1671,1.487467,288.432099,5.58474887,0.474407538,0.510397127,0.438418027,0.40406436,0.376254261,0.350080065,8364153.0,186.969563,Cropland,Vertisols,Basic volcanic rocks,22.7561,77.7328,Narmada,Madhya Pradesh,44548.0,44652.65625,0.234929178,1983,8,233,Monsoon
9.07,-7.508323994398533,16.578323994398534,16.578323994398534,INDOFLOODS-gauge-429,9.07,23.73769043,28.28640863,30.7563739,37.74063443,42.98636944,43.65796347,44.89330002,46.48892327,48.04620451,49.52657829,3,71464.60938,57389.75391,813.0768433,1737,59878.34375,179882.2656,1.245250344,0.226773366,0.029008819,2.08e-09,0.31576556,4.40968895,8.34e-05,0.000140846,1.792230129,1.193496704,0.397285461,12,1.84e-08,0.000130983,2.6e-12,0.244649813,12,2.0,1.0,,,39029.13281,26071.5332,49418.10547,,,3252.427734,13035.7666,49418.10547,,,0.668001831,1.895481348,,,6.0,2.0,,,25.9632,7.673909,66.263042,103.314341,31.850515,20.265773,11.584742,25.615808,25.580189,27.495567,24.874742,2200.758763,381.073196,31.23299,61.751439,957.151546,144.071134,405.985567,331.583505,Tropical,243670159.1,178374575.0,122525667.4,80005322.33,51122901.3,36064275.01,6329.4634,8232.682,4635.839,3245.9465,2198.1104,1649.214,3.822601,412.777778,23.02158273,0.9958371,1.0,0.9202909,0.8481785,0.7898019,0.7348591,320795.9252,389.294534,No dominant class,Acrisols,Acid plutonic rocks,9.22,76.71,West Flowing Rivers From Tadri to Kanyakumari,Kerala,810.0,813.0768433,0.3798571979999999,1987,6,178,Monsoon
9.14,-7.435717549763118,16.57571754976312,16.57571754976312,INDOFLOODS-gauge-429,9.14,30.52848714,36.76698669,46.7887219,55.63427319,63.66609841,69.45362273,72.10726511,81.63602701,88.60974590000002,90.09300959,3,71464.60938,57389.75391,813.0768433,1737,59878.34375,179882.2656,1.245250344,0.226773366,0.029008819,2.08e-09,0.31576556,4.40968895,8.34e-05,0.000140846,1.792230129,1.193496704,0.397285461,12,1.84e-08,0.000130983,2.6e-12,0.244649813,12,2.0,1.0,,,39029.13281,26071.5332,49418.10547,,,3252.427734,13035.7666,49418.10547,,,0.668001831,1.895481348,,,6.0,2.0,,,25.9632,7.673909,66.263042,103.314341,31.850515,20.265773,11.584742,25.615808,25.580189,27.495567,24.874742,2200.758763,381.073196,31.23299,61.751439,957.151546,144.071134,405.985567,331.583505,Tropical,243670159.1,178374575.0,122525667.4,80005322.33,51122901.3,36064275.01,6329.4634,8232.682,4635.839,3245.9465,2198.1104,1649.214,3.822601,412.777778,23.02158273,0.9958371,1.0,0.9202909,0.8481785,0.7898019,0.7348591,320795.9252,389.294534,No dominant class,Acrisols,Acid plutonic rocks,9.22,76.71,West Flowing Rivers From Tadri to Kanyakumari,Kerala,810.0,813.0768433,0.3798571979999999,1992,9,271,Monsoon
9.06,-7.508323994398533,16.568323994398533,16.568323994398533,INDOFLOODS-gauge-429,9.06,11.49391386,28.2626005,45.58962093,61.676980500000006,82.73097321,109.1874198,132.5372456,146.59806830000005,166.72155769999995,203.5090237,3,71464.60938,57389.75391,813.0768433,1737,59878.34375,179882.2656,1.245250344,0.226773366,0.029008819,2.08e-09,0.31576556,4.40968895,8.34e-05,0.000140846,1.792230129,1.193496704,0.397285461,12,1.84e-08,0.000130983,2.6e-12,0.244649813,12,2.0,1.0,,,39029.13281,26071.5332,49418.10547,,,3252.427734,13035.7666,49418.10547,,,0.668001831,1.895481348,,,6.0,2.0,,,25.9632,7.673909,66.263042,103.314341,31.850515,20.265773,11.584742,25.615808,25.580189,27.495567,24.874742,2200.758763,381.073196,31.23299,61.751439,957.151546,144.071134,405.985567,331.583505,Tropical,243670159.1,178374575.0,122525667.4,80005322.33,51122901.3,36064275.01,6329.4634,8232.682,4635.839,3245.9465,2198.1104,1649.214,3.822601,412.777778,23.02158273,0.9958371,1.0,0.9202909,0.8481785,0.7898019,0.7348591,320795.9252,389.294534,No dominant class,Acrisols,Acid plutonic rocks,9.22,76.71,West Flowing Rivers From Tadri to Kanyakumari,Kerala,810.0,813.0768433,0.3798571979999999,2004,6,171,Monsoon
9.13,-7.435717549763118,16.565717549763118,16.565717549763118,INDOFLOODS-gauge-429,9.13,24.02113,39.25692529,49.75123847,60.98137661,92.69559933,118.1488963,118.3913598,118.3925378,118.5055193,123.5459736,3,71464.60938,57389.75391,813.0768433,1737,59878.34375,179882.2656,1.245250344,0.226773366,0.029008819,2.08e-09,0.31576556,4.40968895,8.34e-05,0.000140846,1.792230129,1.193496704,0.397285461,12,1.84e-08,0.000130983,2.6e-12,0.244649813,12,2.0,1.0,,,39029.13281,26071.5332,49418.10547,,,3252.427734,13035.7666,49418.10547,,,0.668001831,1.895481348,,,6.0,2.0,,,25.9632,7.673909,66.263042,103.314341,31.850515,20.265773,11.584742,25.615808,25.580189,27.495567,24.874742,2200.758763,381.073196,31.23299,61.751439,957.151546,144.071134,405.985567,331.583505,Tropical,243670159.1,178374575.0,122525667.4,80005322.33,51122901.3,36064275.01,6329.4634,8232.682,4635.839,3245.9465,2198.1104,1649.214,3.822601,412.777778,23.02158273,0.9958371,1.0,0.9202909,0.8481785,0.7898019,0.7348591,320795.9252,389.294534,No dominant class,Acrisols,Acid plutonic rocks,9.22,76.71,West Flowing Rivers From Tadri to Kanyakumari,Kerala,810.0,813.0768433,0.3798571979999999,1980,11,322,Post-Monsoon
9.05,-7.508323994398533,16.558323994398535,16.558323994398535,INDOFLOODS-gauge-429,9.05,45.41541457,87.79558843,123.4804931,139.28752690000002,145.050243,162.21177930000005,167.9992179,168.11320869999997,174.3435352,179.357239,3,71464.60938,57389.75391,813.0768433,1737,59878.34375,179882.2656,1.245250344,0.226773366,0.029008819,2.08e-09,0.31576556,4.40968895,8.34e-05,0.000140846,1.792230129,1.193496704,0.397285461,12,1.84e-08,0.000130983,2.6e-12,0.244649813,12,2.0,1.0,,,39029.13281,26071.5332,49418.10547,,,3252.427734,13035.7666,49418.10547,,,0.668001831,1.895481348,,,6.0,2.0,,,25.9632,7.673909,66.263042,103.314341,31.850515,20.265773,11.584742,25.615808,25.580189,27.495567,24.874742,2200.758763,381.073196,31.23299,61.751439,957.151546,144.071134,405.985567,331.583505,Tropical,243670159.1,178374575.0,122525667.4,80005322.33,51122901.3,36064275.01,6329.4634,8232.682,4635.839,3245.9465,2198.1104,1649.214,3.822601,412.777778,23.02158273,0.9958371,1.0,0.9202909,0.8481785,0.7898019,0.7348591,320795.9252,389.294534,No dominant class,Acrisols,Acid plutonic rocks,9.22,76.71,West Flowing Rivers From Tadri to Kanyakumari,Kerala,810.0,813.0768433,0.3798571979999999,2005,7,210,Monsoon
9.11,-7.435717549763118,16.54571754976312,16.54571754976312,INDOFLOODS-gauge-429,9.11,55.72992257,104.3661946,127.5917869,143.0022849,159.0893783,167.7554699,168.4083789,171.77817290000004,176.67370280000003,178.06360880000005,3,71464.60938,57389.75391,813.0768433,1737,59878.34375,179882.2656,1.245250344,0.226773366,0.029008819,2.08e-09,0.31576556,4.40968895,8.34e-05,0.000140846,1.792230129,1.193496704,0.397285461,12,1.84e-08,0.000130983,2.6e-12,0.244649813,12,2.0,1.0,,,39029.13281,26071.5332,49418.10547,,,3252.427734,13035.7666,49418.10547,,,0.668001831,1.895481348,,,6.0,2.0,,,25.9632,7.673909,66.263042,103.314341,31.850515,20.265773,11.584742,25.615808,25.580189,27.495567,24.874742,2200.758763,381.073196,31.23299,61.751439,957.151546,144.071134,405.985567,331.583505,Tropical,243670159.1,178374575.0,122525667.4,80005322.33,51122901.3,36064275.01,6329.4634,8232.682,4635.839,3245.9465,2198.1104,1649.214,3.822601,412.777778,23.02158273,0.9958371,1.0,0.9202909,0.8481785,0.7898019,0.7348591,320795.9252,389.294534,No dominant class,Acrisols,Acid plutonic rocks,9.22,76.71,West Flowing Rivers From Tadri to Kanyakumari,Kerala,810.0,813.0768433,0.3798571979999999,1998,8,236,Monsoon
9.11,-7.435717549763118,16.54571754976312,16.54571754976312,INDOFLOODS-gauge-429,9.11,13.79605414,36.90846257,89.10370343,92.7220231,93.28349456,95.70277019,102.5924014,109.4246158,130.2795815,142.803951,3,71464.60938,57389.75391,813.0768433,1737,59878.34375,179882.2656,1.245250344,0.226773366,0.029008819,2.08e-09,0.31576556,4.40968895,8.34e-05,0.000140846,1.792230129,1.193496704,0.397285461,12,1.84e-08,0.000130983,2.6e-12,0.244649813,12,2.0,1.0,,,39029.13281,26071.5332,49418.10547,,,3252.427734,13035.7666,49418.10547,,,0.668001831,1.895481348,,,6.0,2.0,,,25.9632,7.673909,66.263042,103.314341,31.850515,20.265773,11.584742,25.615808,25.580189,27.495567,24.874742,2200.758763,381.073196,31.23299,61.751439,957.151546,144.071134,405.985567,331.583505,Tropical,243670159.1,178374575.0,122525667.4,80005322.33,51122901.3,36064275.01,6329.4634,8232.682,4635.839,3245.9465,2198.1104,1649.214,3.822601,412.777778,23.02158273,0.9958371,1.0,0.9202909,0.8481785,0.7898019,0.7348591,320795.9252,389.294534,No dominant class,Acrisols,Acid plutonic rocks,9.22,76.71,West Flowing Rivers From Tadri to Kanyakumari,Kerala,810.0,813.0768433,0.3798571979999999,1982,11,309,Post-Monsoon
293.31,309.8264131962366,-16.516413196236613,16.516413196236613,INDOFLOODS-gauge-472,293.31,28.91307469,82.53197784,120.6004199,126.549276,128.1981512,129.9306213,131.2528333,147.6800303,164.2053982,186.7643357,6,650388.9375,378736.5625,44652.65625,913,411680.4063,1664588.375,1.717259407,0.263467401,0.00221774,4.07e-11,0.202508584,3.795535803,0.000451163,0.000167508,2.237970829,1.579839468,0.390720576,581,1.68e-08,0.000100405,2.82e-12,0.152935132,581,126.0,31.0,9.0,3.0,3671381.5,1916652.625,965564.375,357243.875,345153.2813,6319.073242,15211.52832,31147.23828,39693.76563,115051.0938,0.522052169,0.503776431,0.369984537,0.966155887,4.611111164,4.064516068,3.444444418,3.0,24.964161,12.751767,41.11585,504.492075,41.046781,10.038858,31.007923,25.90896,24.431836,31.598482,18.730509,1267.92929,405.424048,4.618662,142.814047,1031.16188,27.087191,135.854057,34.012834,Tropical,62070252.02,44784344.93,31091858.92,24356314.02,23683134.33,20921424.15,2990.2112,3889.343,2227.44,1882.7871,1810.0876,1581.1671,1.487467,288.432099,5.58474887,0.474407538,0.510397127,0.438418027,0.40406436,0.376254261,0.350080065,8364153.0,186.969563,Cropland,Vertisols,Basic volcanic rocks,22.7561,77.7328,Narmada,Madhya Pradesh,44548.0,44652.65625,0.234929178,2004,8,236,Monsoon
9.08,-7.435717549763118,16.515717549763117,16.515717549763117,INDOFLOODS-gauge-429,9.08,2.705818786,4.661186943,5.460379972999999,6.34360815,6.683227346000002,6.793060776,11.07513813,16.42818829,21.17029942,21.44435441,3,71464.60938,57389.75391,813.0768433,1737,59878.34375,179882.2656,1.245250344,0.226773366,0.029008819,2.08e-09,0.31576556,4.40968895,8.34e-05,0.000140846,1.792230129,1.193496704,0.397285461,12,1.84e-08,0.000130983,2.6e-12,0.244649813,12,2.0,1.0,,,39029.13281,26071.5332,49418.10547,,,3252.427734,13035.7666,49418.10547,,,0.668001831,1.895481348,,,6.0,2.0,,,25.9632,7.673909,66.263042,103.314341,31.850515,20.265773,11.584742,25.615808,25.580189,27.495567,24.874742,2200.758763,381.073196,31.23299,61.751439,957.151546,144.071134,405.985567,331.583505,Tropical,243670159.1,178374575.0,122525667.4,80005322.33,51122901.3,36064275.01,6329.4634,8232.682,4635.839,3245.9465,2198.1104,1649.214,3.822601,412.777778,23.02158273,0.9958371,1.0,0.9202909,0.8481785,0.7898019,0.7348591,320795.9252,389.294534,No dominant class,Acrisols,Acid plutonic rocks,9.22,76.71,West Flowing Rivers From Tadri to Kanyakumari,Kerala,810.0,813.0768433,0.3798571979999999,1978,9,270,Monsoon
9.15,-7.359289713304785,16.509289713304785,16.509289713304785,INDOFLOODS-gauge-429,9.15,8.547190143,13.61961254,29.04431554,56.54508354,124.0170803,168.51763569999997,180.3375275,206.7895141,208.2343506,209.7220475,3,71464.60938,57389.75391,813.0768433,1737,59878.34375,179882.2656,1.245250344,0.226773366,0.029008819,2.08e-09,0.31576556,4.40968895,8.34e-05,0.000140846,1.792230129,1.193496704,0.397285461,12,1.84e-08,0.000130983,2.6e-12,0.244649813,12,2.0,1.0,,,39029.13281,26071.5332,49418.10547,,,3252.427734,13035.7666,49418.10547,,,0.668001831,1.895481348,,,6.0,2.0,,,25.9632,7.673909,66.263042,103.314341,31.850515,20.265773,11.584742,25.615808,25.580189,27.495567,24.874742,2200.758763,381.073196,31.23299,61.751439,957.151546,144.071134,405.985567,331.583505,Tropical,243670159.1,178374575.0,122525667.4,80005322.33,51122901.3,36064275.01,6329.4634,8232.682,4635.839,3245.9465,2198.1104,1649.214,3.822601,412.777778,23.02158273,0.9958371,1.0,0.9202909,0.8481785,0.7898019,0.7348591,320795.9252,389.294534,No dominant class,Acrisols,Acid plutonic rocks,9.22,76.71,West Flowing Rivers From Tadri to Kanyakumari,Kerala,810.0,813.0768433,0.3798571979999999,2015,11,309,Post-Monsoon
9.07,-7.435717549763118,16.50571754976312,16.50571754976312,INDOFLOODS-gauge-429,9.07,20.66756343,29.80363294,40.50337674,56.01218889,75.16251846,92.71995174,97.16788158,98.38783494,103.5590921,110.10261090000002,3,71464.60938,57389.75391,813.0768433,1737,59878.34375,179882.2656,1.245250344,0.226773366,0.029008819,2.08e-09,0.31576556,4.40968895,8.34e-05,0.000140846,1.792230129,1.193496704,0.397285461,12,1.84e-08,0.000130983,2.6e-12,0.244649813,12,2.0,1.0,,,39029.13281,26071.5332,49418.10547,,,3252.427734,13035.7666,49418.10547,,,0.668001831,1.895481348,,,6.0,2.0,,,25.9632,7.673909,66.263042,103.314341,31.850515,20.265773,11.584742,25.615808,25.580189,27.495567,24.874742,2200.758763,381.073196,31.23299,61.751439,957.151546,144.071134,405.985567,331.583505,Tropical,243670159.1,178374575.0,122525667.4,80005322.33,51122901.3,36064275.01,6329.4634,8232.682,4635.839,3245.9465,2198.1104,1649.214,3.822601,412.777778,23.02158273,0.9958371,1.0,0.9202909,0.8481785,0.7898019,0.7348591,320795.9252,389.294534,No dominant class,Acrisols,Acid plutonic rocks,9.22,76.71,West Flowing Rivers From Tadri to Kanyakumari,Kerala,810.0,813.0768433,0.3798571979999999,1981,10,299,Post-Monsoon
9.14,-7.359289713304785,16.499289713304787,16.499289713304787,INDOFLOODS-gauge-429,9.14,57.58817886,62.90912634,72.97012594,89.18382466,118.7106635,120.1333403,120.5948615,120.6772193,122.0098368,130.7388232,3,71464.60938,57389.75391,813.0768433,1737,59878.34375,179882.2656,1.245250344,0.226773366,0.029008819,2.08e-09,0.31576556,4.40968895,8.34e-05,0.000140846,1.792230129,1.193496704,0.397285461,12,1.84e-08,0.000130983,2.6e-12,0.244649813,12,2.0,1.0,,,39029.13281,26071.5332,49418.10547,,,3252.427734,13035.7666,49418.10547,,,0.668001831,1.895481348,,,6.0,2.0,,,25.9632,7.673909,66.263042,103.314341,31.850515,20.265773,11.584742,25.615808,25.580189,27.495567,24.874742,2200.758763,381.073196,31.23299,61.751439,957.151546,144.071134,405.985567,331.583505,Tropical,243670159.1,178374575.0,122525667.4,80005322.33,51122901.3,36064275.01,6329.4634,8232.682,4635.839,3245.9465,2198.1104,1649.214,3.822601,412.777778,23.02158273,0.9958371,1.0,0.9202909,0.8481785,0.7898019,0.7348591,320795.9252,389.294534,No dominant class,Acrisols,Acid plutonic rocks,9.22,76.71,West Flowing Rivers From Tadri to Kanyakumari,Kerala,810.0,813.0768433,0.3798571979999999,2017,12,335,Winter
9.06,-7.435717549763118,16.495717549763118,16.495717549763118,INDOFLOODS-gauge-429,9.06,23.40362414,32.50931109,40.30078751,47.37536931,52.2427185,53.64127691,57.40751431,88.27400317,115.2168229,123.2246877,3,71464.60938,57389.75391,813.0768433,1737,59878.34375,179882.2656,1.245250344,0.226773366,0.029008819,2.08e-09,0.31576556,4.40968895,8.34e-05,0.000140846,1.792230129,1.193496704,0.397285461,12,1.84e-08,0.000130983,2.6e-12,0.244649813,12,2.0,1.0,,,39029.13281,26071.5332,49418.10547,,,3252.427734,13035.7666,49418.10547,,,0.668001831,1.895481348,,,6.0,2.0,,,25.9632,7.673909,66.263042,103.314341,31.850515,20.265773,11.584742,25.615808,25.580189,27.495567,24.874742,2200.758763,381.073196,31.23299,61.751439,957.151546,144.071134,405.985567,331.583505,Tropical,243670159.1,178374575.0,122525667.4,80005322.33,51122901.3,36064275.01,6329.4634,8232.682,4635.839,3245.9465,2198.1104,1649.214,3.822601,412.777778,23.02158273,0.9958371,1.0,0.9202909,0.8481785,0.7898019,0.7348591,320795.9252,389.294534,No dominant class,Acrisols,Acid plutonic rocks,9.22,76.71,West Flowing Rivers From Tadri to Kanyakumari,Kerala,810.0,813.0768433,0.3798571979999999,1989,9,270,Monsoon
9.03,-7.435717549763118,16.465717549763117,16.465717549763117,INDOFLOODS-gauge-429,9.03,30.76394286,37.69743726,42.69503224,48.71479536,62.44621483,66.75357686,80.06815207,88.62361041,95.15276161,105.4837558,3,71464.60938,57389.75391,813.0768433,1737,59878.34375,179882.2656,1.245250344,0.226773366,0.029008819,2.08e-09,0.31576556,4.40968895,8.34e-05,0.000140846,1.792230129,1.193496704,0.397285461,12,1.84e-08,0.000130983,2.6e-12,0.244649813,12,2.0,1.0,,,39029.13281,26071.5332,49418.10547,,,3252.427734,13035.7666,49418.10547,,,0.668001831,1.895481348,,,6.0,2.0,,,25.9632,7.673909,66.263042,103.314341,31.850515,20.265773,11.584742,25.615808,25.580189,27.495567,24.874742,2200.758763,381.073196,31.23299,61.751439,957.151546,144.071134,405.985567,331.583505,Tropical,243670159.1,178374575.0,122525667.4,80005322.33,51122901.3,36064275.01,6329.4634,8232.682,4635.839,3245.9465,2198.1104,1649.214,3.822601,412.777778,23.02158273,0.9958371,1.0,0.9202909,0.8481785,0.7898019,0.7348591,320795.9252,389.294534,No dominant class,Acrisols,Acid plutonic rocks,9.22,76.71,West Flowing Rivers From Tadri to Kanyakumari,Kerala,810.0,813.0768433,0.3798571979999999,1988,9,247,Monsoon
9.03,-7.435717549763118,16.465717549763117,16.465717549763117,INDOFLOODS-gauge-429,9.03,22.31224743,31.92583471,55.81268329,78.22765929,116.4680797,130.1921809,139.345651,145.51153180000003,151.40817090000004,163.0867552,3,71464.60938,57389.75391,813.0768433,1737,59878.34375,179882.2656,1.245250344,0.226773366,0.029008819,2.08e-09,0.31576556,4.40968895,8.34e-05,0.000140846,1.792230129,1.193496704,0.397285461,12,1.84e-08,0.000130983,2.6e-12,0.244649813,12,2.0,1.0,,,39029.13281,26071.5332,49418.10547,,,3252.427734,13035.7666,49418.10547,,,0.668001831,1.895481348,,,6.0,2.0,,,25.9632,7.673909,66.263042,103.314341,31.850515,20.265773,11.584742,25.615808,25.580189,27.495567,24.874742,2200.758763,381.073196,31.23299,61.751439,957.151546,144.071134,405.985567,331.583505,Tropical,243670159.1,178374575.0,122525667.4,80005322.33,51122901.3,36064275.01,6329.4634,8232.682,4635.839,3245.9465,2198.1104,1649.214,3.822601,412.777778,23.02158273,0.9958371,1.0,0.9202909,0.8481785,0.7898019,0.7348591,320795.9252,389.294534,No dominant class,Acrisols,Acid plutonic rocks,9.22,76.71,West Flowing Rivers From Tadri to Kanyakumari,Kerala,810.0,813.0768433,0.3798571979999999,1987,10,304,Post-Monsoon
9.03,-7.435717549763118,16.465717549763117,16.465717549763117,INDOFLOODS-gauge-429,9.03,17.55743329,22.00536312,23.22531648,28.39657361,34.9400924,36.40509267,51.63200489,62.8216322,72.8368992,99.70107234,3,71464.60938,57389.75391,813.0768433,1737,59878.34375,179882.2656,1.245250344,0.226773366,0.029008819,2.08e-09,0.31576556,4.40968895,8.34e-05,0.000140846,1.792230129,1.193496704,0.397285461,12,1.84e-08,0.000130983,2.6e-12,0.244649813,12,2.0,1.0,,,39029.13281,26071.5332,49418.10547,,,3252.427734,13035.7666,49418.10547,,,0.668001831,1.895481348,,,6.0,2.0,,,25.9632,7.673909,66.263042,103.314341,31.850515,20.265773,11.584742,25.615808,25.580189,27.495567,24.874742,2200.758763,381.073196,31.23299,61.751439,957.151546,144.071134,405.985567,331.583505,Tropical,243670159.1,178374575.0,122525667.4,80005322.33,51122901.3,36064275.01,6329.4634,8232.682,4635.839,3245.9465,2198.1104,1649.214,3.822601,412.777778,23.02158273,0.9958371,1.0,0.9202909,0.8481785,0.7898019,0.7348591,320795.9252,389.294534,No dominant class,Acrisols,Acid plutonic rocks,9.22,76.71,West Flowing Rivers From Tadri to Kanyakumari,Kerala,810.0,813.0768433,0.3798571979999999,1981,10,294,Post-Monsoon
293.37,309.8264131962366,-16.45641319623661,16.45641319623661,INDOFLOODS-gauge-472,293.37,25.63913944,65.10082162,97.28044597,134.4132384,155.6436849,182.9385889,202.6414503,217.0320476,236.4026826,249.5820102,6,650388.9375,378736.5625,44652.65625,913,411680.4063,1664588.375,1.717259407,0.263467401,0.00221774,4.07e-11,0.202508584,3.795535803,0.000451163,0.000167508,2.237970829,1.579839468,0.390720576,581,1.68e-08,0.000100405,2.82e-12,0.152935132,581,126.0,31.0,9.0,3.0,3671381.5,1916652.625,965564.375,357243.875,345153.2813,6319.073242,15211.52832,31147.23828,39693.76563,115051.0938,0.522052169,0.503776431,0.369984537,0.966155887,4.611111164,4.064516068,3.444444418,3.0,24.964161,12.751767,41.11585,504.492075,41.046781,10.038858,31.007923,25.90896,24.431836,31.598482,18.730509,1267.92929,405.424048,4.618662,142.814047,1031.16188,27.087191,135.854057,34.012834,Tropical,62070252.02,44784344.93,31091858.92,24356314.02,23683134.33,20921424.15,2990.2112,3889.343,2227.44,1882.7871,1810.0876,1581.1671,1.487467,288.432099,5.58474887,0.474407538,0.510397127,0.438418027,0.40406436,0.376254261,0.350080065,8364153.0,186.969563,Cropland,Vertisols,Basic volcanic rocks,22.7561,77.7328,Narmada,Madhya Pradesh,44548.0,44652.65625,0.234929178,1993,8,218,Monsoon
9.01,-7.435717549763118,16.445717549763117,16.445717549763117,INDOFLOODS-gauge-429,9.01,2.671370414,10.85013641,17.31131787,36.4346673,58.73496687,66.84005363,79.98818249,106.1112679,126.7788313,135.91490090000002,3,71464.60938,57389.75391,813.0768433,1737,59878.34375,179882.2656,1.245250344,0.226773366,0.029008819,2.08e-09,0.31576556,4.40968895,8.34e-05,0.000140846,1.792230129,1.193496704,0.397285461,12,1.84e-08,0.000130983,2.6e-12,0.244649813,12,2.0,1.0,,,39029.13281,26071.5332,49418.10547,,,3252.427734,13035.7666,49418.10547,,,0.668001831,1.895481348,,,6.0,2.0,,,25.9632,7.673909,66.263042,103.314341,31.850515,20.265773,11.584742,25.615808,25.580189,27.495567,24.874742,2200.758763,381.073196,31.23299,61.751439,957.151546,144.071134,405.985567,331.583505,Tropical,243670159.1,178374575.0,122525667.4,80005322.33,51122901.3,36064275.01,6329.4634,8232.682,4635.839,3245.9465,2198.1104,1649.214,3.822601,412.777778,23.02158273,0.9958371,1.0,0.9202909,0.8481785,0.7898019,0.7348591,320795.9252,389.294534,No dominant class,Acrisols,Acid plutonic rocks,9.22,76.71,West Flowing Rivers From Tadri to Kanyakumari,Kerala,810.0,813.0768433,0.3798571979999999,1981,11,307,Post-Monsoon
9.01,-7.435717549763118,16.445717549763117,16.445717549763117,INDOFLOODS-gauge-429,9.01,27.73028457,38.574289,44.65346029,60.50703286,69.77750576,76.12229819,82.59824146,83.40988626,83.76937399,84.11290924,3,71464.60938,57389.75391,813.0768433,1737,59878.34375,179882.2656,1.245250344,0.226773366,0.029008819,2.08e-09,0.31576556,4.40968895,8.34e-05,0.000140846,1.792230129,1.193496704,0.397285461,12,1.84e-08,0.000130983,2.6e-12,0.244649813,12,2.0,1.0,,,39029.13281,26071.5332,49418.10547,,,3252.427734,13035.7666,49418.10547,,,0.668001831,1.895481348,,,6.0,2.0,,,25.9632,7.673909,66.263042,103.314341,31.850515,20.265773,11.584742,25.615808,25.580189,27.495567,24.874742,2200.758763,381.073196,31.23299,61.751439,957.151546,144.071134,405.985567,331.583505,Tropical,243670159.1,178374575.0,122525667.4,80005322.33,51122901.3,36064275.01,6329.4634,8232.682,4635.839,3245.9465,2198.1104,1649.214,3.822601,412.777778,23.02158273,0.9958371,1.0,0.9202909,0.8481785,0.7898019,0.7348591,320795.9252,389.294534,No dominant class,Acrisols,Acid plutonic rocks,9.22,76.71,West Flowing Rivers From Tadri to Kanyakumari,Kerala,810.0,813.0768433,0.3798571979999999,1993,10,277,Post-Monsoon
293.39,309.8264131962366,-16.43641319623663,16.43641319623663,INDOFLOODS-gauge-472,293.39,48.12266861,105.1027285,128.6387719,158.28202530000004,179.70574319999997,217.24188230000004,265.0653254,293.1499687,318.2184295,333.1461672,6,650388.9375,378736.5625,44652.65625,913,411680.4063,1664588.375,1.717259407,0.263467401,0.00221774,4.07e-11,0.202508584,3.795535803,0.000451163,0.000167508,2.237970829,1.579839468,0.390720576,581,1.68e-08,0.000100405,2.82e-12,0.152935132,581,126.0,31.0,9.0,3.0,3671381.5,1916652.625,965564.375,357243.875,345153.2813,6319.073242,15211.52832,31147.23828,39693.76563,115051.0938,0.522052169,0.503776431,0.369984537,0.966155887,4.611111164,4.064516068,3.444444418,3.0,24.964161,12.751767,41.11585,504.492075,41.046781,10.038858,31.007923,25.90896,24.431836,31.598482,18.730509,1267.92929,405.424048,4.618662,142.814047,1031.16188,27.087191,135.854057,34.012834,Tropical,62070252.02,44784344.93,31091858.92,24356314.02,23683134.33,20921424.15,2990.2112,3889.343,2227.44,1882.7871,1810.0876,1581.1671,1.487467,288.432099,5.58474887,0.474407538,0.510397127,0.438418027,0.40406436,0.376254261,0.350080065,8364153.0,186.969563,Cropland,Vertisols,Basic volcanic rocks,22.7561,77.7328,Narmada,Madhya Pradesh,44548.0,44652.65625,0.234929178,1975,9,255,Monsoon
9.07,-7.359289713304785,16.429289713304787,16.429289713304787,INDOFLOODS-gauge-429,9.07,35.55552286,50.67753771,62.20726786,67.36519507,81.67487736,107.2686009,123.6817501,127.0322488,136.8389218,165.2546677,3,71464.60938,57389.75391,813.0768433,1737,59878.34375,179882.2656,1.245250344,0.226773366,0.029008819,2.08e-09,0.31576556,4.40968895,8.34e-05,0.000140846,1.792230129,1.193496704,0.397285461,12,1.84e-08,0.000130983,2.6e-12,0.244649813,12,2.0,1.0,,,39029.13281,26071.5332,49418.10547,,,3252.427734,13035.7666,49418.10547,,,0.668001831,1.895481348,,,6.0,2.0,,,25.9632,7.673909,66.263042,103.314341,31.850515,20.265773,11.584742,25.615808,25.580189,27.495567,24.874742,2200.758763,381.073196,31.23299,61.751439,957.151546,144.071134,405.985567,331.583505,Tropical,243670159.1,178374575.0,122525667.4,80005322.33,51122901.3,36064275.01,6329.4634,8232.682,4635.839,3245.9465,2198.1104,1649.214,3.822601,412.777778,23.02158273,0.9958371,1.0,0.9202909,0.8481785,0.7898019,0.7348591,320795.9252,389.294534,No dominant class,Acrisols,Acid plutonic rocks,9.22,76.71,West Flowing Rivers From Tadri to Kanyakumari,Kerala,810.0,813.0768433,0.3798571979999999,2013,9,261,Monsoon
9.02,-7.359289713304785,16.379289713304786,16.379289713304786,INDOFLOODS-gauge-429,9.02,31.90528143,51.16237229,68.26440071,79.08769586,95.05311957,109.7856864,132.5378682,147.5994453,150.3465411,162.7202481,3,71464.60938,57389.75391,813.0768433,1737,59878.34375,179882.2656,1.245250344,0.226773366,0.029008819,2.08e-09,0.31576556,4.40968895,8.34e-05,0.000140846,1.792230129,1.193496704,0.397285461,12,1.84e-08,0.000130983,2.6e-12,0.244649813,12,2.0,1.0,,,39029.13281,26071.5332,49418.10547,,,3252.427734,13035.7666,49418.10547,,,0.668001831,1.895481348,,,6.0,2.0,,,25.9632,7.673909,66.263042,103.314341,31.850515,20.265773,11.584742,25.615808,25.580189,27.495567,24.874742,2200.758763,381.073196,31.23299,61.751439,957.151546,144.071134,405.985567,331.583505,Tropical,243670159.1,178374575.0,122525667.4,80005322.33,51122901.3,36064275.01,6329.4634,8232.682,4635.839,3245.9465,2198.1104,1649.214,3.822601,412.777778,23.02158273,0.9958371,1.0,0.9202909,0.8481785,0.7898019,0.7348591,320795.9252,389.294534,No dominant class,Acrisols,Acid plutonic rocks,9.22,76.71,West Flowing Rivers From Tadri to Kanyakumari,Kerala,810.0,813.0768433,0.3798571979999999,2017,11,313,Post-Monsoon
293.5,309.8264131962366,-16.326413196236615,16.326413196236615,INDOFLOODS-gauge-472,293.5,21.37376639,25.38713901,28.53922012,42.5618309,58.14813714,70.83749468,83.29510379999998,102.1412452,108.8779133,116.7470215,6,650388.9375,378736.5625,44652.65625,913,411680.4063,1664588.375,1.717259407,0.263467401,0.00221774,4.07e-11,0.202508584,3.795535803,0.000451163,0.000167508,2.237970829,1.579839468,0.390720576,581,1.68e-08,0.000100405,2.82e-12,0.152935132,581,126.0,31.0,9.0,3.0,3671381.5,1916652.625,965564.375,357243.875,345153.2813,6319.073242,15211.52832,31147.23828,39693.76563,115051.0938,0.522052169,0.503776431,0.369984537,0.966155887,4.611111164,4.064516068,3.444444418,3.0,24.964161,12.751767,41.11585,504.492075,41.046781,10.038858,31.007923,25.90896,24.431836,31.598482,18.730509,1267.92929,405.424048,4.618662,142.814047,1031.16188,27.087191,135.854057,34.012834,Tropical,62070252.02,44784344.93,31091858.92,24356314.02,23683134.33,20921424.15,2990.2112,3889.343,2227.44,1882.7871,1810.0876,1581.1671,1.487467,288.432099,5.58474887,0.474407538,0.510397127,0.438418027,0.40406436,0.376254261,0.350080065,8364153.0,186.969563,Cropland,Vertisols,Basic volcanic rocks,22.7561,77.7328,Narmada,Madhya Pradesh,44548.0,44652.65625,0.234929178,1990,8,235,Monsoon
293.5,309.8264131962366,-16.326413196236615,16.326413196236615,INDOFLOODS-gauge-472,293.5,36.45525099,69.170521,85.85627879,105.5309135,142.3456429,215.1602351,259.9877463,270.4942629,292.9865613,350.2578128,6,650388.9375,378736.5625,44652.65625,913,411680.4063,1664588.375,1.717259407,0.263467401,0.00221774,4.07e-11,0.202508584,3.795535803,0.000451163,0.000167508,2.237970829,1.579839468,0.390720576,581,1.68e-08,0.000100405,2.82e-12,0.152935132,581,126.0,31.0,9.0,3.0,3671381.5,1916652.625,965564.375,357243.875,345153.2813,6319.073242,15211.52832,31147.23828,39693.76563,115051.0938,0.522052169,0.503776431,0.369984537,0.966155887,4.611111164,4.064516068,3.444444418,3.0,24.964161,12.751767,41.11585,504.492075,41.046781,10.038858,31.007923,25.90896,24.431836,31.598482,18.730509,1267.92929,405.424048,4.618662,142.814047,1031.16188,27.087191,135.854057,34.012834,Tropical,62070252.02,44784344.93,31091858.92,24356314.02,23683134.33,20921424.15,2990.2112,3889.343,2227.44,1882.7871,1810.0876,1581.1671,1.487467,288.432099,5.58474887,0.474407538,0.510397127,0.438418027,0.40406436,0.376254261,0.350080065,8364153.0,186.969563,Cropland,Vertisols,Basic volcanic rocks,22.7561,77.7328,Narmada,Madhya Pradesh,44548.0,44652.65625,0.234929178,1973,7,200,Monsoon
293.57,309.8264131962366,-16.256413196236622,16.256413196236622,INDOFLOODS-gauge-472,293.57,5.166215732,14.52553518,20.26083927,29.985519300000004,79.25222926,117.1548557,126.7486423,134.22133,140.6907895,141.03141019999995,6,650388.9375,378736.5625,44652.65625,913,411680.4063,1664588.375,1.717259407,0.263467401,0.00221774,4.07e-11,0.202508584,3.795535803,0.000451163,0.000167508,2.237970829,1.579839468,0.390720576,581,1.68e-08,0.000100405,2.82e-12,0.152935132,581,126.0,31.0,9.0,3.0,3671381.5,1916652.625,965564.375,357243.875,345153.2813,6319.073242,15211.52832,31147.23828,39693.76563,115051.0938,0.522052169,0.503776431,0.369984537,0.966155887,4.611111164,4.064516068,3.444444418,3.0,24.964161,12.751767,41.11585,504.492075,41.046781,10.038858,31.007923,25.90896,24.431836,31.598482,18.730509,1267.92929,405.424048,4.618662,142.814047,1031.16188,27.087191,135.854057,34.012834,Tropical,62070252.02,44784344.93,31091858.92,24356314.02,23683134.33,20921424.15,2990.2112,3889.343,2227.44,1882.7871,1810.0876,1581.1671,1.487467,288.432099,5.58474887,0.474407538,0.510397127,0.438418027,0.40406436,0.376254261,0.350080065,8364153.0,186.969563,Cropland,Vertisols,Basic volcanic rocks,22.7561,77.7328,Narmada,Madhya Pradesh,44548.0,44652.65625,0.234929178,1994,8,243,Monsoon
293.69,309.8264131962366,-16.136413196236617,16.136413196236617,INDOFLOODS-gauge-472,293.69,62.60811994,83.13325108,114.9368006,127.4472218,128.5944422,143.4493132,176.7369411,181.8389173,189.7113344,257.6055365,6,650388.9375,378736.5625,44652.65625,913,411680.4063,1664588.375,1.717259407,0.263467401,0.00221774,4.07e-11,0.202508584,3.795535803,0.000451163,0.000167508,2.237970829,1.579839468,0.390720576,581,1.68e-08,0.000100405,2.82e-12,0.152935132,581,126.0,31.0,9.0,3.0,3671381.5,1916652.625,965564.375,357243.875,345153.2813,6319.073242,15211.52832,31147.23828,39693.76563,115051.0938,0.522052169,0.503776431,0.369984537,0.966155887,4.611111164,4.064516068,3.444444418,3.0,24.964161,12.751767,41.11585,504.492075,41.046781,10.038858,31.007923,25.90896,24.431836,31.598482,18.730509,1267.92929,405.424048,4.618662,142.814047,1031.16188,27.087191,135.854057,34.012834,Tropical,62070252.02,44784344.93,31091858.92,24356314.02,23683134.33,20921424.15,2990.2112,3889.343,2227.44,1882.7871,1810.0876,1581.1671,1.487467,288.432099,5.58474887,0.474407538,0.510397127,0.438418027,0.40406436,0.376254261,0.350080065,8364153.0,186.969563,Cropland,Vertisols,Basic volcanic rocks,22.7561,77.7328,Narmada,Madhya Pradesh,44548.0,44652.65625,0.234929178,1985,8,221,Monsoon
9.41,-6.655459285776078,16.06545928577608,16.06545928577608,INDOFLOODS-gauge-429,9.41,18.86494186,37.70692257,56.15224207,68.84852821,81.81110936,114.5312298,131.1334812,134.194377,134.7341554,143.526207,3,71464.60938,57389.75391,813.0768433,1737,59878.34375,179882.2656,1.245250344,0.226773366,0.029008819,2.08e-09,0.31576556,4.40968895,8.34e-05,0.000140846,1.792230129,1.193496704,0.397285461,12,1.84e-08,0.000130983,2.6e-12,0.244649813,12,2.0,1.0,,,39029.13281,26071.5332,49418.10547,,,3252.427734,13035.7666,49418.10547,,,0.668001831,1.895481348,,,6.0,2.0,,,25.9632,7.673909,66.263042,103.314341,31.850515,20.265773,11.584742,25.615808,25.580189,27.495567,24.874742,2200.758763,381.073196,31.23299,61.751439,957.151546,144.071134,405.985567,331.583505,Tropical,243670159.1,178374575.0,122525667.4,80005322.33,51122901.3,36064275.01,6329.4634,8232.682,4635.839,3245.9465,2198.1104,1649.214,3.822601,412.777778,23.02158273,0.9958371,1.0,0.9202909,0.8481785,0.7898019,0.7348591,320795.9252,389.294534,No dominant class,Acrisols,Acid plutonic rocks,9.22,76.71,West Flowing Rivers From Tadri to Kanyakumari,Kerala,810.0,813.0768433,0.3798571979999999,1999,5,151,Pre-Monsoon
293.9,309.8264131962366,-15.926413196236638,15.926413196236638,INDOFLOODS-gauge-472,293.9,44.82234964,53.02345077,68.620286,77.90965574,95.48287592,114.3635752,132.71503810000002,139.2376749,143.429614,151.9084363,6,650388.9375,378736.5625,44652.65625,913,411680.4063,1664588.375,1.717259407,0.263467401,0.00221774,4.07e-11,0.202508584,3.795535803,0.000451163,0.000167508,2.237970829,1.579839468,0.390720576,581,1.68e-08,0.000100405,2.82e-12,0.152935132,581,126.0,31.0,9.0,3.0,3671381.5,1916652.625,965564.375,357243.875,345153.2813,6319.073242,15211.52832,31147.23828,39693.76563,115051.0938,0.522052169,0.503776431,0.369984537,0.966155887,4.611111164,4.064516068,3.444444418,3.0,24.964161,12.751767,41.11585,504.492075,41.046781,10.038858,31.007923,25.90896,24.431836,31.598482,18.730509,1267.92929,405.424048,4.618662,142.814047,1031.16188,27.087191,135.854057,34.012834,Tropical,62070252.02,44784344.93,31091858.92,24356314.02,23683134.33,20921424.15,2990.2112,3889.343,2227.44,1882.7871,1810.0876,1581.1671,1.487467,288.432099,5.58474887,0.474407538,0.510397127,0.438418027,0.40406436,0.376254261,0.350080065,8364153.0,186.969563,Cropland,Vertisols,Basic volcanic rocks,22.7561,77.7328,Narmada,Madhya Pradesh,44548.0,44652.65625,0.234929178,2006,8,226,Monsoon
294.0,309.8264131962366,-15.826413196236617,15.826413196236617,INDOFLOODS-gauge-472,294.0,70.82648371,247.8953001,316.7704598,355.9176624,384.2658624,402.7675519,421.1522022,432.0009907,445.2481895,474.4571272,6,650388.9375,378736.5625,44652.65625,913,411680.4063,1664588.375,1.717259407,0.263467401,0.00221774,4.07e-11,0.202508584,3.795535803,0.000451163,0.000167508,2.237970829,1.579839468,0.390720576,581,1.68e-08,0.000100405,2.82e-12,0.152935132,581,126.0,31.0,9.0,3.0,3671381.5,1916652.625,965564.375,357243.875,345153.2813,6319.073242,15211.52832,31147.23828,39693.76563,115051.0938,0.522052169,0.503776431,0.369984537,0.966155887,4.611111164,4.064516068,3.444444418,3.0,24.964161,12.751767,41.11585,504.492075,41.046781,10.038858,31.007923,25.90896,24.431836,31.598482,18.730509,1267.92929,405.424048,4.618662,142.814047,1031.16188,27.087191,135.854057,34.012834,Tropical,62070252.02,44784344.93,31091858.92,24356314.02,23683134.33,20921424.15,2990.2112,3889.343,2227.44,1882.7871,1810.0876,1581.1671,1.487467,288.432099,5.58474887,0.474407538,0.510397127,0.438418027,0.40406436,0.376254261,0.350080065,8364153.0,186.969563,Cropland,Vertisols,Basic volcanic rocks,22.7561,77.7328,Narmada,Madhya Pradesh,44548.0,44652.65625,0.234929178,2005,7,187,Monsoon
9.15,-6.655459285776078,15.805459285776076,15.805459285776076,INDOFLOODS-gauge-429,9.15,32.72012043,49.32237186,52.38326763,52.92304604,61.71509764,66.5819667,74.9990676,78.53122141,81.96769598,91.49369693,3,71464.60938,57389.75391,813.0768433,1737,59878.34375,179882.2656,1.245250344,0.226773366,0.029008819,2.08e-09,0.31576556,4.40968895,8.34e-05,0.000140846,1.792230129,1.193496704,0.397285461,12,1.84e-08,0.000130983,2.6e-12,0.244649813,12,2.0,1.0,,,39029.13281,26071.5332,49418.10547,,,3252.427734,13035.7666,49418.10547,,,0.668001831,1.895481348,,,6.0,2.0,,,25.9632,7.673909,66.263042,103.314341,31.850515,20.265773,11.584742,25.615808,25.580189,27.495567,24.874742,2200.758763,381.073196,31.23299,61.751439,957.151546,144.071134,405.985567,331.583505,Tropical,243670159.1,178374575.0,122525667.4,80005322.33,51122901.3,36064275.01,6329.4634,8232.682,4635.839,3245.9465,2198.1104,1649.214,3.822601,412.777778,23.02158273,0.9958371,1.0,0.9202909,0.8481785,0.7898019,0.7348591,320795.9252,389.294534,No dominant class,Acrisols,Acid plutonic rocks,9.22,76.71,West Flowing Rivers From Tadri to Kanyakumari,Kerala,810.0,813.0768433,0.3798571979999999,1999,5,146,Pre-Monsoon
9.12,-6.655459285776078,15.775459285776076,15.775459285776076,INDOFLOODS-gauge-429,9.12,11.51051257,26.91756467,47.1056621,79.59533409999997,162.0201675,177.1200682,185.7580837,195.8624617,203.2089617,207.2522891,3,71464.60938,57389.75391,813.0768433,1737,59878.34375,179882.2656,1.245250344,0.226773366,0.029008819,2.08e-09,0.31576556,4.40968895,8.34e-05,0.000140846,1.792230129,1.193496704,0.397285461,12,1.84e-08,0.000130983,2.6e-12,0.244649813,12,2.0,1.0,,,39029.13281,26071.5332,49418.10547,,,3252.427734,13035.7666,49418.10547,,,0.668001831,1.895481348,,,6.0,2.0,,,25.9632,7.673909,66.263042,103.314341,31.850515,20.265773,11.584742,25.615808,25.580189,27.495567,24.874742,2200.758763,381.073196,31.23299,61.751439,957.151546,144.071134,405.985567,331.583505,Tropical,243670159.1,178374575.0,122525667.4,80005322.33,51122901.3,36064275.01,6329.4634,8232.682,4635.839,3245.9465,2198.1104,1649.214,3.822601,412.777778,23.02158273,0.9958371,1.0,0.9202909,0.8481785,0.7898019,0.7348591,320795.9252,389.294534,No dominant class,Acrisols,Acid plutonic rocks,9.22,76.71,West Flowing Rivers From Tadri to Kanyakumari,Kerala,810.0,813.0768433,0.3798571979999999,2011,6,157,Monsoon
294.2,309.8264131962366,-15.626413196236626,15.626413196236626,INDOFLOODS-gauge-472,294.2,36.31190772,108.8526406,162.9076044,229.9897365,238.8775949,244.088274,251.9433514,254.200522,261.529826,267.7444628,6,650388.9375,378736.5625,44652.65625,913,411680.4063,1664588.375,1.717259407,0.263467401,0.00221774,4.07e-11,0.202508584,3.795535803,0.000451163,0.000167508,2.237970829,1.579839468,0.390720576,581,1.68e-08,0.000100405,2.82e-12,0.152935132,581,126.0,31.0,9.0,3.0,3671381.5,1916652.625,965564.375,357243.875,345153.2813,6319.073242,15211.52832,31147.23828,39693.76563,115051.0938,0.522052169,0.503776431,0.369984537,0.966155887,4.611111164,4.064516068,3.444444418,3.0,24.964161,12.751767,41.11585,504.492075,41.046781,10.038858,31.007923,25.90896,24.431836,31.598482,18.730509,1267.92929,405.424048,4.618662,142.814047,1031.16188,27.087191,135.854057,34.012834,Tropical,62070252.02,44784344.93,31091858.92,24356314.02,23683134.33,20921424.15,2990.2112,3889.343,2227.44,1882.7871,1810.0876,1581.1671,1.487467,288.432099,5.58474887,0.474407538,0.510397127,0.438418027,0.40406436,0.376254261,0.350080065,8364153.0,186.969563,Cropland,Vertisols,Basic volcanic rocks,22.7561,77.7328,Narmada,Madhya Pradesh,44548.0,44652.65625,0.234929178,2002,8,231,Monsoon
322.18,337.799855866686,-15.61985586668601,15.61985586668601,INDOFLOODS-gauge-526,322.18,10.95979309,55.08442484,80.90823622,118.8025777,126.4042763,147.51818480000003,151.2763584,157.34538030000004,160.6313395,166.25950930000005,6,472637.1563,255888.5313,25984.77539,791,285735.7813,1144848.375,1.847043157,0.318265617,0.002768292,7.7e-11,0.24913393,3.142029762,0.000382583,0.000160936,2.0177145,1.654105544,0.412838221,343,1.69e-08,0.000104737,2.71e-12,0.127300754,343,69.0,18.0,5.0,2.0,1991387.5,1038619.688,529238.8125,274154.5938,302551.9063,5805.794434,15052.45898,29402.15625,54830.91797,151275.9531,0.521555781,0.509559751,0.518016815,1.103581429,4.9710145,3.833333254,3.599999905,2.5,24.551002,12.999871,41.115241,514.322788,40.824335,9.209207,31.615128,25.784083,22.457422,31.199476,18.126943,1286.5322,412.283941,5.018142,141.789426,1032.383962,31.134045,144.708767,35.433957,Temperate,70430466.68,50700348.63,35067131.01,27369228.36,26515597.7,23339661.78,2990.2112,3889.343,2227.44,1882.7871,1810.0876,1581.1671,1.637423,327.498498,6.41918425,0.476251677,0.512381166,0.440122266,0.405635058,0.377716855,0.351440913,5099614.0,195.979946,No dominant class,Vertisols,Basic volcanic rocks,23.0308,79.0156,Narmada,Madhya Pradesh,26453.0,25984.77539,1.77002461,1979,8,222,Monsoon
10.9,-4.661254705141119,15.56125470514112,15.56125470514112,INDOFLOODS-gauge-429,10.9,39.18653986,51.51907243,56.66191476,68.41100561,76.32058451,79.77314028,81.35738277,81.73388949,81.95663867,82.06180396,3,71464.60938,57389.75391,813.0768433,1737,59878.34375,179882.2656,1.245250344,0.226773366,0.029008819,2.08e-09,0.31576556,4.40968895,8.34e-05,0.000140846,1.792230129,1.193496704,0.397285461,12,1.84e-08,0.000130983,2.6e-12,0.244649813,12,2.0,1.0,,,39029.13281,26071.5332,49418.10547,,,3252.427734,13035.7666,49418.10547,,,0.668001831,1.895481348,,,6.0,2.0,,,25.9632,7.673909,66.263042,103.314341,31.850515,20.265773,11.584742,25.615808,25.580189,27.495567,24.874742,2200.758763,381.073196,31.23299,61.751439,957.151546,144.071134,405.985567,331.583505,Tropical,243670159.1,178374575.0,122525667.4,80005322.33,51122901.3,36064275.01,6329.4634,8232.682,4635.839,3245.9465,2198.1104,1649.214,3.822601,412.777778,23.02158273,0.9958371,1.0,0.9202909,0.8481785,0.7898019,0.7348591,320795.9252,389.294534,No dominant class,Acrisols,Acid plutonic rocks,9.22,76.71,West Flowing Rivers From Tadri to Kanyakumari,Kerala,810.0,813.0768433,0.3798571979999999,2019,8,220,Monsoon
294.35,309.8264131962366,-15.476413196236592,15.476413196236592,INDOFLOODS-gauge-472,294.35,26.74718057,75.26169499999997,103.6712491,132.0566294,154.22150019999995,180.00040149999995,186.4981205,200.79518080000005,206.8435265,213.51121060000003,6,650388.9375,378736.5625,44652.65625,913,411680.4063,1664588.375,1.717259407,0.263467401,0.00221774,4.07e-11,0.202508584,3.795535803,0.000451163,0.000167508,2.237970829,1.579839468,0.390720576,581,1.68e-08,0.000100405,2.82e-12,0.152935132,581,126.0,31.0,9.0,3.0,3671381.5,1916652.625,965564.375,357243.875,345153.2813,6319.073242,15211.52832,31147.23828,39693.76563,115051.0938,0.522052169,0.503776431,0.369984537,0.966155887,4.611111164,4.064516068,3.444444418,3.0,24.964161,12.751767,41.11585,504.492075,41.046781,10.038858,31.007923,25.90896,24.431836,31.598482,18.730509,1267.92929,405.424048,4.618662,142.814047,1031.16188,27.087191,135.854057,34.012834,Tropical,62070252.02,44784344.93,31091858.92,24356314.02,23683134.33,20921424.15,2990.2112,3889.343,2227.44,1882.7871,1810.0876,1581.1671,1.487467,288.432099,5.58474887,0.474407538,0.510397127,0.438418027,0.40406436,0.376254261,0.350080065,8364153.0,186.969563,Cropland,Vertisols,Basic volcanic rocks,22.7561,77.7328,Narmada,Madhya Pradesh,44548.0,44652.65625,0.234929178,1979,8,222,Monsoon
294.38,309.8264131962366,-15.44641319623662,15.44641319623662,INDOFLOODS-gauge-472,294.38,22.0122429,55.78657496,78.63925588,111.8543535,144.7884574,162.5606409,190.0218841,206.0274179,221.7010691,232.9513026,6,650388.9375,378736.5625,44652.65625,913,411680.4063,1664588.375,1.717259407,0.263467401,0.00221774,4.07e-11,0.202508584,3.795535803,0.000451163,0.000167508,2.237970829,1.579839468,0.390720576,581,1.68e-08,0.000100405,2.82e-12,0.152935132,581,126.0,31.0,9.0,3.0,3671381.5,1916652.625,965564.375,357243.875,345153.2813,6319.073242,15211.52832,31147.23828,39693.76563,115051.0938,0.522052169,0.503776431,0.369984537,0.966155887,4.611111164,4.064516068,3.444444418,3.0,24.964161,12.751767,41.11585,504.492075,41.046781,10.038858,31.007923,25.90896,24.431836,31.598482,18.730509,1267.92929,405.424048,4.618662,142.814047,1031.16188,27.087191,135.854057,34.012834,Tropical,62070252.02,44784344.93,31091858.92,24356314.02,23683134.33,20921424.15,2990.2112,3889.343,2227.44,1882.7871,1810.0876,1581.1671,1.487467,288.432099,5.58474887,0.474407538,0.510397127,0.438418027,0.40406436,0.376254261,0.350080065,8364153.0,186.969563,Cropland,Vertisols,Basic volcanic rocks,22.7561,77.7328,Narmada,Madhya Pradesh,44548.0,44652.65625,0.234929178,1975,8,227,Monsoon
294.46,309.8264131962366,-15.366413196236635,15.366413196236635,INDOFLOODS-gauge-472,294.46,75.37362814,97.35859242,103.3298585,125.7688154,147.8640925,150.5873019,155.7535177,165.1128371,170.8481412,180.5728212,6,650388.9375,378736.5625,44652.65625,913,411680.4063,1664588.375,1.717259407,0.263467401,0.00221774,4.07e-11,0.202508584,3.795535803,0.000451163,0.000167508,2.237970829,1.579839468,0.390720576,581,1.68e-08,0.000100405,2.82e-12,0.152935132,581,126.0,31.0,9.0,3.0,3671381.5,1916652.625,965564.375,357243.875,345153.2813,6319.073242,15211.52832,31147.23828,39693.76563,115051.0938,0.522052169,0.503776431,0.369984537,0.966155887,4.611111164,4.064516068,3.444444418,3.0,24.964161,12.751767,41.11585,504.492075,41.046781,10.038858,31.007923,25.90896,24.431836,31.598482,18.730509,1267.92929,405.424048,4.618662,142.814047,1031.16188,27.087191,135.854057,34.012834,Tropical,62070252.02,44784344.93,31091858.92,24356314.02,23683134.33,20921424.15,2990.2112,3889.343,2227.44,1882.7871,1810.0876,1581.1671,1.487467,288.432099,5.58474887,0.474407538,0.510397127,0.438418027,0.40406436,0.376254261,0.350080065,8364153.0,186.969563,Cropland,Vertisols,Basic volcanic rocks,22.7561,77.7328,Narmada,Madhya Pradesh,44548.0,44652.65625,0.234929178,1994,9,249,Monsoon
13.0,28.293345632833905,-15.293345632833905,15.293345632833905,INDOFLOODS-gauge-1085,13.0,0.468694021,0.526259964,2.266848727,12.66545118,23.11369731,24.80661814,25.69047967,27.59155715,29.67171946,31.27482156,5,463678.7188,330162.8125,21904.48242,1204,341410.3438,1098149.25,1.40439415,0.18792288,0.003526548,7.02e-11,0.228254899,5.321331978,0.000363339,0.000161826,2.107978106,1.358127356,0.422236532,315,1.82e-08,0.000112562,2.95e-12,0.1948383,315,67.0,13.0,3.0,1.0,1756620.375,817386.5,396399.9375,274903.0313,299401.1875,5576.572754,12199.79883,30492.30273,91634.34375,299401.1875,0.465317667,0.484960228,0.693499207,1.08911562,4.70149231,5.153846264,4.333333492,3.0,25.324364,11.317986,40.461182,493.632095,38.792319,10.797642,27.994677,27.586145,18.959131,31.029907,18.706263,1213.55461,306.451879,3.037624,115.792655,829.954574,26.053865,236.935106,34.614645,Tropical,193803869.7,139464558.5,95072538.82,76975155.1,55169759.77,46898096.51,2346.516734,3052.095218,1713.25437,1511.417903,1239.699602,1215.136213,7.762763,433.032258,42.26073014,0.508558694,0.547139028,0.469978406,0.433151714,0.403339676,0.375281258,15777280.0,722.63754,Cropland,Luvisols,Metamorphics,22.8381,87.9031,Ganga - Brahmaputra -Meghna/Barak,West Bengal,21310.0,21904.48242,2.789687565,2012,10,282,Post-Monsoon
294.55,309.8264131962366,-15.276413196236604,15.276413196236604,INDOFLOODS-gauge-472,294.55,38.84283179,69.68566723,80.3266478,86.54456919,90.29724829,105.1329481,156.95353930000005,201.8463938,212.7699262,225.087747,6,650388.9375,378736.5625,44652.65625,913,411680.4063,1664588.375,1.717259407,0.263467401,0.00221774,4.07e-11,0.202508584,3.795535803,0.000451163,0.000167508,2.237970829,1.579839468,0.390720576,581,1.68e-08,0.000100405,2.82e-12,0.152935132,581,126.0,31.0,9.0,3.0,3671381.5,1916652.625,965564.375,357243.875,345153.2813,6319.073242,15211.52832,31147.23828,39693.76563,115051.0938,0.522052169,0.503776431,0.369984537,0.966155887,4.611111164,4.064516068,3.444444418,3.0,24.964161,12.751767,41.11585,504.492075,41.046781,10.038858,31.007923,25.90896,24.431836,31.598482,18.730509,1267.92929,405.424048,4.618662,142.814047,1031.16188,27.087191,135.854057,34.012834,Tropical,62070252.02,44784344.93,31091858.92,24356314.02,23683134.33,20921424.15,2990.2112,3889.343,2227.44,1882.7871,1810.0876,1581.1671,1.487467,288.432099,5.58474887,0.474407538,0.510397127,0.438418027,0.40406436,0.376254261,0.350080065,8364153.0,186.969563,Cropland,Vertisols,Basic volcanic rocks,22.7561,77.7328,Narmada,Madhya Pradesh,44548.0,44652.65625,0.234929178,1982,8,235,Monsoon
294.66,309.8264131962366,-15.16641319623659,15.16641319623659,INDOFLOODS-gauge-472,294.66,0.862560683,18.89138328,54.62676785,61.00502116,61.26996407,61.62124545,62.02666227,64.95487124,83.00539561,134.5813512,6,650388.9375,378736.5625,44652.65625,913,411680.4063,1664588.375,1.717259407,0.263467401,0.00221774,4.07e-11,0.202508584,3.795535803,0.000451163,0.000167508,2.237970829,1.579839468,0.390720576,581,1.68e-08,0.000100405,2.82e-12,0.152935132,581,126.0,31.0,9.0,3.0,3671381.5,1916652.625,965564.375,357243.875,345153.2813,6319.073242,15211.52832,31147.23828,39693.76563,115051.0938,0.522052169,0.503776431,0.369984537,0.966155887,4.611111164,4.064516068,3.444444418,3.0,24.964161,12.751767,41.11585,504.492075,41.046781,10.038858,31.007923,25.90896,24.431836,31.598482,18.730509,1267.92929,405.424048,4.618662,142.814047,1031.16188,27.087191,135.854057,34.012834,Tropical,62070252.02,44784344.93,31091858.92,24356314.02,23683134.33,20921424.15,2990.2112,3889.343,2227.44,1882.7871,1810.0876,1581.1671,1.487467,288.432099,5.58474887,0.474407538,0.510397127,0.438418027,0.40406436,0.376254261,0.350080065,8364153.0,186.969563,Cropland,Vertisols,Basic volcanic rocks,22.7561,77.7328,Narmada,Madhya Pradesh,44548.0,44652.65625,0.234929178,1987,9,261,Monsoon
294.69,309.8264131962366,-15.136413196236616,15.136413196236616,INDOFLOODS-gauge-472,294.69,54.92907814,100.3527033,106.3789435,107.8552153,109.2692452,110.8419652,122.9463754,149.6225135,180.7681636,194.8521158,6,650388.9375,378736.5625,44652.65625,913,411680.4063,1664588.375,1.717259407,0.263467401,0.00221774,4.07e-11,0.202508584,3.795535803,0.000451163,0.000167508,2.237970829,1.579839468,0.390720576,581,1.68e-08,0.000100405,2.82e-12,0.152935132,581,126.0,31.0,9.0,3.0,3671381.5,1916652.625,965564.375,357243.875,345153.2813,6319.073242,15211.52832,31147.23828,39693.76563,115051.0938,0.522052169,0.503776431,0.369984537,0.966155887,4.611111164,4.064516068,3.444444418,3.0,24.964161,12.751767,41.11585,504.492075,41.046781,10.038858,31.007923,25.90896,24.431836,31.598482,18.730509,1267.92929,405.424048,4.618662,142.814047,1031.16188,27.087191,135.854057,34.012834,Tropical,62070252.02,44784344.93,31091858.92,24356314.02,23683134.33,20921424.15,2990.2112,3889.343,2227.44,1882.7871,1810.0876,1581.1671,1.487467,288.432099,5.58474887,0.474407538,0.510397127,0.438418027,0.40406436,0.376254261,0.350080065,8364153.0,186.969563,Cropland,Vertisols,Basic volcanic rocks,22.7561,77.7328,Narmada,Madhya Pradesh,44548.0,44652.65625,0.234929178,2006,9,244,Monsoon
294.7,309.8264131962366,-15.126413196236626,15.126413196236626,INDOFLOODS-gauge-472,294.7,35.90828839,89.11593693,157.1939384,174.6566791,196.2834528,209.9743869,218.7788254,220.90608140000003,221.214521,221.2497614,6,650388.9375,378736.5625,44652.65625,913,411680.4063,1664588.375,1.717259407,0.263467401,0.00221774,4.07e-11,0.202508584,3.795535803,0.000451163,0.000167508,2.237970829,1.579839468,0.390720576,581,1.68e-08,0.000100405,2.82e-12,0.152935132,581,126.0,31.0,9.0,3.0,3671381.5,1916652.625,965564.375,357243.875,345153.2813,6319.073242,15211.52832,31147.23828,39693.76563,115051.0938,0.522052169,0.503776431,0.369984537,0.966155887,4.611111164,4.064516068,3.444444418,3.0,24.964161,12.751767,41.11585,504.492075,41.046781,10.038858,31.007923,25.90896,24.431836,31.598482,18.730509,1267.92929,405.424048,4.618662,142.814047,1031.16188,27.087191,135.854057,34.012834,Tropical,62070252.02,44784344.93,31091858.92,24356314.02,23683134.33,20921424.15,2990.2112,3889.343,2227.44,1882.7871,1810.0876,1581.1671,1.487467,288.432099,5.58474887,0.474407538,0.510397127,0.438418027,0.40406436,0.376254261,0.350080065,8364153.0,186.969563,Cropland,Vertisols,Basic volcanic rocks,22.7561,77.7328,Narmada,Madhya Pradesh,44548.0,44652.65625,0.234929178,1977,6,179,Monsoon
322.68,337.799855866686,-15.11985586668601,15.11985586668601,INDOFLOODS-gauge-526,322.68,239.7071062,323.1284616000001,380.6304853,418.1203259,442.1006858,465.9422766,476.4662032,496.2591593,520.8589049999998,546.2973927999999,6,472637.1563,255888.5313,25984.77539,791,285735.7813,1144848.375,1.847043157,0.318265617,0.002768292,7.7e-11,0.24913393,3.142029762,0.000382583,0.000160936,2.0177145,1.654105544,0.412838221,343,1.69e-08,0.000104737,2.71e-12,0.127300754,343,69.0,18.0,5.0,2.0,1991387.5,1038619.688,529238.8125,274154.5938,302551.9063,5805.794434,15052.45898,29402.15625,54830.91797,151275.9531,0.521555781,0.509559751,0.518016815,1.103581429,4.9710145,3.833333254,3.599999905,2.5,24.551002,12.999871,41.115241,514.322788,40.824335,9.209207,31.615128,25.784083,22.457422,31.199476,18.126943,1286.5322,412.283941,5.018142,141.789426,1032.383962,31.134045,144.708767,35.433957,Temperate,70430466.68,50700348.63,35067131.01,27369228.36,26515597.7,23339661.78,2990.2112,3889.343,2227.44,1882.7871,1810.0876,1581.1671,1.637423,327.498498,6.41918425,0.476251677,0.512381166,0.440122266,0.405635058,0.377716855,0.351440913,5099614.0,195.979946,No dominant class,Vertisols,Basic volcanic rocks,23.0308,79.0156,Narmada,Madhya Pradesh,26453.0,25984.77539,1.77002461,2005,7,186,Monsoon
13.2,28.293345632833905,-15.093345632833906,15.093345632833906,INDOFLOODS-gauge-1085,13.2,6.630125453,8.781578588,18.26058649,29.25159651,42.02420217,62.64428573,74.65023891,85.56632309999998,87.43460226,88.13705131,5,463678.7188,330162.8125,21904.48242,1204,341410.3438,1098149.25,1.40439415,0.18792288,0.003526548,7.02e-11,0.228254899,5.321331978,0.000363339,0.000161826,2.107978106,1.358127356,0.422236532,315,1.82e-08,0.000112562,2.95e-12,0.1948383,315,67.0,13.0,3.0,1.0,1756620.375,817386.5,396399.9375,274903.0313,299401.1875,5576.572754,12199.79883,30492.30273,91634.34375,299401.1875,0.465317667,0.484960228,0.693499207,1.08911562,4.70149231,5.153846264,4.333333492,3.0,25.324364,11.317986,40.461182,493.632095,38.792319,10.797642,27.994677,27.586145,18.959131,31.029907,18.706263,1213.55461,306.451879,3.037624,115.792655,829.954574,26.053865,236.935106,34.614645,Tropical,193803869.7,139464558.5,95072538.82,76975155.1,55169759.77,46898096.51,2346.516734,3052.095218,1713.25437,1511.417903,1239.699602,1215.136213,7.762763,433.032258,42.26073014,0.508558694,0.547139028,0.469978406,0.433151714,0.403339676,0.375281258,15777280.0,722.63754,Cropland,Luvisols,Metamorphics,22.8381,87.9031,Ganga - Brahmaputra -Meghna/Barak,West Bengal,21310.0,21904.48242,2.789687565,2012,7,194,Monsoon
294.77,309.8264131962366,-15.056413196236631,15.056413196236631,INDOFLOODS-gauge-472,294.77,37.90262648,47.49641302,54.96910074,61.43856026,61.77918092,65.97875974,83.74791618,104.1314898,107.5679591,109.9625774,6,650388.9375,378736.5625,44652.65625,913,411680.4063,1664588.375,1.717259407,0.263467401,0.00221774,4.07e-11,0.202508584,3.795535803,0.000451163,0.000167508,2.237970829,1.579839468,0.390720576,581,1.68e-08,0.000100405,2.82e-12,0.152935132,581,126.0,31.0,9.0,3.0,3671381.5,1916652.625,965564.375,357243.875,345153.2813,6319.073242,15211.52832,31147.23828,39693.76563,115051.0938,0.522052169,0.503776431,0.369984537,0.966155887,4.611111164,4.064516068,3.444444418,3.0,24.964161,12.751767,41.11585,504.492075,41.046781,10.038858,31.007923,25.90896,24.431836,31.598482,18.730509,1267.92929,405.424048,4.618662,142.814047,1031.16188,27.087191,135.854057,34.012834,Tropical,62070252.02,44784344.93,31091858.92,24356314.02,23683134.33,20921424.15,2990.2112,3889.343,2227.44,1882.7871,1810.0876,1581.1671,1.487467,288.432099,5.58474887,0.474407538,0.510397127,0.438418027,0.40406436,0.376254261,0.350080065,8364153.0,186.969563,Cropland,Vertisols,Basic volcanic rocks,22.7561,77.7328,Narmada,Madhya Pradesh,44548.0,44652.65625,0.234929178,1994,8,238,Monsoon
294.88,309.8264131962366,-14.94641319623662,14.94641319623662,INDOFLOODS-gauge-472,294.88,60.75860626,134.2281379,151.06102030000002,155.7077053,222.4909227,306.7783724,329.5020904,336.2672225,348.002371,357.8121743000001,6,650388.9375,378736.5625,44652.65625,913,411680.4063,1664588.375,1.717259407,0.263467401,0.00221774,4.07e-11,0.202508584,3.795535803,0.000451163,0.000167508,2.237970829,1.579839468,0.390720576,581,1.68e-08,0.000100405,2.82e-12,0.152935132,581,126.0,31.0,9.0,3.0,3671381.5,1916652.625,965564.375,357243.875,345153.2813,6319.073242,15211.52832,31147.23828,39693.76563,115051.0938,0.522052169,0.503776431,0.369984537,0.966155887,4.611111164,4.064516068,3.444444418,3.0,24.964161,12.751767,41.11585,504.492075,41.046781,10.038858,31.007923,25.90896,24.431836,31.598482,18.730509,1267.92929,405.424048,4.618662,142.814047,1031.16188,27.087191,135.854057,34.012834,Tropical,62070252.02,44784344.93,31091858.92,24356314.02,23683134.33,20921424.15,2990.2112,3889.343,2227.44,1882.7871,1810.0876,1581.1671,1.487467,288.432099,5.58474887,0.474407538,0.510397127,0.438418027,0.40406436,0.376254261,0.350080065,8364153.0,186.969563,Cropland,Vertisols,Basic volcanic rocks,22.7561,77.7328,Narmada,Madhya Pradesh,44548.0,44652.65625,0.234929178,1994,8,218,Monsoon
322.86,337.799855866686,-14.939855866686004,14.939855866686004,INDOFLOODS-gauge-526,322.86,5.726297449,23.98258579,55.39591017,61.13959502,67.00382968,98.58459452,117.1219791,199.34559,215.4230847,218.4066969,6,472637.1563,255888.5313,25984.77539,791,285735.7813,1144848.375,1.847043157,0.318265617,0.002768292,7.7e-11,0.24913393,3.142029762,0.000382583,0.000160936,2.0177145,1.654105544,0.412838221,343,1.69e-08,0.000104737,2.71e-12,0.127300754,343,69.0,18.0,5.0,2.0,1991387.5,1038619.688,529238.8125,274154.5938,302551.9063,5805.794434,15052.45898,29402.15625,54830.91797,151275.9531,0.521555781,0.509559751,0.518016815,1.103581429,4.9710145,3.833333254,3.599999905,2.5,24.551002,12.999871,41.115241,514.322788,40.824335,9.209207,31.615128,25.784083,22.457422,31.199476,18.126943,1286.5322,412.283941,5.018142,141.789426,1032.383962,31.134045,144.708767,35.433957,Temperate,70430466.68,50700348.63,35067131.01,27369228.36,26515597.7,23339661.78,2990.2112,3889.343,2227.44,1882.7871,1810.0876,1581.1671,1.637423,327.498498,6.41918425,0.476251677,0.512381166,0.440122266,0.405635058,0.377716855,0.351440913,5099614.0,195.979946,No dominant class,Vertisols,Basic volcanic rocks,23.0308,79.0156,Narmada,Madhya Pradesh,26453.0,25984.77539,1.77002461,1991,8,243,Monsoon
294.92,309.8264131962366,-14.9064131962366,14.9064131962366,INDOFLOODS-gauge-472,294.92,32.43953891,87.83463113,118.37660890000002,122.4258792,130.2736363,149.2691705,166.8137029,178.12894269999995,189.8517158,194.0555542,6,650388.9375,378736.5625,44652.65625,913,411680.4063,1664588.375,1.717259407,0.263467401,0.00221774,4.07e-11,0.202508584,3.795535803,0.000451163,0.000167508,2.237970829,1.579839468,0.390720576,581,1.68e-08,0.000100405,2.82e-12,0.152935132,581,126.0,31.0,9.0,3.0,3671381.5,1916652.625,965564.375,357243.875,345153.2813,6319.073242,15211.52832,31147.23828,39693.76563,115051.0938,0.522052169,0.503776431,0.369984537,0.966155887,4.611111164,4.064516068,3.444444418,3.0,24.964161,12.751767,41.11585,504.492075,41.046781,10.038858,31.007923,25.90896,24.431836,31.598482,18.730509,1267.92929,405.424048,4.618662,142.814047,1031.16188,27.087191,135.854057,34.012834,Tropical,62070252.02,44784344.93,31091858.92,24356314.02,23683134.33,20921424.15,2990.2112,3889.343,2227.44,1882.7871,1810.0876,1581.1671,1.487467,288.432099,5.58474887,0.474407538,0.510397127,0.438418027,0.40406436,0.376254261,0.350080065,8364153.0,186.969563,Cropland,Vertisols,Basic volcanic rocks,22.7561,77.7328,Narmada,Madhya Pradesh,44548.0,44652.65625,0.234929178,1977,8,243,Monsoon
294.94,309.8264131962366,-14.886413196236616,14.886413196236616,INDOFLOODS-gauge-472,294.94,68.56064514,99.09048722,124.4784002,126.663101,128.1227781,132.2492058,183.3299885,245.7212135,257.1910017,265.8510632,6,650388.9375,378736.5625,44652.65625,913,411680.4063,1664588.375,1.717259407,0.263467401,0.00221774,4.07e-11,0.202508584,3.795535803,0.000451163,0.000167508,2.237970829,1.579839468,0.390720576,581,1.68e-08,0.000100405,2.82e-12,0.152935132,581,126.0,31.0,9.0,3.0,3671381.5,1916652.625,965564.375,357243.875,345153.2813,6319.073242,15211.52832,31147.23828,39693.76563,115051.0938,0.522052169,0.503776431,0.369984537,0.966155887,4.611111164,4.064516068,3.444444418,3.0,24.964161,12.751767,41.11585,504.492075,41.046781,10.038858,31.007923,25.90896,24.431836,31.598482,18.730509,1267.92929,405.424048,4.618662,142.814047,1031.16188,27.087191,135.854057,34.012834,Tropical,62070252.02,44784344.93,31091858.92,24356314.02,23683134.33,20921424.15,2990.2112,3889.343,2227.44,1882.7871,1810.0876,1581.1671,1.487467,288.432099,5.58474887,0.474407538,0.510397127,0.438418027,0.40406436,0.376254261,0.350080065,8364153.0,186.969563,Cropland,Vertisols,Basic volcanic rocks,22.7561,77.7328,Narmada,Madhya Pradesh,44548.0,44652.65625,0.234929178,1984,8,223,Monsoon
295.09,309.8264131962366,-14.73641319623664,14.73641319623664,INDOFLOODS-gauge-472,295.09,22.61268237,37.67563277,54.54119385,71.88573861,82.90665966,88.26932715,93.97794691,112.9724044,141.8230488,166.8612489,6,650388.9375,378736.5625,44652.65625,913,411680.4063,1664588.375,1.717259407,0.263467401,0.00221774,4.07e-11,0.202508584,3.795535803,0.000451163,0.000167508,2.237970829,1.579839468,0.390720576,581,1.68e-08,0.000100405,2.82e-12,0.152935132,581,126.0,31.0,9.0,3.0,3671381.5,1916652.625,965564.375,357243.875,345153.2813,6319.073242,15211.52832,31147.23828,39693.76563,115051.0938,0.522052169,0.503776431,0.369984537,0.966155887,4.611111164,4.064516068,3.444444418,3.0,24.964161,12.751767,41.11585,504.492075,41.046781,10.038858,31.007923,25.90896,24.431836,31.598482,18.730509,1267.92929,405.424048,4.618662,142.814047,1031.16188,27.087191,135.854057,34.012834,Tropical,62070252.02,44784344.93,31091858.92,24356314.02,23683134.33,20921424.15,2990.2112,3889.343,2227.44,1882.7871,1810.0876,1581.1671,1.487467,288.432099,5.58474887,0.474407538,0.510397127,0.438418027,0.40406436,0.376254261,0.350080065,8364153.0,186.969563,Cropland,Vertisols,Basic volcanic rocks,22.7561,77.7328,Narmada,Madhya Pradesh,44548.0,44652.65625,0.234929178,1988,8,217,Monsoon
13.6,28.293345632833905,-14.693345632833903,14.693345632833903,INDOFLOODS-gauge-1085,13.6,21.73918637,38.60638105,55.2617665,62.99953477,68.17610209,71.34217989,85.40468975,93.69587613,110.9754833,124.050008,5,463678.7188,330162.8125,21904.48242,1204,341410.3438,1098149.25,1.40439415,0.18792288,0.003526548,7.02e-11,0.228254899,5.321331978,0.000363339,0.000161826,2.107978106,1.358127356,0.422236532,315,1.82e-08,0.000112562,2.95e-12,0.1948383,315,67.0,13.0,3.0,1.0,1756620.375,817386.5,396399.9375,274903.0313,299401.1875,5576.572754,12199.79883,30492.30273,91634.34375,299401.1875,0.465317667,0.484960228,0.693499207,1.08911562,4.70149231,5.153846264,4.333333492,3.0,25.324364,11.317986,40.461182,493.632095,38.792319,10.797642,27.994677,27.586145,18.959131,31.029907,18.706263,1213.55461,306.451879,3.037624,115.792655,829.954574,26.053865,236.935106,34.614645,Tropical,193803869.7,139464558.5,95072538.82,76975155.1,55169759.77,46898096.51,2346.516734,3052.095218,1713.25437,1511.417903,1239.699602,1215.136213,7.762763,433.032258,42.26073014,0.508558694,0.547139028,0.469978406,0.433151714,0.403339676,0.375281258,15777280.0,722.63754,Cropland,Luvisols,Metamorphics,22.8381,87.9031,Ganga - Brahmaputra -Meghna/Barak,West Bengal,21310.0,21904.48242,2.789687565,2012,8,226,Monsoon
295.14,309.8264131962366,-14.686413196236629,14.686413196236629,INDOFLOODS-gauge-472,295.14,34.58331198,71.85203816,100.7071423,112.2121282,121.1931669,124.8689601,134.2580266,138.01746530000003,146.6001103,155.8361968,6,650388.9375,378736.5625,44652.65625,913,411680.4063,1664588.375,1.717259407,0.263467401,0.00221774,4.07e-11,0.202508584,3.795535803,0.000451163,0.000167508,2.237970829,1.579839468,0.390720576,581,1.68e-08,0.000100405,2.82e-12,0.152935132,581,126.0,31.0,9.0,3.0,3671381.5,1916652.625,965564.375,357243.875,345153.2813,6319.073242,15211.52832,31147.23828,39693.76563,115051.0938,0.522052169,0.503776431,0.369984537,0.966155887,4.611111164,4.064516068,3.444444418,3.0,24.964161,12.751767,41.11585,504.492075,41.046781,10.038858,31.007923,25.90896,24.431836,31.598482,18.730509,1267.92929,405.424048,4.618662,142.814047,1031.16188,27.087191,135.854057,34.012834,Tropical,62070252.02,44784344.93,31091858.92,24356314.02,23683134.33,20921424.15,2990.2112,3889.343,2227.44,1882.7871,1810.0876,1581.1671,1.487467,288.432099,5.58474887,0.474407538,0.510397127,0.438418027,0.40406436,0.376254261,0.350080065,8364153.0,186.969563,Cropland,Vertisols,Basic volcanic rocks,22.7561,77.7328,Narmada,Madhya Pradesh,44548.0,44652.65625,0.234929178,1998,9,258,Monsoon
295.29,309.8264131962366,-14.536413196236596,14.536413196236596,INDOFLOODS-gauge-472,295.29,22.00438699,60.40417961,91.90079362,137.61956730000003,161.6949365,175.36739319999995,180.0308635,200.0421018,222.0543447,255.8286767,6,650388.9375,378736.5625,44652.65625,913,411680.4063,1664588.375,1.717259407,0.263467401,0.00221774,4.07e-11,0.202508584,3.795535803,0.000451163,0.000167508,2.237970829,1.579839468,0.390720576,581,1.68e-08,0.000100405,2.82e-12,0.152935132,581,126.0,31.0,9.0,3.0,3671381.5,1916652.625,965564.375,357243.875,345153.2813,6319.073242,15211.52832,31147.23828,39693.76563,115051.0938,0.522052169,0.503776431,0.369984537,0.966155887,4.611111164,4.064516068,3.444444418,3.0,24.964161,12.751767,41.11585,504.492075,41.046781,10.038858,31.007923,25.90896,24.431836,31.598482,18.730509,1267.92929,405.424048,4.618662,142.814047,1031.16188,27.087191,135.854057,34.012834,Tropical,62070252.02,44784344.93,31091858.92,24356314.02,23683134.33,20921424.15,2990.2112,3889.343,2227.44,1882.7871,1810.0876,1581.1671,1.487467,288.432099,5.58474887,0.474407538,0.510397127,0.438418027,0.40406436,0.376254261,0.350080065,8364153.0,186.969563,Cropland,Vertisols,Basic volcanic rocks,22.7561,77.7328,Narmada,Madhya Pradesh,44548.0,44652.65625,0.234929178,1975,8,235,Monsoon
13.8,28.293345632833905,-14.493345632833904,14.493345632833904,INDOFLOODS-gauge-1085,13.8,0.702449045,2.531771274,2.924800148,2.950143371,2.992314837,3.248423724,3.480094422,5.218397089,15.2572831,45.86712087,5,463678.7188,330162.8125,21904.48242,1204,341410.3438,1098149.25,1.40439415,0.18792288,0.003526548,7.02e-11,0.228254899,5.321331978,0.000363339,0.000161826,2.107978106,1.358127356,0.422236532,315,1.82e-08,0.000112562,2.95e-12,0.1948383,315,67.0,13.0,3.0,1.0,1756620.375,817386.5,396399.9375,274903.0313,299401.1875,5576.572754,12199.79883,30492.30273,91634.34375,299401.1875,0.465317667,0.484960228,0.693499207,1.08911562,4.70149231,5.153846264,4.333333492,3.0,25.324364,11.317986,40.461182,493.632095,38.792319,10.797642,27.994677,27.586145,18.959131,31.029907,18.706263,1213.55461,306.451879,3.037624,115.792655,829.954574,26.053865,236.935106,34.614645,Tropical,193803869.7,139464558.5,95072538.82,76975155.1,55169759.77,46898096.51,2346.516734,3052.095218,1713.25437,1511.417903,1239.699602,1215.136213,7.762763,433.032258,42.26073014,0.508558694,0.547139028,0.469978406,0.433151714,0.403339676,0.375281258,15777280.0,722.63754,Cropland,Luvisols,Metamorphics,22.8381,87.9031,Ganga - Brahmaputra -Meghna/Barak,West Bengal,21310.0,21904.48242,2.789687565,2012,7,185,Monsoon
21.06,35.41973067161778,-14.35973067161778,14.35973067161778,INDOFLOODS-gauge-1100,21.06,4.339917437,15.52060124,23.54887732,37.74039022,43.23723536,47.78542839,48.06919809,50.95696198,56.22806398,63.54208296,5,291041.0938,205205.5625,19162.85352,557,209606.8906,710930.25,1.418290496,0.436163247,0.002657355,1.22e-10,0.476448596,2.292719603,0.00039385,0.00016395,1.459043145,1.388509154,0.409380645,220,1.46e-08,8.91e-05,2.4e-12,0.091319874,220,43.0,12.0,4.0,1.0,1420586.25,756499.5625,426683.9688,486951.25,51019.36328,6457.210449,17593.01367,35556.99609,121737.8125,51019.36328,0.532526314,0.564024091,1.141245723,0.104773045,5.116279125,3.583333254,3.0,4.0,25.907135,11.496072,42.739645,462.229225,37.809083,10.905593,26.90349,28.756363,19.729201,30.640983,19.38022,1326.954101,334.074126,2.542017,110.528196,860.792341,29.414267,306.612585,32.01933,Tropical,277972901.7,201022334.9,139999525.2,112995292.4,78236432.59,65502953.69,2899.980282,3771.980678,2144.065498,1872.185794,1468.111476,1396.421821,3.422081,304.813765,42.01283588,0.545916527,0.58733092,0.504502209,0.464970294,0.432968304,0.402848767,13108320.0,683.970965,Cropland,Luvisols,Unconsolidated sediments,23.65,88.14,Ganga,West Bengal,15350.0,19162.85352,24.83943661,2011,8,240,Monsoon
323.45,337.799855866686,-14.349855866686028,14.349855866686028,INDOFLOODS-gauge-526,323.45,58.68693468,89.48220031,101.0500872,112.9779168,130.7429565,146.02785469999995,157.00529430000003,184.6054098,208.516909,213.7265272,6,472637.1563,255888.5313,25984.77539,791,285735.7813,1144848.375,1.847043157,0.318265617,0.002768292,7.7e-11,0.24913393,3.142029762,0.000382583,0.000160936,2.0177145,1.654105544,0.412838221,343,1.69e-08,0.000104737,2.71e-12,0.127300754,343,69.0,18.0,5.0,2.0,1991387.5,1038619.688,529238.8125,274154.5938,302551.9063,5805.794434,15052.45898,29402.15625,54830.91797,151275.9531,0.521555781,0.509559751,0.518016815,1.103581429,4.9710145,3.833333254,3.599999905,2.5,24.551002,12.999871,41.115241,514.322788,40.824335,9.209207,31.615128,25.784083,22.457422,31.199476,18.126943,1286.5322,412.283941,5.018142,141.789426,1032.383962,31.134045,144.708767,35.433957,Temperate,70430466.68,50700348.63,35067131.01,27369228.36,26515597.7,23339661.78,2990.2112,3889.343,2227.44,1882.7871,1810.0876,1581.1671,1.637423,327.498498,6.41918425,0.476251677,0.512381166,0.440122266,0.405635058,0.377716855,0.351440913,5099614.0,195.979946,No dominant class,Vertisols,Basic volcanic rocks,23.0308,79.0156,Narmada,Madhya Pradesh,26453.0,25984.77539,1.77002461,1992,9,256,Monsoon
323.5,337.799855866686,-14.299855866686016,14.299855866686016,INDOFLOODS-gauge-526,323.5,95.54599085,150.9893439,239.05708,250.7308486,258.1467706,266.5913011,268.9287049,279.10036160000004,286.7824642,308.8729316,6,472637.1563,255888.5313,25984.77539,791,285735.7813,1144848.375,1.847043157,0.318265617,0.002768292,7.7e-11,0.24913393,3.142029762,0.000382583,0.000160936,2.0177145,1.654105544,0.412838221,343,1.69e-08,0.000104737,2.71e-12,0.127300754,343,69.0,18.0,5.0,2.0,1991387.5,1038619.688,529238.8125,274154.5938,302551.9063,5805.794434,15052.45898,29402.15625,54830.91797,151275.9531,0.521555781,0.509559751,0.518016815,1.103581429,4.9710145,3.833333254,3.599999905,2.5,24.551002,12.999871,41.115241,514.322788,40.824335,9.209207,31.615128,25.784083,22.457422,31.199476,18.126943,1286.5322,412.283941,5.018142,141.789426,1032.383962,31.134045,144.708767,35.433957,Temperate,70430466.68,50700348.63,35067131.01,27369228.36,26515597.7,23339661.78,2990.2112,3889.343,2227.44,1882.7871,1810.0876,1581.1671,1.637423,327.498498,6.41918425,0.476251677,0.512381166,0.440122266,0.405635058,0.377716855,0.351440913,5099614.0,195.979946,No dominant class,Vertisols,Basic volcanic rocks,23.0308,79.0156,Narmada,Madhya Pradesh,26453.0,25984.77539,1.77002461,2002,8,230,Monsoon
323.5,337.799855866686,-14.299855866686016,14.299855866686016,INDOFLOODS-gauge-526,323.5,41.65321181,69.90457989,78.01705505,99.04797887,125.9639792,154.85582340000005,215.6903206,373.771062,413.7032614,434.5616914,6,472637.1563,255888.5313,25984.77539,791,285735.7813,1144848.375,1.847043157,0.318265617,0.002768292,7.7e-11,0.24913393,3.142029762,0.000382583,0.000160936,2.0177145,1.654105544,0.412838221,343,1.69e-08,0.000104737,2.71e-12,0.127300754,343,69.0,18.0,5.0,2.0,1991387.5,1038619.688,529238.8125,274154.5938,302551.9063,5805.794434,15052.45898,29402.15625,54830.91797,151275.9531,0.521555781,0.509559751,0.518016815,1.103581429,4.9710145,3.833333254,3.599999905,2.5,24.551002,12.999871,41.115241,514.322788,40.824335,9.209207,31.615128,25.784083,22.457422,31.199476,18.126943,1286.5322,412.283941,5.018142,141.789426,1032.383962,31.134045,144.708767,35.433957,Temperate,70430466.68,50700348.63,35067131.01,27369228.36,26515597.7,23339661.78,2990.2112,3889.343,2227.44,1882.7871,1810.0876,1581.1671,1.637423,327.498498,6.41918425,0.476251677,0.512381166,0.440122266,0.405635058,0.377716855,0.351440913,5099614.0,195.979946,No dominant class,Vertisols,Basic volcanic rocks,23.0308,79.0156,Narmada,Madhya Pradesh,26453.0,25984.77539,1.77002461,1994,7,199,Monsoon
323.56,337.799855866686,-14.239855866686014,14.239855866686014,INDOFLOODS-gauge-526,323.56,117.5104145,242.3423599,260.7876411,273.0362332,292.1710787,315.3417522,339.7137569,361.0512961,365.3618886,383.0326243,6,472637.1563,255888.5313,25984.77539,791,285735.7813,1144848.375,1.847043157,0.318265617,0.002768292,7.7e-11,0.24913393,3.142029762,0.000382583,0.000160936,2.0177145,1.654105544,0.412838221,343,1.69e-08,0.000104737,2.71e-12,0.127300754,343,69.0,18.0,5.0,2.0,1991387.5,1038619.688,529238.8125,274154.5938,302551.9063,5805.794434,15052.45898,29402.15625,54830.91797,151275.9531,0.521555781,0.509559751,0.518016815,1.103581429,4.9710145,3.833333254,3.599999905,2.5,24.551002,12.999871,41.115241,514.322788,40.824335,9.209207,31.615128,25.784083,22.457422,31.199476,18.126943,1286.5322,412.283941,5.018142,141.789426,1032.383962,31.134045,144.708767,35.433957,Temperate,70430466.68,50700348.63,35067131.01,27369228.36,26515597.7,23339661.78,2990.2112,3889.343,2227.44,1882.7871,1810.0876,1581.1671,1.637423,327.498498,6.41918425,0.476251677,0.512381166,0.440122266,0.405635058,0.377716855,0.351440913,5099614.0,195.979946,No dominant class,Vertisols,Basic volcanic rocks,23.0308,79.0156,Narmada,Madhya Pradesh,26453.0,25984.77539,1.77002461,2005,9,259,Monsoon
323.59,337.799855866686,-14.20985586668604,14.20985586668604,INDOFLOODS-gauge-526,323.59,22.25263071,72.53584339,92.39327771,110.1637916,113.441942,118.2012148,125.7272382,153.532566,202.2269801,208.7509308,6,472637.1563,255888.5313,25984.77539,791,285735.7813,1144848.375,1.847043157,0.318265617,0.002768292,7.7e-11,0.24913393,3.142029762,0.000382583,0.000160936,2.0177145,1.654105544,0.412838221,343,1.69e-08,0.000104737,2.71e-12,0.127300754,343,69.0,18.0,5.0,2.0,1991387.5,1038619.688,529238.8125,274154.5938,302551.9063,5805.794434,15052.45898,29402.15625,54830.91797,151275.9531,0.521555781,0.509559751,0.518016815,1.103581429,4.9710145,3.833333254,3.599999905,2.5,24.551002,12.999871,41.115241,514.322788,40.824335,9.209207,31.615128,25.784083,22.457422,31.199476,18.126943,1286.5322,412.283941,5.018142,141.789426,1032.383962,31.134045,144.708767,35.433957,Temperate,70430466.68,50700348.63,35067131.01,27369228.36,26515597.7,23339661.78,2990.2112,3889.343,2227.44,1882.7871,1810.0876,1581.1671,1.637423,327.498498,6.41918425,0.476251677,0.512381166,0.440122266,0.405635058,0.377716855,0.351440913,5099614.0,195.979946,No dominant class,Vertisols,Basic volcanic rocks,23.0308,79.0156,Narmada,Madhya Pradesh,26453.0,25984.77539,1.77002461,1995,8,223,Monsoon
323.71,337.799855866686,-14.089855866686037,14.089855866686037,INDOFLOODS-gauge-526,323.71,0.162412694,25.70558117,86.42068406,97.31496873,97.76082735,98.33077158,99.05349669,103.5832084,130.2679253,187.7252979,6,472637.1563,255888.5313,25984.77539,791,285735.7813,1144848.375,1.847043157,0.318265617,0.002768292,7.7e-11,0.24913393,3.142029762,0.000382583,0.000160936,2.0177145,1.654105544,0.412838221,343,1.69e-08,0.000104737,2.71e-12,0.127300754,343,69.0,18.0,5.0,2.0,1991387.5,1038619.688,529238.8125,274154.5938,302551.9063,5805.794434,15052.45898,29402.15625,54830.91797,151275.9531,0.521555781,0.509559751,0.518016815,1.103581429,4.9710145,3.833333254,3.599999905,2.5,24.551002,12.999871,41.115241,514.322788,40.824335,9.209207,31.615128,25.784083,22.457422,31.199476,18.126943,1286.5322,412.283941,5.018142,141.789426,1032.383962,31.134045,144.708767,35.433957,Temperate,70430466.68,50700348.63,35067131.01,27369228.36,26515597.7,23339661.78,2990.2112,3889.343,2227.44,1882.7871,1810.0876,1581.1671,1.637423,327.498498,6.41918425,0.476251677,0.512381166,0.440122266,0.405635058,0.377716855,0.351440913,5099614.0,195.979946,No dominant class,Vertisols,Basic volcanic rocks,23.0308,79.0156,Narmada,Madhya Pradesh,26453.0,25984.77539,1.77002461,1987,9,261,Monsoon
323.75,337.799855866686,-14.049855866686016,14.049855866686016,INDOFLOODS-gauge-526,323.75,100.1506228,124.65955359999998,126.6904627,183.7016654,302.738063,334.8058205,344.8304978999999,358.0079316,373.9991683,377.2040225,6,472637.1563,255888.5313,25984.77539,791,285735.7813,1144848.375,1.847043157,0.318265617,0.002768292,7.7e-11,0.24913393,3.142029762,0.000382583,0.000160936,2.0177145,1.654105544,0.412838221,343,1.69e-08,0.000104737,2.71e-12,0.127300754,343,69.0,18.0,5.0,2.0,1991387.5,1038619.688,529238.8125,274154.5938,302551.9063,5805.794434,15052.45898,29402.15625,54830.91797,151275.9531,0.521555781,0.509559751,0.518016815,1.103581429,4.9710145,3.833333254,3.599999905,2.5,24.551002,12.999871,41.115241,514.322788,40.824335,9.209207,31.615128,25.784083,22.457422,31.199476,18.126943,1286.5322,412.283941,5.018142,141.789426,1032.383962,31.134045,144.708767,35.433957,Temperate,70430466.68,50700348.63,35067131.01,27369228.36,26515597.7,23339661.78,2990.2112,3889.343,2227.44,1882.7871,1810.0876,1581.1671,1.637423,327.498498,6.41918425,0.476251677,0.512381166,0.440122266,0.405635058,0.377716855,0.351440913,5099614.0,195.979946,No dominant class,Vertisols,Basic volcanic rocks,23.0308,79.0156,Narmada,Madhya Pradesh,26453.0,25984.77539,1.77002461,1994,8,217,Monsoon
323.8,337.799855866686,-13.999855866686003,13.999855866686003,INDOFLOODS-gauge-526,323.8,20.39027768,68.25092997,120.6339359,127.6749898,129.6305161,130.7032989,132.3607318,140.66446409999998,158.3931613,189.45677780000003,6,472637.1563,255888.5313,25984.77539,791,285735.7813,1144848.375,1.847043157,0.318265617,0.002768292,7.7e-11,0.24913393,3.142029762,0.000382583,0.000160936,2.0177145,1.654105544,0.412838221,343,1.69e-08,0.000104737,2.71e-12,0.127300754,343,69.0,18.0,5.0,2.0,1991387.5,1038619.688,529238.8125,274154.5938,302551.9063,5805.794434,15052.45898,29402.15625,54830.91797,151275.9531,0.521555781,0.509559751,0.518016815,1.103581429,4.9710145,3.833333254,3.599999905,2.5,24.551002,12.999871,41.115241,514.322788,40.824335,9.209207,31.615128,25.784083,22.457422,31.199476,18.126943,1286.5322,412.283941,5.018142,141.789426,1032.383962,31.134045,144.708767,35.433957,Temperate,70430466.68,50700348.63,35067131.01,27369228.36,26515597.7,23339661.78,2990.2112,3889.343,2227.44,1882.7871,1810.0876,1581.1671,1.637423,327.498498,6.41918425,0.476251677,0.512381166,0.440122266,0.405635058,0.377716855,0.351440913,5099614.0,195.979946,No dominant class,Vertisols,Basic volcanic rocks,23.0308,79.0156,Narmada,Madhya Pradesh,26453.0,25984.77539,1.77002461,2004,8,236,Monsoon
295.87,309.8264131962366,-13.95641319623661,13.95641319623661,INDOFLOODS-gauge-472,295.87,34.77320616,53.11819972,59.78338426,62.24709906,68.80444150000001,88.46603992,122.06426840000002,145.8148062,152.37629819999995,164.8271885,6,650388.9375,378736.5625,44652.65625,913,411680.4063,1664588.375,1.717259407,0.263467401,0.00221774,4.07e-11,0.202508584,3.795535803,0.000451163,0.000167508,2.237970829,1.579839468,0.390720576,581,1.68e-08,0.000100405,2.82e-12,0.152935132,581,126.0,31.0,9.0,3.0,3671381.5,1916652.625,965564.375,357243.875,345153.2813,6319.073242,15211.52832,31147.23828,39693.76563,115051.0938,0.522052169,0.503776431,0.369984537,0.966155887,4.611111164,4.064516068,3.444444418,3.0,24.964161,12.751767,41.11585,504.492075,41.046781,10.038858,31.007923,25.90896,24.431836,31.598482,18.730509,1267.92929,405.424048,4.618662,142.814047,1031.16188,27.087191,135.854057,34.012834,Tropical,62070252.02,44784344.93,31091858.92,24356314.02,23683134.33,20921424.15,2990.2112,3889.343,2227.44,1882.7871,1810.0876,1581.1671,1.487467,288.432099,5.58474887,0.474407538,0.510397127,0.438418027,0.40406436,0.376254261,0.350080065,8364153.0,186.969563,Cropland,Vertisols,Basic volcanic rocks,22.7561,77.7328,Narmada,Madhya Pradesh,44548.0,44652.65625,0.234929178,1978,8,228,Monsoon
295.89,309.8264131962366,-13.936413196236629,13.936413196236629,INDOFLOODS-gauge-472,295.89,49.0896017,94.7082436,138.10510159999998,159.5977012,194.6305502,209.0122422,221.5272281,226.7908593,235.2867256,246.01748340000003,6,650388.9375,378736.5625,44652.65625,913,411680.4063,1664588.375,1.717259407,0.263467401,0.00221774,4.07e-11,0.202508584,3.795535803,0.000451163,0.000167508,2.237970829,1.579839468,0.390720576,581,1.68e-08,0.000100405,2.82e-12,0.152935132,581,126.0,31.0,9.0,3.0,3671381.5,1916652.625,965564.375,357243.875,345153.2813,6319.073242,15211.52832,31147.23828,39693.76563,115051.0938,0.522052169,0.503776431,0.369984537,0.966155887,4.611111164,4.064516068,3.444444418,3.0,24.964161,12.751767,41.11585,504.492075,41.046781,10.038858,31.007923,25.90896,24.431836,31.598482,18.730509,1267.92929,405.424048,4.618662,142.814047,1031.16188,27.087191,135.854057,34.012834,Tropical,62070252.02,44784344.93,31091858.92,24356314.02,23683134.33,20921424.15,2990.2112,3889.343,2227.44,1882.7871,1810.0876,1581.1671,1.487467,288.432099,5.58474887,0.474407538,0.510397127,0.438418027,0.40406436,0.376254261,0.350080065,8364153.0,186.969563,Cropland,Vertisols,Basic volcanic rocks,22.7561,77.7328,Narmada,Madhya Pradesh,44548.0,44652.65625,0.234929178,1999,8,221,Monsoon
295.89,309.8264131962366,-13.936413196236629,13.936413196236629,INDOFLOODS-gauge-472,295.89,36.93429149,49.784013,57.44574529,65.90492174,79.16898422,88.63310428,88.97309776,91.08585095,115.3651956,150.1384017,6,650388.9375,378736.5625,44652.65625,913,411680.4063,1664588.375,1.717259407,0.263467401,0.00221774,4.07e-11,0.202508584,3.795535803,0.000451163,0.000167508,2.237970829,1.579839468,0.390720576,581,1.68e-08,0.000100405,2.82e-12,0.152935132,581,126.0,31.0,9.0,3.0,3671381.5,1916652.625,965564.375,357243.875,345153.2813,6319.073242,15211.52832,31147.23828,39693.76563,115051.0938,0.522052169,0.503776431,0.369984537,0.966155887,4.611111164,4.064516068,3.444444418,3.0,24.964161,12.751767,41.11585,504.492075,41.046781,10.038858,31.007923,25.90896,24.431836,31.598482,18.730509,1267.92929,405.424048,4.618662,142.814047,1031.16188,27.087191,135.854057,34.012834,Tropical,62070252.02,44784344.93,31091858.92,24356314.02,23683134.33,20921424.15,2990.2112,3889.343,2227.44,1882.7871,1810.0876,1581.1671,1.487467,288.432099,5.58474887,0.474407538,0.510397127,0.438418027,0.40406436,0.376254261,0.350080065,8364153.0,186.969563,Cropland,Vertisols,Basic volcanic rocks,22.7561,77.7328,Narmada,Madhya Pradesh,44548.0,44652.65625,0.234929178,1978,8,237,Monsoon
295.9,309.8264131962366,-13.926413196236638,13.926413196236638,INDOFLOODS-gauge-472,295.9,42.65032625,82.25248847,109.1168764,122.9781261,131.7980703,147.6233866,153.9010726,163.0135796,175.808758,199.9201937,6,650388.9375,378736.5625,44652.65625,913,411680.4063,1664588.375,1.717259407,0.263467401,0.00221774,4.07e-11,0.202508584,3.795535803,0.000451163,0.000167508,2.237970829,1.579839468,0.390720576,581,1.68e-08,0.000100405,2.82e-12,0.152935132,581,126.0,31.0,9.0,3.0,3671381.5,1916652.625,965564.375,357243.875,345153.2813,6319.073242,15211.52832,31147.23828,39693.76563,115051.0938,0.522052169,0.503776431,0.369984537,0.966155887,4.611111164,4.064516068,3.444444418,3.0,24.964161,12.751767,41.11585,504.492075,41.046781,10.038858,31.007923,25.90896,24.431836,31.598482,18.730509,1267.92929,405.424048,4.618662,142.814047,1031.16188,27.087191,135.854057,34.012834,Tropical,62070252.02,44784344.93,31091858.92,24356314.02,23683134.33,20921424.15,2990.2112,3889.343,2227.44,1882.7871,1810.0876,1581.1671,1.487467,288.432099,5.58474887,0.474407538,0.510397127,0.438418027,0.40406436,0.376254261,0.350080065,8364153.0,186.969563,Cropland,Vertisols,Basic volcanic rocks,22.7561,77.7328,Narmada,Madhya Pradesh,44548.0,44652.65625,0.234929178,1986,8,227,Monsoon
42.2,28.293345632833905,13.906654367166098,13.906654367166098,INDOFLOODS-gauge-1085,42.2,16.83592375,26.6332659,33.16240847,38.00233015,39.30656523,39.53704319,39.59799418,39.86823247,39.87194609,39.88214654,5,463678.7188,330162.8125,21904.48242,1204,341410.3438,1098149.25,1.40439415,0.18792288,0.003526548,7.02e-11,0.228254899,5.321331978,0.000363339,0.000161826,2.107978106,1.358127356,0.422236532,315,1.82e-08,0.000112562,2.95e-12,0.1948383,315,67.0,13.0,3.0,1.0,1756620.375,817386.5,396399.9375,274903.0313,299401.1875,5576.572754,12199.79883,30492.30273,91634.34375,299401.1875,0.465317667,0.484960228,0.693499207,1.08911562,4.70149231,5.153846264,4.333333492,3.0,25.324364,11.317986,40.461182,493.632095,38.792319,10.797642,27.994677,27.586145,18.959131,31.029907,18.706263,1213.55461,306.451879,3.037624,115.792655,829.954574,26.053865,236.935106,34.614645,Tropical,193803869.7,139464558.5,95072538.82,76975155.1,55169759.77,46898096.51,2346.516734,3052.095218,1713.25437,1511.417903,1239.699602,1215.136213,7.762763,433.032258,42.26073014,0.508558694,0.547139028,0.469978406,0.433151714,0.403339676,0.375281258,15777280.0,722.63754,Cropland,Luvisols,Metamorphics,22.8381,87.9031,Ganga - Brahmaputra -Meghna/Barak,West Bengal,21310.0,21904.48242,2.789687565,2012,6,173,Monsoon
295.96,309.8264131962366,-13.866413196236635,13.866413196236635,INDOFLOODS-gauge-472,295.96,45.37959664,87.85756534,110.6891246,133.30119309999998,141.3832963,142.59639199999995,154.84878930000005,236.232499,285.3145927,300.0838069,6,650388.9375,378736.5625,44652.65625,913,411680.4063,1664588.375,1.717259407,0.263467401,0.00221774,4.07e-11,0.202508584,3.795535803,0.000451163,0.000167508,2.237970829,1.579839468,0.390720576,581,1.68e-08,0.000100405,2.82e-12,0.152935132,581,126.0,31.0,9.0,3.0,3671381.5,1916652.625,965564.375,357243.875,345153.2813,6319.073242,15211.52832,31147.23828,39693.76563,115051.0938,0.522052169,0.503776431,0.369984537,0.966155887,4.611111164,4.064516068,3.444444418,3.0,24.964161,12.751767,41.11585,504.492075,41.046781,10.038858,31.007923,25.90896,24.431836,31.598482,18.730509,1267.92929,405.424048,4.618662,142.814047,1031.16188,27.087191,135.854057,34.012834,Tropical,62070252.02,44784344.93,31091858.92,24356314.02,23683134.33,20921424.15,2990.2112,3889.343,2227.44,1882.7871,1810.0876,1581.1671,1.487467,288.432099,5.58474887,0.474407538,0.510397127,0.438418027,0.40406436,0.376254261,0.350080065,8364153.0,186.969563,Cropland,Vertisols,Basic volcanic rocks,22.7561,77.7328,Narmada,Madhya Pradesh,44548.0,44652.65625,0.234929178,1973,9,249,Monsoon
296.05,309.8264131962366,-13.776413196236604,13.776413196236604,INDOFLOODS-gauge-472,296.05,40.46016883,88.96772337,119.4845098,174.5081157,194.8362321,203.3140541,206.9975458,209.312287,224.6703147,262.6626646,6,650388.9375,378736.5625,44652.65625,913,411680.4063,1664588.375,1.717259407,0.263467401,0.00221774,4.07e-11,0.202508584,3.795535803,0.000451163,0.000167508,2.237970829,1.579839468,0.390720576,581,1.68e-08,0.000100405,2.82e-12,0.152935132,581,126.0,31.0,9.0,3.0,3671381.5,1916652.625,965564.375,357243.875,345153.2813,6319.073242,15211.52832,31147.23828,39693.76563,115051.0938,0.522052169,0.503776431,0.369984537,0.966155887,4.611111164,4.064516068,3.444444418,3.0,24.964161,12.751767,41.11585,504.492075,41.046781,10.038858,31.007923,25.90896,24.431836,31.598482,18.730509,1267.92929,405.424048,4.618662,142.814047,1031.16188,27.087191,135.854057,34.012834,Tropical,62070252.02,44784344.93,31091858.92,24356314.02,23683134.33,20921424.15,2990.2112,3889.343,2227.44,1882.7871,1810.0876,1581.1671,1.487467,288.432099,5.58474887,0.474407538,0.510397127,0.438418027,0.40406436,0.376254261,0.350080065,8364153.0,186.969563,Cropland,Vertisols,Basic volcanic rocks,22.7561,77.7328,Narmada,Madhya Pradesh,44548.0,44652.65625,0.234929178,1977,8,220,Monsoon
324.03,337.799855866686,-13.769855866686044,13.769855866686044,INDOFLOODS-gauge-526,324.03,24.90049289,50.60229871,67.0055868,81.94405839,106.36558390000002,120.3303513,124.5781839,127.8722365,144.093839,174.54663290000005,6,472637.1563,255888.5313,25984.77539,791,285735.7813,1144848.375,1.847043157,0.318265617,0.002768292,7.7e-11,0.24913393,3.142029762,0.000382583,0.000160936,2.0177145,1.654105544,0.412838221,343,1.69e-08,0.000104737,2.71e-12,0.127300754,343,69.0,18.0,5.0,2.0,1991387.5,1038619.688,529238.8125,274154.5938,302551.9063,5805.794434,15052.45898,29402.15625,54830.91797,151275.9531,0.521555781,0.509559751,0.518016815,1.103581429,4.9710145,3.833333254,3.599999905,2.5,24.551002,12.999871,41.115241,514.322788,40.824335,9.209207,31.615128,25.784083,22.457422,31.199476,18.126943,1286.5322,412.283941,5.018142,141.789426,1032.383962,31.134045,144.708767,35.433957,Temperate,70430466.68,50700348.63,35067131.01,27369228.36,26515597.7,23339661.78,2990.2112,3889.343,2227.44,1882.7871,1810.0876,1581.1671,1.637423,327.498498,6.41918425,0.476251677,0.512381166,0.440122266,0.405635058,0.377716855,0.351440913,5099614.0,195.979946,No dominant class,Vertisols,Basic volcanic rocks,23.0308,79.0156,Narmada,Madhya Pradesh,26453.0,25984.77539,1.77002461,1988,8,218,Monsoon
296.16,309.8264131962366,-13.66641319623659,13.66641319623659,INDOFLOODS-gauge-472,296.16,38.13720376,69.87435308,77.59651214,93.02783358,111.4309082,137.0223072,186.5497445,288.89494269999994,325.3905959,342.0644141,6,650388.9375,378736.5625,44652.65625,913,411680.4063,1664588.375,1.717259407,0.263467401,0.00221774,4.07e-11,0.202508584,3.795535803,0.000451163,0.000167508,2.237970829,1.579839468,0.390720576,581,1.68e-08,0.000100405,2.82e-12,0.152935132,581,126.0,31.0,9.0,3.0,3671381.5,1916652.625,965564.375,357243.875,345153.2813,6319.073242,15211.52832,31147.23828,39693.76563,115051.0938,0.522052169,0.503776431,0.369984537,0.966155887,4.611111164,4.064516068,3.444444418,3.0,24.964161,12.751767,41.11585,504.492075,41.046781,10.038858,31.007923,25.90896,24.431836,31.598482,18.730509,1267.92929,405.424048,4.618662,142.814047,1031.16188,27.087191,135.854057,34.012834,Tropical,62070252.02,44784344.93,31091858.92,24356314.02,23683134.33,20921424.15,2990.2112,3889.343,2227.44,1882.7871,1810.0876,1581.1671,1.487467,288.432099,5.58474887,0.474407538,0.510397127,0.438418027,0.40406436,0.376254261,0.350080065,8364153.0,186.969563,Cropland,Vertisols,Basic volcanic rocks,22.7561,77.7328,Narmada,Madhya Pradesh,44548.0,44652.65625,0.234929178,1994,7,199,Monsoon
296.2,309.8264131962366,-13.626413196236626,13.626413196236626,INDOFLOODS-gauge-472,296.2,71.44196955,124.70464409999998,163.7601321,185.0738515,215.2685906,232.6591328,258.8317525,275.7093477,295.1403878,301.4684741000001,6,650388.9375,378736.5625,44652.65625,913,411680.4063,1664588.375,1.717259407,0.263467401,0.00221774,4.07e-11,0.202508584,3.795535803,0.000451163,0.000167508,2.237970829,1.579839468,0.390720576,581,1.68e-08,0.000100405,2.82e-12,0.152935132,581,126.0,31.0,9.0,3.0,3671381.5,1916652.625,965564.375,357243.875,345153.2813,6319.073242,15211.52832,31147.23828,39693.76563,115051.0938,0.522052169,0.503776431,0.369984537,0.966155887,4.611111164,4.064516068,3.444444418,3.0,24.964161,12.751767,41.11585,504.492075,41.046781,10.038858,31.007923,25.90896,24.431836,31.598482,18.730509,1267.92929,405.424048,4.618662,142.814047,1031.16188,27.087191,135.854057,34.012834,Tropical,62070252.02,44784344.93,31091858.92,24356314.02,23683134.33,20921424.15,2990.2112,3889.343,2227.44,1882.7871,1810.0876,1581.1671,1.487467,288.432099,5.58474887,0.474407538,0.510397127,0.438418027,0.40406436,0.376254261,0.350080065,8364153.0,186.969563,Cropland,Vertisols,Basic volcanic rocks,22.7561,77.7328,Narmada,Madhya Pradesh,44548.0,44652.65625,0.234929178,1983,9,252,Monsoon
296.25,309.8264131962366,-13.576413196236617,13.576413196236617,INDOFLOODS-gauge-472,296.25,38.01132806,53.05153317,77.54311376,99.80641127,119.3177715,129.0413747,134.4376694,174.3564553,204.8929973,213.4195939,6,650388.9375,378736.5625,44652.65625,913,411680.4063,1664588.375,1.717259407,0.263467401,0.00221774,4.07e-11,0.202508584,3.795535803,0.000451163,0.000167508,2.237970829,1.579839468,0.390720576,581,1.68e-08,0.000100405,2.82e-12,0.152935132,581,126.0,31.0,9.0,3.0,3671381.5,1916652.625,965564.375,357243.875,345153.2813,6319.073242,15211.52832,31147.23828,39693.76563,115051.0938,0.522052169,0.503776431,0.369984537,0.966155887,4.611111164,4.064516068,3.444444418,3.0,24.964161,12.751767,41.11585,504.492075,41.046781,10.038858,31.007923,25.90896,24.431836,31.598482,18.730509,1267.92929,405.424048,4.618662,142.814047,1031.16188,27.087191,135.854057,34.012834,Tropical,62070252.02,44784344.93,31091858.92,24356314.02,23683134.33,20921424.15,2990.2112,3889.343,2227.44,1882.7871,1810.0876,1581.1671,1.487467,288.432099,5.58474887,0.474407538,0.510397127,0.438418027,0.40406436,0.376254261,0.350080065,8364153.0,186.969563,Cropland,Vertisols,Basic volcanic rocks,22.7561,77.7328,Narmada,Madhya Pradesh,44548.0,44652.65625,0.234929178,1986,7,203,Monsoon
324.28,337.799855866686,-13.519855866686044,13.519855866686044,INDOFLOODS-gauge-526,324.28,71.36748748,146.035745,161.0825738,190.2168876,210.2371675,218.0103719,219.3890626,219.6394012,219.6763513,219.8666995,6,472637.1563,255888.5313,25984.77539,791,285735.7813,1144848.375,1.847043157,0.318265617,0.002768292,7.7e-11,0.24913393,3.142029762,0.000382583,0.000160936,2.0177145,1.654105544,0.412838221,343,1.69e-08,0.000104737,2.71e-12,0.127300754,343,69.0,18.0,5.0,2.0,1991387.5,1038619.688,529238.8125,274154.5938,302551.9063,5805.794434,15052.45898,29402.15625,54830.91797,151275.9531,0.521555781,0.509559751,0.518016815,1.103581429,4.9710145,3.833333254,3.599999905,2.5,24.551002,12.999871,41.115241,514.322788,40.824335,9.209207,31.615128,25.784083,22.457422,31.199476,18.126943,1286.5322,412.283941,5.018142,141.789426,1032.383962,31.134045,144.708767,35.433957,Temperate,70430466.68,50700348.63,35067131.01,27369228.36,26515597.7,23339661.78,2990.2112,3889.343,2227.44,1882.7871,1810.0876,1581.1671,1.637423,327.498498,6.41918425,0.476251677,0.512381166,0.440122266,0.405635058,0.377716855,0.351440913,5099614.0,195.979946,No dominant class,Vertisols,Basic volcanic rocks,23.0308,79.0156,Narmada,Madhya Pradesh,26453.0,25984.77539,1.77002461,1977,6,178,Monsoon
14.8,28.293345632833905,-13.493345632833904,13.493345632833904,INDOFLOODS-gauge-1085,14.8,9.479007905,20.47001792,33.24262358,53.86270714,65.86866033,76.78474451,78.65302368,79.35547272,81.18479495,81.57782382,5,463678.7188,330162.8125,21904.48242,1204,341410.3438,1098149.25,1.40439415,0.18792288,0.003526548,7.02e-11,0.228254899,5.321331978,0.000363339,0.000161826,2.107978106,1.358127356,0.422236532,315,1.82e-08,0.000112562,2.95e-12,0.1948383,315,67.0,13.0,3.0,1.0,1756620.375,817386.5,396399.9375,274903.0313,299401.1875,5576.572754,12199.79883,30492.30273,91634.34375,299401.1875,0.465317667,0.484960228,0.693499207,1.08911562,4.70149231,5.153846264,4.333333492,3.0,25.324364,11.317986,40.461182,493.632095,38.792319,10.797642,27.994677,27.586145,18.959131,31.029907,18.706263,1213.55461,306.451879,3.037624,115.792655,829.954574,26.053865,236.935106,34.614645,Tropical,193803869.7,139464558.5,95072538.82,76975155.1,55169759.77,46898096.51,2346.516734,3052.095218,1713.25437,1511.417903,1239.699602,1215.136213,7.762763,433.032258,42.26073014,0.508558694,0.547139028,0.469978406,0.433151714,0.403339676,0.375281258,15777280.0,722.63754,Cropland,Luvisols,Metamorphics,22.8381,87.9031,Ganga - Brahmaputra -Meghna/Barak,West Bengal,21310.0,21904.48242,2.789687565,2012,7,192,Monsoon
296.4,309.8264131962366,-13.426413196236638,13.426413196236638,INDOFLOODS-gauge-472,296.4,65.22125543,108.64579840000002,117.4743405,124.5132148,139.5505332,166.9191227,182.9287958,187.9446258,191.3856234,202.9301997,6,650388.9375,378736.5625,44652.65625,913,411680.4063,1664588.375,1.717259407,0.263467401,0.00221774,4.07e-11,0.202508584,3.795535803,0.000451163,0.000167508,2.237970829,1.579839468,0.390720576,581,1.68e-08,0.000100405,2.82e-12,0.152935132,581,126.0,31.0,9.0,3.0,3671381.5,1916652.625,965564.375,357243.875,345153.2813,6319.073242,15211.52832,31147.23828,39693.76563,115051.0938,0.522052169,0.503776431,0.369984537,0.966155887,4.611111164,4.064516068,3.444444418,3.0,24.964161,12.751767,41.11585,504.492075,41.046781,10.038858,31.007923,25.90896,24.431836,31.598482,18.730509,1267.92929,405.424048,4.618662,142.814047,1031.16188,27.087191,135.854057,34.012834,Tropical,62070252.02,44784344.93,31091858.92,24356314.02,23683134.33,20921424.15,2990.2112,3889.343,2227.44,1882.7871,1810.0876,1581.1671,1.487467,288.432099,5.58474887,0.474407538,0.510397127,0.438418027,0.40406436,0.376254261,0.350080065,8364153.0,186.969563,Cropland,Vertisols,Basic volcanic rocks,22.7561,77.7328,Narmada,Madhya Pradesh,44548.0,44652.65625,0.234929178,1980,8,242,Monsoon
296.4,309.8264131962366,-13.426413196236638,13.426413196236638,INDOFLOODS-gauge-472,296.4,69.2106801,79.91461094,82.41602990000001,97.19398982,140.10978169999998,166.58480490000005,189.0713126,208.2543797,225.5569904,241.0951073,6,650388.9375,378736.5625,44652.65625,913,411680.4063,1664588.375,1.717259407,0.263467401,0.00221774,4.07e-11,0.202508584,3.795535803,0.000451163,0.000167508,2.237970829,1.579839468,0.390720576,581,1.68e-08,0.000100405,2.82e-12,0.152935132,581,126.0,31.0,9.0,3.0,3671381.5,1916652.625,965564.375,357243.875,345153.2813,6319.073242,15211.52832,31147.23828,39693.76563,115051.0938,0.522052169,0.503776431,0.369984537,0.966155887,4.611111164,4.064516068,3.444444418,3.0,24.964161,12.751767,41.11585,504.492075,41.046781,10.038858,31.007923,25.90896,24.431836,31.598482,18.730509,1267.92929,405.424048,4.618662,142.814047,1031.16188,27.087191,135.854057,34.012834,Tropical,62070252.02,44784344.93,31091858.92,24356314.02,23683134.33,20921424.15,2990.2112,3889.343,2227.44,1882.7871,1810.0876,1581.1671,1.487467,288.432099,5.58474887,0.474407538,0.510397127,0.438418027,0.40406436,0.376254261,0.350080065,8364153.0,186.969563,Cropland,Vertisols,Basic volcanic rocks,22.7561,77.7328,Narmada,Madhya Pradesh,44548.0,44652.65625,0.234929178,1991,8,236,Monsoon
10.88,-2.3908489775105397,13.27084897751054,13.27084897751054,INDOFLOODS-gauge-429,10.88,38.444904,102.9475296,141.76775940000005,167.1786217,190.5723583,196.9065549,204.7527949,213.7684331,229.10801060000003,234.0987819,3,71464.60938,57389.75391,813.0768433,1737,59878.34375,179882.2656,1.245250344,0.226773366,0.029008819,2.08e-09,0.31576556,4.40968895,8.34e-05,0.000140846,1.792230129,1.193496704,0.397285461,12,1.84e-08,0.000130983,2.6e-12,0.244649813,12,2.0,1.0,,,39029.13281,26071.5332,49418.10547,,,3252.427734,13035.7666,49418.10547,,,0.668001831,1.895481348,,,6.0,2.0,,,25.9632,7.673909,66.263042,103.314341,31.850515,20.265773,11.584742,25.615808,25.580189,27.495567,24.874742,2200.758763,381.073196,31.23299,61.751439,957.151546,144.071134,405.985567,331.583505,Tropical,243670159.1,178374575.0,122525667.4,80005322.33,51122901.3,36064275.01,6329.4634,8232.682,4635.839,3245.9465,2198.1104,1649.214,3.822601,412.777778,23.02158273,0.9958371,1.0,0.9202909,0.8481785,0.7898019,0.7348591,320795.9252,389.294534,No dominant class,Acrisols,Acid plutonic rocks,9.22,76.71,West Flowing Rivers From Tadri to Kanyakumari,Kerala,810.0,813.0768433,0.3798571979999999,1995,5,129,Pre-Monsoon
9.13,-4.050841132092304,13.180841132092304,13.180841132092304,INDOFLOODS-gauge-429,9.13,15.06035681,20.16584138,24.89704365,35.06149782,46.37691082,46.69420848,46.71816067,47.1713122,50.7949515,69.06056764,3,71464.60938,57389.75391,813.0768433,1737,59878.34375,179882.2656,1.245250344,0.226773366,0.029008819,2.08e-09,0.31576556,4.40968895,8.34e-05,0.000140846,1.792230129,1.193496704,0.397285461,12,1.84e-08,0.000130983,2.6e-12,0.244649813,12,2.0,1.0,,,39029.13281,26071.5332,49418.10547,,,3252.427734,13035.7666,49418.10547,,,0.668001831,1.895481348,,,6.0,2.0,,,25.9632,7.673909,66.263042,103.314341,31.850515,20.265773,11.584742,25.615808,25.580189,27.495567,24.874742,2200.758763,381.073196,31.23299,61.751439,957.151546,144.071134,405.985567,331.583505,Tropical,243670159.1,178374575.0,122525667.4,80005322.33,51122901.3,36064275.01,6329.4634,8232.682,4635.839,3245.9465,2198.1104,1649.214,3.822601,412.777778,23.02158273,0.9958371,1.0,0.9202909,0.8481785,0.7898019,0.7348591,320795.9252,389.294534,No dominant class,Acrisols,Acid plutonic rocks,9.22,76.71,West Flowing Rivers From Tadri to Kanyakumari,Kerala,810.0,813.0768433,0.3798571979999999,1979,5,133,Pre-Monsoon
296.89,309.8264131962366,-12.936413196236629,12.936413196236629,INDOFLOODS-gauge-472,296.89,71.43896429,223.3842475,239.8720153,241.1432627,265.6071951,295.3969464,306.4021943,329.5779935,364.266837,378.1268222,6,650388.9375,378736.5625,44652.65625,913,411680.4063,1664588.375,1.717259407,0.263467401,0.00221774,4.07e-11,0.202508584,3.795535803,0.000451163,0.000167508,2.237970829,1.579839468,0.390720576,581,1.68e-08,0.000100405,2.82e-12,0.152935132,581,126.0,31.0,9.0,3.0,3671381.5,1916652.625,965564.375,357243.875,345153.2813,6319.073242,15211.52832,31147.23828,39693.76563,115051.0938,0.522052169,0.503776431,0.369984537,0.966155887,4.611111164,4.064516068,3.444444418,3.0,24.964161,12.751767,41.11585,504.492075,41.046781,10.038858,31.007923,25.90896,24.431836,31.598482,18.730509,1267.92929,405.424048,4.618662,142.814047,1031.16188,27.087191,135.854057,34.012834,Tropical,62070252.02,44784344.93,31091858.92,24356314.02,23683134.33,20921424.15,2990.2112,3889.343,2227.44,1882.7871,1810.0876,1581.1671,1.487467,288.432099,5.58474887,0.474407538,0.510397127,0.438418027,0.40406436,0.376254261,0.350080065,8364153.0,186.969563,Cropland,Vertisols,Basic volcanic rocks,22.7561,77.7328,Narmada,Madhya Pradesh,44548.0,44652.65625,0.234929178,2009,9,253,Monsoon
325.02,337.799855866686,-12.779855866686034,12.779855866686034,INDOFLOODS-gauge-526,325.02,40.16723094,55.34332179,58.00426059,60.03663436,60.42478884,65.99475467,109.7588753,164.3996975,178.9493051,195.132904,6,472637.1563,255888.5313,25984.77539,791,285735.7813,1144848.375,1.847043157,0.318265617,0.002768292,7.7e-11,0.24913393,3.142029762,0.000382583,0.000160936,2.0177145,1.654105544,0.412838221,343,1.69e-08,0.000104737,2.71e-12,0.127300754,343,69.0,18.0,5.0,2.0,1991387.5,1038619.688,529238.8125,274154.5938,302551.9063,5805.794434,15052.45898,29402.15625,54830.91797,151275.9531,0.521555781,0.509559751,0.518016815,1.103581429,4.9710145,3.833333254,3.599999905,2.5,24.551002,12.999871,41.115241,514.322788,40.824335,9.209207,31.615128,25.784083,22.457422,31.199476,18.126943,1286.5322,412.283941,5.018142,141.789426,1032.383962,31.134045,144.708767,35.433957,Temperate,70430466.68,50700348.63,35067131.01,27369228.36,26515597.7,23339661.78,2990.2112,3889.343,2227.44,1882.7871,1810.0876,1581.1671,1.637423,327.498498,6.41918425,0.476251677,0.512381166,0.440122266,0.405635058,0.377716855,0.351440913,5099614.0,195.979946,No dominant class,Vertisols,Basic volcanic rocks,23.0308,79.0156,Narmada,Madhya Pradesh,26453.0,25984.77539,1.77002461,1973,9,248,Monsoon
15.8,28.293345632833905,-12.493345632833904,12.493345632833904,INDOFLOODS-gauge-1085,15.8,5.827482838,23.45153691,47.50498429,62.20784738,72.77999167,89.56765507,109.3841661,131.1978623,141.80788930000003,154.80298080000003,5,463678.7188,330162.8125,21904.48242,1204,341410.3438,1098149.25,1.40439415,0.18792288,0.003526548,7.02e-11,0.228254899,5.321331978,0.000363339,0.000161826,2.107978106,1.358127356,0.422236532,315,1.82e-08,0.000112562,2.95e-12,0.1948383,315,67.0,13.0,3.0,1.0,1756620.375,817386.5,396399.9375,274903.0313,299401.1875,5576.572754,12199.79883,30492.30273,91634.34375,299401.1875,0.465317667,0.484960228,0.693499207,1.08911562,4.70149231,5.153846264,4.333333492,3.0,25.324364,11.317986,40.461182,493.632095,38.792319,10.797642,27.994677,27.586145,18.959131,31.029907,18.706263,1213.55461,306.451879,3.037624,115.792655,829.954574,26.053865,236.935106,34.614645,Tropical,193803869.7,139464558.5,95072538.82,76975155.1,55169759.77,46898096.51,2346.516734,3052.095218,1713.25437,1511.417903,1239.699602,1215.136213,7.762763,433.032258,42.26073014,0.508558694,0.547139028,0.469978406,0.433151714,0.403339676,0.375281258,15777280.0,722.63754,Cropland,Luvisols,Metamorphics,22.8381,87.9031,Ganga - Brahmaputra -Meghna/Barak,West Bengal,21310.0,21904.48242,2.789687565,2012,7,204,Monsoon
15.8,28.293345632833905,-12.493345632833904,12.493345632833904,INDOFLOODS-gauge-1085,15.8,5.753161668,18.5742311,22.5369967,26.37475328,28.61552491,34.44300775,52.06706182,76.1205092,90.82337229,101.3955166,5,463678.7188,330162.8125,21904.48242,1204,341410.3438,1098149.25,1.40439415,0.18792288,0.003526548,7.02e-11,0.228254899,5.321331978,0.000363339,0.000161826,2.107978106,1.358127356,0.422236532,315,1.82e-08,0.000112562,2.95e-12,0.1948383,315,67.0,13.0,3.0,1.0,1756620.375,817386.5,396399.9375,274903.0313,299401.1875,5576.572754,12199.79883,30492.30273,91634.34375,299401.1875,0.465317667,0.484960228,0.693499207,1.08911562,4.70149231,5.153846264,4.333333492,3.0,25.324364,11.317986,40.461182,493.632095,38.792319,10.797642,27.994677,27.586145,18.959131,31.029907,18.706263,1213.55461,306.451879,3.037624,115.792655,829.954574,26.053865,236.935106,34.614645,Tropical,193803869.7,139464558.5,95072538.82,76975155.1,55169759.77,46898096.51,2346.516734,3052.095218,1713.25437,1511.417903,1239.699602,1215.136213,7.762763,433.032258,42.26073014,0.508558694,0.547139028,0.469978406,0.433151714,0.403339676,0.375281258,15777280.0,722.63754,Cropland,Luvisols,Metamorphics,22.8381,87.9031,Ganga - Brahmaputra -Meghna/Barak,West Bengal,21310.0,21904.48242,2.789687565,2012,7,209,Monsoon
15.8,28.293345632833905,-12.493345632833904,12.493345632833904,INDOFLOODS-gauge-1085,15.8,17.302917899999994,43.06973185,66.99877656,87.85279245,107.1378217,120.5078747,129.6498278,136.81482680000002,153.84008899999995,169.6234251,5,463678.7188,330162.8125,21904.48242,1204,341410.3438,1098149.25,1.40439415,0.18792288,0.003526548,7.02e-11,0.228254899,5.321331978,0.000363339,0.000161826,2.107978106,1.358127356,0.422236532,315,1.82e-08,0.000112562,2.95e-12,0.1948383,315,67.0,13.0,3.0,1.0,1756620.375,817386.5,396399.9375,274903.0313,299401.1875,5576.572754,12199.79883,30492.30273,91634.34375,299401.1875,0.465317667,0.484960228,0.693499207,1.08911562,4.70149231,5.153846264,4.333333492,3.0,25.324364,11.317986,40.461182,493.632095,38.792319,10.797642,27.994677,27.586145,18.959131,31.029907,18.706263,1213.55461,306.451879,3.037624,115.792655,829.954574,26.053865,236.935106,34.614645,Tropical,193803869.7,139464558.5,95072538.82,76975155.1,55169759.77,46898096.51,2346.516734,3052.095218,1713.25437,1511.417903,1239.699602,1215.136213,7.762763,433.032258,42.26073014,0.508558694,0.547139028,0.469978406,0.433151714,0.403339676,0.375281258,15777280.0,722.63754,Cropland,Luvisols,Metamorphics,22.8381,87.9031,Ganga - Brahmaputra -Meghna/Barak,West Bengal,21310.0,21904.48242,2.789687565,2012,9,262,Monsoon
325.63,337.799855866686,-12.16985586668602,12.16985586668602,INDOFLOODS-gauge-526,325.63,94.03092536,149.49999609999998,176.81872769999995,198.7912556,203.2834885,222.9760887,238.7182211,255.3491875,271.7009378,274.4948509,6,472637.1563,255888.5313,25984.77539,791,285735.7813,1144848.375,1.847043157,0.318265617,0.002768292,7.7e-11,0.24913393,3.142029762,0.000382583,0.000160936,2.0177145,1.654105544,0.412838221,343,1.69e-08,0.000104737,2.71e-12,0.127300754,343,69.0,18.0,5.0,2.0,1991387.5,1038619.688,529238.8125,274154.5938,302551.9063,5805.794434,15052.45898,29402.15625,54830.91797,151275.9531,0.521555781,0.509559751,0.518016815,1.103581429,4.9710145,3.833333254,3.599999905,2.5,24.551002,12.999871,41.115241,514.322788,40.824335,9.209207,31.615128,25.784083,22.457422,31.199476,18.126943,1286.5322,412.283941,5.018142,141.789426,1032.383962,31.134045,144.708767,35.433957,Temperate,70430466.68,50700348.63,35067131.01,27369228.36,26515597.7,23339661.78,2990.2112,3889.343,2227.44,1882.7871,1810.0876,1581.1671,1.637423,327.498498,6.41918425,0.476251677,0.512381166,0.440122266,0.405635058,0.377716855,0.351440913,5099614.0,195.979946,No dominant class,Vertisols,Basic volcanic rocks,23.0308,79.0156,Narmada,Madhya Pradesh,26453.0,25984.77539,1.77002461,1983,9,252,Monsoon
298.14,309.8264131962366,-11.686413196236629,11.686413196236629,INDOFLOODS-gauge-472,298.14,68.79861681,81.18932814,88.29432769,124.7495787,157.4648487,174.15060649999995,193.8252412,230.6399706,303.4545628,348.282074,6,650388.9375,378736.5625,44652.65625,913,411680.4063,1664588.375,1.717259407,0.263467401,0.00221774,4.07e-11,0.202508584,3.795535803,0.000451163,0.000167508,2.237970829,1.579839468,0.390720576,581,1.68e-08,0.000100405,2.82e-12,0.152935132,581,126.0,31.0,9.0,3.0,3671381.5,1916652.625,965564.375,357243.875,345153.2813,6319.073242,15211.52832,31147.23828,39693.76563,115051.0938,0.522052169,0.503776431,0.369984537,0.966155887,4.611111164,4.064516068,3.444444418,3.0,24.964161,12.751767,41.11585,504.492075,41.046781,10.038858,31.007923,25.90896,24.431836,31.598482,18.730509,1267.92929,405.424048,4.618662,142.814047,1031.16188,27.087191,135.854057,34.012834,Tropical,62070252.02,44784344.93,31091858.92,24356314.02,23683134.33,20921424.15,2990.2112,3889.343,2227.44,1882.7871,1810.0876,1581.1671,1.487467,288.432099,5.58474887,0.474407538,0.510397127,0.438418027,0.40406436,0.376254261,0.350080065,8364153.0,186.969563,Cropland,Vertisols,Basic volcanic rocks,22.7561,77.7328,Narmada,Madhya Pradesh,44548.0,44652.65625,0.234929178,1973,7,203,Monsoon
17.0,28.293345632833905,-11.293345632833905,11.293345632833905,INDOFLOODS-gauge-1085,17.0,12.3388899,16.87234616,18.35040151,20.84759121,35.69736414,66.78239629,77.26092732,97.9983307,135.97957730000002,157.71876369999995,5,463678.7188,330162.8125,21904.48242,1204,341410.3438,1098149.25,1.40439415,0.18792288,0.003526548,7.02e-11,0.228254899,5.321331978,0.000363339,0.000161826,2.107978106,1.358127356,0.422236532,315,1.82e-08,0.000112562,2.95e-12,0.1948383,315,67.0,13.0,3.0,1.0,1756620.375,817386.5,396399.9375,274903.0313,299401.1875,5576.572754,12199.79883,30492.30273,91634.34375,299401.1875,0.465317667,0.484960228,0.693499207,1.08911562,4.70149231,5.153846264,4.333333492,3.0,25.324364,11.317986,40.461182,493.632095,38.792319,10.797642,27.994677,27.586145,18.959131,31.029907,18.706263,1213.55461,306.451879,3.037624,115.792655,829.954574,26.053865,236.935106,34.614645,Tropical,193803869.7,139464558.5,95072538.82,76975155.1,55169759.77,46898096.51,2346.516734,3052.095218,1713.25437,1511.417903,1239.699602,1215.136213,7.762763,433.032258,42.26073014,0.508558694,0.547139028,0.469978406,0.433151714,0.403339676,0.375281258,15777280.0,722.63754,Cropland,Luvisols,Metamorphics,22.8381,87.9031,Ganga - Brahmaputra -Meghna/Barak,West Bengal,21310.0,21904.48242,2.789687565,2012,8,235,Monsoon
298.61,309.8264131962366,-11.2164131962366,11.2164131962366,INDOFLOODS-gauge-472,298.61,90.10964975,126.4476693,146.437119,151.8013736,152.9716824,153.5528324,154.76826719999997,180.8726994,249.4333446,279.9631867,6,650388.9375,378736.5625,44652.65625,913,411680.4063,1664588.375,1.717259407,0.263467401,0.00221774,4.07e-11,0.202508584,3.795535803,0.000451163,0.000167508,2.237970829,1.579839468,0.390720576,581,1.68e-08,0.000100405,2.82e-12,0.152935132,581,126.0,31.0,9.0,3.0,3671381.5,1916652.625,965564.375,357243.875,345153.2813,6319.073242,15211.52832,31147.23828,39693.76563,115051.0938,0.522052169,0.503776431,0.369984537,0.966155887,4.611111164,4.064516068,3.444444418,3.0,24.964161,12.751767,41.11585,504.492075,41.046781,10.038858,31.007923,25.90896,24.431836,31.598482,18.730509,1267.92929,405.424048,4.618662,142.814047,1031.16188,27.087191,135.854057,34.012834,Tropical,62070252.02,44784344.93,31091858.92,24356314.02,23683134.33,20921424.15,2990.2112,3889.343,2227.44,1882.7871,1810.0876,1581.1671,1.487467,288.432099,5.58474887,0.474407538,0.510397127,0.438418027,0.40406436,0.376254261,0.350080065,8364153.0,186.969563,Cropland,Vertisols,Basic volcanic rocks,22.7561,77.7328,Narmada,Madhya Pradesh,44548.0,44652.65625,0.234929178,1984,8,231,Monsoon
326.73,337.799855866686,-11.069855866685998,11.069855866685998,INDOFLOODS-gauge-526,326.73,74.48151251,136.89628359999998,151.05064119999997,158.13649519999996,166.3984612,191.2899962,208.8337786,216.432313,221.1108554,234.1823224,6,472637.1563,255888.5313,25984.77539,791,285735.7813,1144848.375,1.847043157,0.318265617,0.002768292,7.7e-11,0.24913393,3.142029762,0.000382583,0.000160936,2.0177145,1.654105544,0.412838221,343,1.69e-08,0.000104737,2.71e-12,0.127300754,343,69.0,18.0,5.0,2.0,1991387.5,1038619.688,529238.8125,274154.5938,302551.9063,5805.794434,15052.45898,29402.15625,54830.91797,151275.9531,0.521555781,0.509559751,0.518016815,1.103581429,4.9710145,3.833333254,3.599999905,2.5,24.551002,12.999871,41.115241,514.322788,40.824335,9.209207,31.615128,25.784083,22.457422,31.199476,18.126943,1286.5322,412.283941,5.018142,141.789426,1032.383962,31.134045,144.708767,35.433957,Temperate,70430466.68,50700348.63,35067131.01,27369228.36,26515597.7,23339661.78,2990.2112,3889.343,2227.44,1882.7871,1810.0876,1581.1671,1.637423,327.498498,6.41918425,0.476251677,0.512381166,0.440122266,0.405635058,0.377716855,0.351440913,5099614.0,195.979946,No dominant class,Vertisols,Basic volcanic rocks,23.0308,79.0156,Narmada,Madhya Pradesh,26453.0,25984.77539,1.77002461,1980,8,242,Monsoon
326.84,337.799855866686,-10.95985586668604,10.95985586668604,INDOFLOODS-gauge-526,326.84,21.32216477,62.95287919,111.95238390000002,197.9451,229.84514790000003,235.2649209,236.2694931,237.9972382,253.4931722,307.3208835,6,472637.1563,255888.5313,25984.77539,791,285735.7813,1144848.375,1.847043157,0.318265617,0.002768292,7.7e-11,0.24913393,3.142029762,0.000382583,0.000160936,2.0177145,1.654105544,0.412838221,343,1.69e-08,0.000104737,2.71e-12,0.127300754,343,69.0,18.0,5.0,2.0,1991387.5,1038619.688,529238.8125,274154.5938,302551.9063,5805.794434,15052.45898,29402.15625,54830.91797,151275.9531,0.521555781,0.509559751,0.518016815,1.103581429,4.9710145,3.833333254,3.599999905,2.5,24.551002,12.999871,41.115241,514.322788,40.824335,9.209207,31.615128,25.784083,22.457422,31.199476,18.126943,1286.5322,412.283941,5.018142,141.789426,1032.383962,31.134045,144.708767,35.433957,Temperate,70430466.68,50700348.63,35067131.01,27369228.36,26515597.7,23339661.78,2990.2112,3889.343,2227.44,1882.7871,1810.0876,1581.1671,1.637423,327.498498,6.41918425,0.476251677,0.512381166,0.440122266,0.405635058,0.377716855,0.351440913,5099614.0,195.979946,No dominant class,Vertisols,Basic volcanic rocks,23.0308,79.0156,Narmada,Madhya Pradesh,26453.0,25984.77539,1.77002461,1977,8,220,Monsoon
83.02,93.80413921526252,-10.784139215262528,10.784139215262528,INDOFLOODS-gauge-724,83.02,23.06896429,34.49300672,41.91356424,56.00438616,70.15251791,82.48085523,91.99146469,100.9239825,105.36820149999998,115.9823595,4,125846.0156,81815.26563,6867.414063,1301,95678.64063,489397.4688,1.538172841,0.750176132,0.013597601,4.47e-10,0.36031276,1.333020329,0.000241113,0.000157662,1.677785158,1.315298915,0.257144809,92,1.72e-08,0.000108984,2.71e-12,0.205118537,92,21.0,4.0,1.0,,511826.125,358760.875,159276.0469,52868.6875,,5563.327637,17083.85156,39819.01172,52868.6875,,0.700942874,0.443961591,0.331931174,,4.380952358,5.25,4.0,,24.771796,9.061221,42.861437,345.593085,34.588484,13.423429,21.165054,25.794621,20.404565,28.91486,20.10795,1481.997552,333.037767,8.785639,99.352447,896.731088,40.664413,341.356918,55.625714,Tropical,38111741.82,27775532.07,17714391.85,11787466.08,9283986.363,6959165.633,3574.4634,4649.275,2407.8958,1702.1746,1446.5908,1177.378,1.279547,186.72093,2.561496239,0.4563203,0.4909377,0.42170292,0.388659,0.3619092,0.33673292,682307.1256,98.453282,No dominant class,No dominant class,Metamorphics,19.0833,83.8056,East flowing rivers between Mahanadi and Pennar,Odisha,6740.0,6867.414062999999,1.890416365,2001,8,222,Monsoon
83.05,93.80413921526252,-10.754139215262526,10.754139215262526,INDOFLOODS-gauge-724,83.05,55.0997326,80.26622519,100.3873585,104.3780548,109.4477583,117.7445727,129.3672547,137.5110469,154.69171609999995,163.9300581,4,125846.0156,81815.26563,6867.414063,1301,95678.64063,489397.4688,1.538172841,0.750176132,0.013597601,4.47e-10,0.36031276,1.333020329,0.000241113,0.000157662,1.677785158,1.315298915,0.257144809,92,1.72e-08,0.000108984,2.71e-12,0.205118537,92,21.0,4.0,1.0,,511826.125,358760.875,159276.0469,52868.6875,,5563.327637,17083.85156,39819.01172,52868.6875,,0.700942874,0.443961591,0.331931174,,4.380952358,5.25,4.0,,24.771796,9.061221,42.861437,345.593085,34.588484,13.423429,21.165054,25.794621,20.404565,28.91486,20.10795,1481.997552,333.037767,8.785639,99.352447,896.731088,40.664413,341.356918,55.625714,Tropical,38111741.82,27775532.07,17714391.85,11787466.08,9283986.363,6959165.633,3574.4634,4649.275,2407.8958,1702.1746,1446.5908,1177.378,1.279547,186.72093,2.561496239,0.4563203,0.4909377,0.42170292,0.388659,0.3619092,0.33673292,682307.1256,98.453282,No dominant class,No dominant class,Metamorphics,19.0833,83.8056,East flowing rivers between Mahanadi and Pennar,Odisha,6740.0,6867.414062999999,1.890416365,2003,8,240,Monsoon
83.06,93.80413921526252,-10.74413921526252,10.74413921526252,INDOFLOODS-gauge-724,83.06,75.28742667,86.48680361,92.07349201,95.34811955,268.8439862,387.3159512,422.3363148,436.0375281,450.0433235,462.0514251,4,125846.0156,81815.26563,6867.414063,1301,95678.64063,489397.4688,1.538172841,0.750176132,0.013597601,4.47e-10,0.36031276,1.333020329,0.000241113,0.000157662,1.677785158,1.315298915,0.257144809,92,1.72e-08,0.000108984,2.71e-12,0.205118537,92,21.0,4.0,1.0,,511826.125,358760.875,159276.0469,52868.6875,,5563.327637,17083.85156,39819.01172,52868.6875,,0.700942874,0.443961591,0.331931174,,4.380952358,5.25,4.0,,24.771796,9.061221,42.861437,345.593085,34.588484,13.423429,21.165054,25.794621,20.404565,28.91486,20.10795,1481.997552,333.037767,8.785639,99.352447,896.731088,40.664413,341.356918,55.625714,Tropical,38111741.82,27775532.07,17714391.85,11787466.08,9283986.363,6959165.633,3574.4634,4649.275,2407.8958,1702.1746,1446.5908,1177.378,1.279547,186.72093,2.561496239,0.4563203,0.4909377,0.42170292,0.388659,0.3619092,0.33673292,682307.1256,98.453282,No dominant class,No dominant class,Metamorphics,19.0833,83.8056,East flowing rivers between Mahanadi and Pennar,Odisha,6740.0,6867.414062999999,1.890416365,2018,7,202,Monsoon
83.06,93.80413921526252,-10.74413921526252,10.74413921526252,INDOFLOODS-gauge-724,83.06,65.88753073,108.3091653,159.11024019999996,182.8124655,224.3828441,255.2377131,280.5305545,312.3798253,314.538919,314.8080825,4,125846.0156,81815.26563,6867.414063,1301,95678.64063,489397.4688,1.538172841,0.750176132,0.013597601,4.47e-10,0.36031276,1.333020329,0.000241113,0.000157662,1.677785158,1.315298915,0.257144809,92,1.72e-08,0.000108984,2.71e-12,0.205118537,92,21.0,4.0,1.0,,511826.125,358760.875,159276.0469,52868.6875,,5563.327637,17083.85156,39819.01172,52868.6875,,0.700942874,0.443961591,0.331931174,,4.380952358,5.25,4.0,,24.771796,9.061221,42.861437,345.593085,34.588484,13.423429,21.165054,25.794621,20.404565,28.91486,20.10795,1481.997552,333.037767,8.785639,99.352447,896.731088,40.664413,341.356918,55.625714,Tropical,38111741.82,27775532.07,17714391.85,11787466.08,9283986.363,6959165.633,3574.4634,4649.275,2407.8958,1702.1746,1446.5908,1177.378,1.279547,186.72093,2.561496239,0.4563203,0.4909377,0.42170292,0.388659,0.3619092,0.33673292,682307.1256,98.453282,No dominant class,No dominant class,Metamorphics,19.0833,83.8056,East flowing rivers between Mahanadi and Pennar,Odisha,6740.0,6867.414062999999,1.890416365,2013,10,301,Post-Monsoon
83.1,93.80413921526252,-10.70413921526253,10.70413921526253,INDOFLOODS-gauge-724,83.1,173.4590815,241.4937752,258.1428997,288.3839492,304.0462054,321.0130419,331.1688828,338.8038179,367.4333014,386.1801068,4,125846.0156,81815.26563,6867.414063,1301,95678.64063,489397.4688,1.538172841,0.750176132,0.013597601,4.47e-10,0.36031276,1.333020329,0.000241113,0.000157662,1.677785158,1.315298915,0.257144809,92,1.72e-08,0.000108984,2.71e-12,0.205118537,92,21.0,4.0,1.0,,511826.125,358760.875,159276.0469,52868.6875,,5563.327637,17083.85156,39819.01172,52868.6875,,0.700942874,0.443961591,0.331931174,,4.380952358,5.25,4.0,,24.771796,9.061221,42.861437,345.593085,34.588484,13.423429,21.165054,25.794621,20.404565,28.91486,20.10795,1481.997552,333.037767,8.785639,99.352447,896.731088,40.664413,341.356918,55.625714,Tropical,38111741.82,27775532.07,17714391.85,11787466.08,9283986.363,6959165.633,3574.4634,4649.275,2407.8958,1702.1746,1446.5908,1177.378,1.279547,186.72093,2.561496239,0.4563203,0.4909377,0.42170292,0.388659,0.3619092,0.33673292,682307.1256,98.453282,No dominant class,No dominant class,Metamorphics,19.0833,83.8056,East flowing rivers between Mahanadi and Pennar,Odisha,6740.0,6867.414062999999,1.890416365,1991,8,225,Monsoon
83.11,93.80413921526252,-10.694139215262524,10.694139215262524,INDOFLOODS-gauge-724,83.11,18.46061644,90.80711442,125.6718996,130.9799686,142.6120299,176.4509638,190.94370680000003,202.5315702,226.2255115,244.2719317,4,125846.0156,81815.26563,6867.414063,1301,95678.64063,489397.4688,1.538172841,0.750176132,0.013597601,4.47e-10,0.36031276,1.333020329,0.000241113,0.000157662,1.677785158,1.315298915,0.257144809,92,1.72e-08,0.000108984,2.71e-12,0.205118537,92,21.0,4.0,1.0,,511826.125,358760.875,159276.0469,52868.6875,,5563.327637,17083.85156,39819.01172,52868.6875,,0.700942874,0.443961591,0.331931174,,4.380952358,5.25,4.0,,24.771796,9.061221,42.861437,345.593085,34.588484,13.423429,21.165054,25.794621,20.404565,28.91486,20.10795,1481.997552,333.037767,8.785639,99.352447,896.731088,40.664413,341.356918,55.625714,Tropical,38111741.82,27775532.07,17714391.85,11787466.08,9283986.363,6959165.633,3574.4634,4649.275,2407.8958,1702.1746,1446.5908,1177.378,1.279547,186.72093,2.561496239,0.4563203,0.4909377,0.42170292,0.388659,0.3619092,0.33673292,682307.1256,98.453282,No dominant class,No dominant class,Metamorphics,19.0833,83.8056,East flowing rivers between Mahanadi and Pennar,Odisha,6740.0,6867.414062999999,1.890416365,2017,7,200,Monsoon
17.6,28.293345632833905,-10.693345632833903,10.693345632833903,INDOFLOODS-gauge-1085,17.6,12.00595319,22.92203737,24.79031653,25.49276558,27.32208781,27.71511668,27.7404599,27.78263137,28.03874026,28.27041096,5,463678.7188,330162.8125,21904.48242,1204,341410.3438,1098149.25,1.40439415,0.18792288,0.003526548,7.02e-11,0.228254899,5.321331978,0.000363339,0.000161826,2.107978106,1.358127356,0.422236532,315,1.82e-08,0.000112562,2.95e-12,0.1948383,315,67.0,13.0,3.0,1.0,1756620.375,817386.5,396399.9375,274903.0313,299401.1875,5576.572754,12199.79883,30492.30273,91634.34375,299401.1875,0.465317667,0.484960228,0.693499207,1.08911562,4.70149231,5.153846264,4.333333492,3.0,25.324364,11.317986,40.461182,493.632095,38.792319,10.797642,27.994677,27.586145,18.959131,31.029907,18.706263,1213.55461,306.451879,3.037624,115.792655,829.954574,26.053865,236.935106,34.614645,Tropical,193803869.7,139464558.5,95072538.82,76975155.1,55169759.77,46898096.51,2346.516734,3052.095218,1713.25437,1511.417903,1239.699602,1215.136213,7.762763,433.032258,42.26073014,0.508558694,0.547139028,0.469978406,0.433151714,0.403339676,0.375281258,15777280.0,722.63754,Cropland,Luvisols,Metamorphics,22.8381,87.9031,Ganga - Brahmaputra -Meghna/Barak,West Bengal,21310.0,21904.48242,2.789687565,2012,7,188,Monsoon
83.22,93.80413921526252,-10.584139215262525,10.584139215262525,INDOFLOODS-gauge-724,83.22,74.52421941,87.10688635,87.50150392,88.22158361,90.119673,91.29688538,93.66587098,100.3726533,100.5185515,101.2540546,4,125846.0156,81815.26563,6867.414063,1301,95678.64063,489397.4688,1.538172841,0.750176132,0.013597601,4.47e-10,0.36031276,1.333020329,0.000241113,0.000157662,1.677785158,1.315298915,0.257144809,92,1.72e-08,0.000108984,2.71e-12,0.205118537,92,21.0,4.0,1.0,,511826.125,358760.875,159276.0469,52868.6875,,5563.327637,17083.85156,39819.01172,52868.6875,,0.700942874,0.443961591,0.331931174,,4.380952358,5.25,4.0,,24.771796,9.061221,42.861437,345.593085,34.588484,13.423429,21.165054,25.794621,20.404565,28.91486,20.10795,1481.997552,333.037767,8.785639,99.352447,896.731088,40.664413,341.356918,55.625714,Tropical,38111741.82,27775532.07,17714391.85,11787466.08,9283986.363,6959165.633,3574.4634,4649.275,2407.8958,1702.1746,1446.5908,1177.378,1.279547,186.72093,2.561496239,0.4563203,0.4909377,0.42170292,0.388659,0.3619092,0.33673292,682307.1256,98.453282,No dominant class,No dominant class,Metamorphics,19.0833,83.8056,East flowing rivers between Mahanadi and Pennar,Odisha,6740.0,6867.414062999999,1.890416365,2014,10,286,Post-Monsoon
327.22,337.799855866686,-10.579855866685987,10.579855866685987,INDOFLOODS-gauge-526,327.22,23.43608255,41.29649372,67.07933211,108.7325439,136.983912,145.0963872,166.12731100000005,193.0433113,221.9351555,282.7696528,6,472637.1563,255888.5313,25984.77539,791,285735.7813,1144848.375,1.847043157,0.318265617,0.002768292,7.7e-11,0.24913393,3.142029762,0.000382583,0.000160936,2.0177145,1.654105544,0.412838221,343,1.69e-08,0.000104737,2.71e-12,0.127300754,343,69.0,18.0,5.0,2.0,1991387.5,1038619.688,529238.8125,274154.5938,302551.9063,5805.794434,15052.45898,29402.15625,54830.91797,151275.9531,0.521555781,0.509559751,0.518016815,1.103581429,4.9710145,3.833333254,3.599999905,2.5,24.551002,12.999871,41.115241,514.322788,40.824335,9.209207,31.615128,25.784083,22.457422,31.199476,18.126943,1286.5322,412.283941,5.018142,141.789426,1032.383962,31.134045,144.708767,35.433957,Temperate,70430466.68,50700348.63,35067131.01,27369228.36,26515597.7,23339661.78,2990.2112,3889.343,2227.44,1882.7871,1810.0876,1581.1671,1.637423,327.498498,6.41918425,0.476251677,0.512381166,0.440122266,0.405635058,0.377716855,0.351440913,5099614.0,195.979946,No dominant class,Vertisols,Basic volcanic rocks,23.0308,79.0156,Narmada,Madhya Pradesh,26453.0,25984.77539,1.77002461,1994,7,202,Monsoon
83.3,93.80413921526252,-10.504139215262526,10.504139215262526,INDOFLOODS-gauge-724,83.3,32.4851324,61.61281428,63.72950181,68.51407822,70.9834943,87.05380546,126.1070864,134.6277966,137.0333872,140.6908646,4,125846.0156,81815.26563,6867.414063,1301,95678.64063,489397.4688,1.538172841,0.750176132,0.013597601,4.47e-10,0.36031276,1.333020329,0.000241113,0.000157662,1.677785158,1.315298915,0.257144809,92,1.72e-08,0.000108984,2.71e-12,0.205118537,92,21.0,4.0,1.0,,511826.125,358760.875,159276.0469,52868.6875,,5563.327637,17083.85156,39819.01172,52868.6875,,0.700942874,0.443961591,0.331931174,,4.380952358,5.25,4.0,,24.771796,9.061221,42.861437,345.593085,34.588484,13.423429,21.165054,25.794621,20.404565,28.91486,20.10795,1481.997552,333.037767,8.785639,99.352447,896.731088,40.664413,341.356918,55.625714,Tropical,38111741.82,27775532.07,17714391.85,11787466.08,9283986.363,6959165.633,3574.4634,4649.275,2407.8958,1702.1746,1446.5908,1177.378,1.279547,186.72093,2.561496239,0.4563203,0.4909377,0.42170292,0.388659,0.3619092,0.33673292,682307.1256,98.453282,No dominant class,No dominant class,Metamorphics,19.0833,83.8056,East flowing rivers between Mahanadi and Pennar,Odisha,6740.0,6867.414062999999,1.890416365,2006,8,235,Monsoon
83.43,93.80413921526252,-10.374139215262517,10.374139215262517,INDOFLOODS-gauge-724,83.43,35.02036365,48.72157697,62.72737228,74.73547395,90.05022016,124.0848597,167.5317877,181.4755728,195.03008480000005,199.9792441,4,125846.0156,81815.26563,6867.414063,1301,95678.64063,489397.4688,1.538172841,0.750176132,0.013597601,4.47e-10,0.36031276,1.333020329,0.000241113,0.000157662,1.677785158,1.315298915,0.257144809,92,1.72e-08,0.000108984,2.71e-12,0.205118537,92,21.0,4.0,1.0,,511826.125,358760.875,159276.0469,52868.6875,,5563.327637,17083.85156,39819.01172,52868.6875,,0.700942874,0.443961591,0.331931174,,4.380952358,5.25,4.0,,24.771796,9.061221,42.861437,345.593085,34.588484,13.423429,21.165054,25.794621,20.404565,28.91486,20.10795,1481.997552,333.037767,8.785639,99.352447,896.731088,40.664413,341.356918,55.625714,Tropical,38111741.82,27775532.07,17714391.85,11787466.08,9283986.363,6959165.633,3574.4634,4649.275,2407.8958,1702.1746,1446.5908,1177.378,1.279547,186.72093,2.561496239,0.4563203,0.4909377,0.42170292,0.388659,0.3619092,0.33673292,682307.1256,98.453282,No dominant class,No dominant class,Metamorphics,19.0833,83.8056,East flowing rivers between Mahanadi and Pennar,Odisha,6740.0,6867.414062999999,1.890416365,2018,7,196,Monsoon
83.49,93.80413921526252,-10.314139215262529,10.314139215262529,INDOFLOODS-gauge-724,83.49,100.9521535,131.1146316,143.2716916,181.4269553,193.4043496,207.3164431,228.0151476,240.5290169,246.6169131,247.3073301,4,125846.0156,81815.26563,6867.414063,1301,95678.64063,489397.4688,1.538172841,0.750176132,0.013597601,4.47e-10,0.36031276,1.333020329,0.000241113,0.000157662,1.677785158,1.315298915,0.257144809,92,1.72e-08,0.000108984,2.71e-12,0.205118537,92,21.0,4.0,1.0,,511826.125,358760.875,159276.0469,52868.6875,,5563.327637,17083.85156,39819.01172,52868.6875,,0.700942874,0.443961591,0.331931174,,4.380952358,5.25,4.0,,24.771796,9.061221,42.861437,345.593085,34.588484,13.423429,21.165054,25.794621,20.404565,28.91486,20.10795,1481.997552,333.037767,8.785639,99.352447,896.731088,40.664413,341.356918,55.625714,Tropical,38111741.82,27775532.07,17714391.85,11787466.08,9283986.363,6959165.633,3574.4634,4649.275,2407.8958,1702.1746,1446.5908,1177.378,1.279547,186.72093,2.561496239,0.4563203,0.4909377,0.42170292,0.388659,0.3619092,0.33673292,682307.1256,98.453282,No dominant class,No dominant class,Metamorphics,19.0833,83.8056,East flowing rivers between Mahanadi and Pennar,Odisha,6740.0,6867.414062999999,1.890416365,2014,8,216,Monsoon
299.53,309.8264131962366,-10.296413196236642,10.296413196236642,INDOFLOODS-gauge-472,299.53,86.17090209999998,126.7577866,154.7168271,176.7266767,207.104558,219.3946298,234.3698832,241.997011,247.1904089,254.858626,6,650388.9375,378736.5625,44652.65625,913,411680.4063,1664588.375,1.717259407,0.263467401,0.00221774,4.07e-11,0.202508584,3.795535803,0.000451163,0.000167508,2.237970829,1.579839468,0.390720576,581,1.68e-08,0.000100405,2.82e-12,0.152935132,581,126.0,31.0,9.0,3.0,3671381.5,1916652.625,965564.375,357243.875,345153.2813,6319.073242,15211.52832,31147.23828,39693.76563,115051.0938,0.522052169,0.503776431,0.369984537,0.966155887,4.611111164,4.064516068,3.444444418,3.0,24.964161,12.751767,41.11585,504.492075,41.046781,10.038858,31.007923,25.90896,24.431836,31.598482,18.730509,1267.92929,405.424048,4.618662,142.814047,1031.16188,27.087191,135.854057,34.012834,Tropical,62070252.02,44784344.93,31091858.92,24356314.02,23683134.33,20921424.15,2990.2112,3889.343,2227.44,1882.7871,1810.0876,1581.1671,1.487467,288.432099,5.58474887,0.474407538,0.510397127,0.438418027,0.40406436,0.376254261,0.350080065,8364153.0,186.969563,Cropland,Vertisols,Basic volcanic rocks,22.7561,77.7328,Narmada,Madhya Pradesh,44548.0,44652.65625,0.234929178,1999,9,259,Monsoon
83.56,93.80413921526252,-10.24413921526252,10.24413921526252,INDOFLOODS-gauge-724,83.56,70.8384374,149.36435780000005,188.9880274,232.2907069,252.8255204,257.7460277,263.19165330000004,268.3431315,271.56159269999995,277.4061226,4,125846.0156,81815.26563,6867.414063,1301,95678.64063,489397.4688,1.538172841,0.750176132,0.013597601,4.47e-10,0.36031276,1.333020329,0.000241113,0.000157662,1.677785158,1.315298915,0.257144809,92,1.72e-08,0.000108984,2.71e-12,0.205118537,92,21.0,4.0,1.0,,511826.125,358760.875,159276.0469,52868.6875,,5563.327637,17083.85156,39819.01172,52868.6875,,0.700942874,0.443961591,0.331931174,,4.380952358,5.25,4.0,,24.771796,9.061221,42.861437,345.593085,34.588484,13.423429,21.165054,25.794621,20.404565,28.91486,20.10795,1481.997552,333.037767,8.785639,99.352447,896.731088,40.664413,341.356918,55.625714,Tropical,38111741.82,27775532.07,17714391.85,11787466.08,9283986.363,6959165.633,3574.4634,4649.275,2407.8958,1702.1746,1446.5908,1177.378,1.279547,186.72093,2.561496239,0.4563203,0.4909377,0.42170292,0.388659,0.3619092,0.33673292,682307.1256,98.453282,No dominant class,No dominant class,Metamorphics,19.0833,83.8056,East flowing rivers between Mahanadi and Pennar,Odisha,6740.0,6867.414062999999,1.890416365,2005,9,256,Monsoon
327.6,337.799855866686,-10.199855866685994,10.199855866685994,INDOFLOODS-gauge-526,327.6,43.64009272,150.42130509999996,183.513866,207.9496949,215.3908213,216.8677024,217.5464769,218.4619887,233.916684,305.8189413,6,472637.1563,255888.5313,25984.77539,791,285735.7813,1144848.375,1.847043157,0.318265617,0.002768292,7.7e-11,0.24913393,3.142029762,0.000382583,0.000160936,2.0177145,1.654105544,0.412838221,343,1.69e-08,0.000104737,2.71e-12,0.127300754,343,69.0,18.0,5.0,2.0,1991387.5,1038619.688,529238.8125,274154.5938,302551.9063,5805.794434,15052.45898,29402.15625,54830.91797,151275.9531,0.521555781,0.509559751,0.518016815,1.103581429,4.9710145,3.833333254,3.599999905,2.5,24.551002,12.999871,41.115241,514.322788,40.824335,9.209207,31.615128,25.784083,22.457422,31.199476,18.126943,1286.5322,412.283941,5.018142,141.789426,1032.383962,31.134045,144.708767,35.433957,Temperate,70430466.68,50700348.63,35067131.01,27369228.36,26515597.7,23339661.78,2990.2112,3889.343,2227.44,1882.7871,1810.0876,1581.1671,1.637423,327.498498,6.41918425,0.476251677,0.512381166,0.440122266,0.405635058,0.377716855,0.351440913,5099614.0,195.979946,No dominant class,Vertisols,Basic volcanic rocks,23.0308,79.0156,Narmada,Madhya Pradesh,26453.0,25984.77539,1.77002461,1984,8,232,Monsoon
11.59,1.5556279425001576,10.034372057499844,10.034372057499844,INDOFLOODS-gauge-429,11.59,3.828287076,5.580441969,10.08535606,18.69676908,30.7900727,42.69969427,59.36842734,69.29288751,74.31920958,81.04965774,3,71464.60938,57389.75391,813.0768433,1737,59878.34375,179882.2656,1.245250344,0.226773366,0.029008819,2.08e-09,0.31576556,4.40968895,8.34e-05,0.000140846,1.792230129,1.193496704,0.397285461,12,1.84e-08,0.000130983,2.6e-12,0.244649813,12,2.0,1.0,,,39029.13281,26071.5332,49418.10547,,,3252.427734,13035.7666,49418.10547,,,0.668001831,1.895481348,,,6.0,2.0,,,25.9632,7.673909,66.263042,103.314341,31.850515,20.265773,11.584742,25.615808,25.580189,27.495567,24.874742,2200.758763,381.073196,31.23299,61.751439,957.151546,144.071134,405.985567,331.583505,Tropical,243670159.1,178374575.0,122525667.4,80005322.33,51122901.3,36064275.01,6329.4634,8232.682,4635.839,3245.9465,2198.1104,1649.214,3.822601,412.777778,23.02158273,0.9958371,1.0,0.9202909,0.8481785,0.7898019,0.7348591,320795.9252,389.294534,No dominant class,Acrisols,Acid plutonic rocks,9.22,76.71,West Flowing Rivers From Tadri to Kanyakumari,Kerala,810.0,813.0768433,0.3798571979999999,2018,4,109,Pre-Monsoon
83.78,93.80413921526252,-10.024139215262522,10.024139215262522,INDOFLOODS-gauge-724,83.78,72.20828,88.86714620000002,95.73705076,105.5908115,124.01044840000002,232.1950667,303.0335041,381.5594245,421.18309410000006,464.4857736000001,4,125846.0156,81815.26563,6867.414063,1301,95678.64063,489397.4688,1.538172841,0.750176132,0.013597601,4.47e-10,0.36031276,1.333020329,0.000241113,0.000157662,1.677785158,1.315298915,0.257144809,92,1.72e-08,0.000108984,2.71e-12,0.205118537,92,21.0,4.0,1.0,,511826.125,358760.875,159276.0469,52868.6875,,5563.327637,17083.85156,39819.01172,52868.6875,,0.700942874,0.443961591,0.331931174,,4.380952358,5.25,4.0,,24.771796,9.061221,42.861437,345.593085,34.588484,13.423429,21.165054,25.794621,20.404565,28.91486,20.10795,1481.997552,333.037767,8.785639,99.352447,896.731088,40.664413,341.356918,55.625714,Tropical,38111741.82,27775532.07,17714391.85,11787466.08,9283986.363,6959165.633,3574.4634,4649.275,2407.8958,1702.1746,1446.5908,1177.378,1.279547,186.72093,2.561496239,0.4563203,0.4909377,0.42170292,0.388659,0.3619092,0.33673292,682307.1256,98.453282,No dominant class,No dominant class,Metamorphics,19.0833,83.8056,East flowing rivers between Mahanadi and Pennar,Odisha,6740.0,6867.414062999999,1.890416365,2005,9,262,Monsoon
83.79,93.80413921526252,-10.014139215262515,10.014139215262515,INDOFLOODS-gauge-724,83.79,52.72357122,111.72294850000002,127.3255749,130.3634103,131.71531370000002,132.4859413,132.7141007,135.2598275,140.4382653,156.90896719999995,4,125846.0156,81815.26563,6867.414063,1301,95678.64063,489397.4688,1.538172841,0.750176132,0.013597601,4.47e-10,0.36031276,1.333020329,0.000241113,0.000157662,1.677785158,1.315298915,0.257144809,92,1.72e-08,0.000108984,2.71e-12,0.205118537,92,21.0,4.0,1.0,,511826.125,358760.875,159276.0469,52868.6875,,5563.327637,17083.85156,39819.01172,52868.6875,,0.700942874,0.443961591,0.331931174,,4.380952358,5.25,4.0,,24.771796,9.061221,42.861437,345.593085,34.588484,13.423429,21.165054,25.794621,20.404565,28.91486,20.10795,1481.997552,333.037767,8.785639,99.352447,896.731088,40.664413,341.356918,55.625714,Tropical,38111741.82,27775532.07,17714391.85,11787466.08,9283986.363,6959165.633,3574.4634,4649.275,2407.8958,1702.1746,1446.5908,1177.378,1.279547,186.72093,2.561496239,0.4563203,0.4909377,0.42170292,0.388659,0.3619092,0.33673292,682307.1256,98.453282,No dominant class,No dominant class,Metamorphics,19.0833,83.8056,East flowing rivers between Mahanadi and Pennar,Odisha,6740.0,6867.414062999999,1.890416365,2001,7,188,Monsoon
83.81,93.80413921526252,-9.99413921526252,9.99413921526252,INDOFLOODS-gauge-724,83.81,89.01078107,128.6596398,148.6894858,162.9341302,163.90771,165.3707003,176.1616279,208.6467603,237.7744422,239.8911297,4,125846.0156,81815.26563,6867.414063,1301,95678.64063,489397.4688,1.538172841,0.750176132,0.013597601,4.47e-10,0.36031276,1.333020329,0.000241113,0.000157662,1.677785158,1.315298915,0.257144809,92,1.72e-08,0.000108984,2.71e-12,0.205118537,92,21.0,4.0,1.0,,511826.125,358760.875,159276.0469,52868.6875,,5563.327637,17083.85156,39819.01172,52868.6875,,0.700942874,0.443961591,0.331931174,,4.380952358,5.25,4.0,,24.771796,9.061221,42.861437,345.593085,34.588484,13.423429,21.165054,25.794621,20.404565,28.91486,20.10795,1481.997552,333.037767,8.785639,99.352447,896.731088,40.664413,341.356918,55.625714,Tropical,38111741.82,27775532.07,17714391.85,11787466.08,9283986.363,6959165.633,3574.4634,4649.275,2407.8958,1702.1746,1446.5908,1177.378,1.279547,186.72093,2.561496239,0.4563203,0.4909377,0.42170292,0.388659,0.3619092,0.33673292,682307.1256,98.453282,No dominant class,No dominant class,Metamorphics,19.0833,83.8056,East flowing rivers between Mahanadi and Pennar,Odisha,6740.0,6867.414062999999,1.890416365,2006,8,242,Monsoon
83.94,93.80413921526252,-9.864139215262526,9.864139215262526,INDOFLOODS-gauge-724,83.94,76.61712133,83.63917974,84.46798347,85.41586031,86.52128713,87.06470774,88.00549681,93.39023974,101.9054236,121.66855859999998,4,125846.0156,81815.26563,6867.414063,1301,95678.64063,489397.4688,1.538172841,0.750176132,0.013597601,4.47e-10,0.36031276,1.333020329,0.000241113,0.000157662,1.677785158,1.315298915,0.257144809,92,1.72e-08,0.000108984,2.71e-12,0.205118537,92,21.0,4.0,1.0,,511826.125,358760.875,159276.0469,52868.6875,,5563.327637,17083.85156,39819.01172,52868.6875,,0.700942874,0.443961591,0.331931174,,4.380952358,5.25,4.0,,24.771796,9.061221,42.861437,345.593085,34.588484,13.423429,21.165054,25.794621,20.404565,28.91486,20.10795,1481.997552,333.037767,8.785639,99.352447,896.731088,40.664413,341.356918,55.625714,Tropical,38111741.82,27775532.07,17714391.85,11787466.08,9283986.363,6959165.633,3574.4634,4649.275,2407.8958,1702.1746,1446.5908,1177.378,1.279547,186.72093,2.561496239,0.4563203,0.4909377,0.42170292,0.388659,0.3619092,0.33673292,682307.1256,98.453282,No dominant class,No dominant class,Metamorphics,19.0833,83.8056,East flowing rivers between Mahanadi and Pennar,Odisha,6740.0,6867.414062999999,1.890416365,2006,9,273,Monsoon
84.0,93.80413921526252,-9.804139215262524,9.804139215262524,INDOFLOODS-gauge-724,84.0,52.033612,64.02695112,69.68836903,105.2687824,153.83740600000004,292.13586739999994,309.2320042,324.5978543,335.4235948000001,353.2838657,4,125846.0156,81815.26563,6867.414063,1301,95678.64063,489397.4688,1.538172841,0.750176132,0.013597601,4.47e-10,0.36031276,1.333020329,0.000241113,0.000157662,1.677785158,1.315298915,0.257144809,92,1.72e-08,0.000108984,2.71e-12,0.205118537,92,21.0,4.0,1.0,,511826.125,358760.875,159276.0469,52868.6875,,5563.327637,17083.85156,39819.01172,52868.6875,,0.700942874,0.443961591,0.331931174,,4.380952358,5.25,4.0,,24.771796,9.061221,42.861437,345.593085,34.588484,13.423429,21.165054,25.794621,20.404565,28.91486,20.10795,1481.997552,333.037767,8.785639,99.352447,896.731088,40.664413,341.356918,55.625714,Tropical,38111741.82,27775532.07,17714391.85,11787466.08,9283986.363,6959165.633,3574.4634,4649.275,2407.8958,1702.1746,1446.5908,1177.378,1.279547,186.72093,2.561496239,0.4563203,0.4909377,0.42170292,0.388659,0.3619092,0.33673292,682307.1256,98.453282,No dominant class,No dominant class,Metamorphics,19.0833,83.8056,East flowing rivers between Mahanadi and Pennar,Odisha,6740.0,6867.414062999999,1.890416365,2009,7,200,Monsoon
84.11,93.80413921526252,-9.694139215262524,9.694139215262524,INDOFLOODS-gauge-724,84.11,33.01514623,52.36726342,59.10730667,64.29513605,74.28580629,113.4095893,144.3778472,161.8649469,180.5808745,187.5352772,4,125846.0156,81815.26563,6867.414063,1301,95678.64063,489397.4688,1.538172841,0.750176132,0.013597601,4.47e-10,0.36031276,1.333020329,0.000241113,0.000157662,1.677785158,1.315298915,0.257144809,92,1.72e-08,0.000108984,2.71e-12,0.205118537,92,21.0,4.0,1.0,,511826.125,358760.875,159276.0469,52868.6875,,5563.327637,17083.85156,39819.01172,52868.6875,,0.700942874,0.443961591,0.331931174,,4.380952358,5.25,4.0,,24.771796,9.061221,42.861437,345.593085,34.588484,13.423429,21.165054,25.794621,20.404565,28.91486,20.10795,1481.997552,333.037767,8.785639,99.352447,896.731088,40.664413,341.356918,55.625714,Tropical,38111741.82,27775532.07,17714391.85,11787466.08,9283986.363,6959165.633,3574.4634,4649.275,2407.8958,1702.1746,1446.5908,1177.378,1.279547,186.72093,2.561496239,0.4563203,0.4909377,0.42170292,0.388659,0.3619092,0.33673292,682307.1256,98.453282,No dominant class,No dominant class,Metamorphics,19.0833,83.8056,East flowing rivers between Mahanadi and Pennar,Odisha,6740.0,6867.414062999999,1.890416365,2006,8,215,Monsoon
84.13,93.80413921526252,-9.674139215262528,9.674139215262528,INDOFLOODS-gauge-724,84.13,188.1731171,236.8858154,281.78168910000005,295.4258618,299.609723,369.1006134,414.7264748,433.1215633000001,442.777489,450.2414207,4,125846.0156,81815.26563,6867.414063,1301,95678.64063,489397.4688,1.538172841,0.750176132,0.013597601,4.47e-10,0.36031276,1.333020329,0.000241113,0.000157662,1.677785158,1.315298915,0.257144809,92,1.72e-08,0.000108984,2.71e-12,0.205118537,92,21.0,4.0,1.0,,511826.125,358760.875,159276.0469,52868.6875,,5563.327637,17083.85156,39819.01172,52868.6875,,0.700942874,0.443961591,0.331931174,,4.380952358,5.25,4.0,,24.771796,9.061221,42.861437,345.593085,34.588484,13.423429,21.165054,25.794621,20.404565,28.91486,20.10795,1481.997552,333.037767,8.785639,99.352447,896.731088,40.664413,341.356918,55.625714,Tropical,38111741.82,27775532.07,17714391.85,11787466.08,9283986.363,6959165.633,3574.4634,4649.275,2407.8958,1702.1746,1446.5908,1177.378,1.279547,186.72093,2.561496239,0.4563203,0.4909377,0.42170292,0.388659,0.3619092,0.33673292,682307.1256,98.453282,No dominant class,No dominant class,Metamorphics,19.0833,83.8056,East flowing rivers between Mahanadi and Pennar,Odisha,6740.0,6867.414062999999,1.890416365,2014,9,250,Monsoon
318.77,309.09617212193166,9.673827878068323,9.673827878068323,INDOFLOODS-gauge-29,318.77,87.37976646,121.8294977,136.38804430000002,140.633139,142.0494211,148.7355303,152.00754740000005,163.6080574,177.2619785,196.8694147,6,572100.6875,386962.3438,64017.37891,1487,389954.0938,1413298.5,1.478440166,0.420989156,0.003813269,3.59e-11,0.402754098,2.375358105,0.000763462,0.000163947,1.586924195,1.467097521,0.40479821,842,1.69e-08,0.000102806,2.76e-12,0.243788987,842,185.0,43.0,6.0,2.0,5508303.5,2695714.25,1311469.25,395859.9375,518155.375,6541.928223,14571.42871,30499.28516,65976.65625,259077.6875,0.489391029,0.486501575,0.301844627,1.308936119,4.551351547,4.302325726,7.166666508,3.0,25.396463,10.744284,55.465841,216.506056,35.851981,16.477877,19.374105,24.693599,25.220489,28.579781,23.129677,888.817316,258.047852,0.793609,97.609813,560.207341,5.966491,115.514914,90.523868,Arid,147827041.1,107228676.9,74716707.76,51375685.83,36591464.57,26972694.47,5127.34196,6669.091987,3802.856923,2801.004372,2177.24826,1766.342233,1.970453,360.825806,6.278768378,0.647867447,0.697016051,0.598718907,0.55180436,0.513825909,0.478081515,15478840.0,240.313451,Cropland,Vertisols,Metamorphics,15.9483,77.4264,Krishna,Andhra Pradesh,60630.0,64017.37891,5.586968349,2009,10,274,Post-Monsoon
84.18,93.80413921526252,-9.624139215262517,9.624139215262517,INDOFLOODS-gauge-724,84.18,94.807321,103.567938,126.3666901,137.12590880000002,142.2528771,147.6562034,149.94828940000005,151.3928945,181.1879453,197.9600281,4,125846.0156,81815.26563,6867.414063,1301,95678.64063,489397.4688,1.538172841,0.750176132,0.013597601,4.47e-10,0.36031276,1.333020329,0.000241113,0.000157662,1.677785158,1.315298915,0.257144809,92,1.72e-08,0.000108984,2.71e-12,0.205118537,92,21.0,4.0,1.0,,511826.125,358760.875,159276.0469,52868.6875,,5563.327637,17083.85156,39819.01172,52868.6875,,0.700942874,0.443961591,0.331931174,,4.380952358,5.25,4.0,,24.771796,9.061221,42.861437,345.593085,34.588484,13.423429,21.165054,25.794621,20.404565,28.91486,20.10795,1481.997552,333.037767,8.785639,99.352447,896.731088,40.664413,341.356918,55.625714,Tropical,38111741.82,27775532.07,17714391.85,11787466.08,9283986.363,6959165.633,3574.4634,4649.275,2407.8958,1702.1746,1446.5908,1177.378,1.279547,186.72093,2.561496239,0.4563203,0.4909377,0.42170292,0.388659,0.3619092,0.33673292,682307.1256,98.453282,No dominant class,No dominant class,Metamorphics,19.0833,83.8056,East flowing rivers between Mahanadi and Pennar,Odisha,6740.0,6867.414062999999,1.890416365,1997,8,233,Monsoon
328.2,337.799855866686,-9.599855866686028,9.599855866686028,INDOFLOODS-gauge-526,328.2,53.53244462,84.35332332,124.8081852,152.3403539,167.0048614,169.63353909999995,194.6178298,208.5135484,240.52743340000004,270.1197191,6,472637.1563,255888.5313,25984.77539,791,285735.7813,1144848.375,1.847043157,0.318265617,0.002768292,7.7e-11,0.24913393,3.142029762,0.000382583,0.000160936,2.0177145,1.654105544,0.412838221,343,1.69e-08,0.000104737,2.71e-12,0.127300754,343,69.0,18.0,5.0,2.0,1991387.5,1038619.688,529238.8125,274154.5938,302551.9063,5805.794434,15052.45898,29402.15625,54830.91797,151275.9531,0.521555781,0.509559751,0.518016815,1.103581429,4.9710145,3.833333254,3.599999905,2.5,24.551002,12.999871,41.115241,514.322788,40.824335,9.209207,31.615128,25.784083,22.457422,31.199476,18.126943,1286.5322,412.283941,5.018142,141.789426,1032.383962,31.134045,144.708767,35.433957,Temperate,70430466.68,50700348.63,35067131.01,27369228.36,26515597.7,23339661.78,2990.2112,3889.343,2227.44,1882.7871,1810.0876,1581.1671,1.637423,327.498498,6.41918425,0.476251677,0.512381166,0.440122266,0.405635058,0.377716855,0.351440913,5099614.0,195.979946,No dominant class,Vertisols,Basic volcanic rocks,23.0308,79.0156,Narmada,Madhya Pradesh,26453.0,25984.77539,1.77002461,1975,8,234,Monsoon
11.1,1.5556279425001576,9.544372057499842,9.544372057499842,INDOFLOODS-gauge-429,11.1,5.506507557000001,10.05860454,15.52048331,16.82711062,17.72279448,18.04983125,19.63079404,22.04115691,24.37063259,25.60504152,3,71464.60938,57389.75391,813.0768433,1737,59878.34375,179882.2656,1.245250344,0.226773366,0.029008819,2.08e-09,0.31576556,4.40968895,8.34e-05,0.000140846,1.792230129,1.193496704,0.397285461,12,1.84e-08,0.000130983,2.6e-12,0.244649813,12,2.0,1.0,,,39029.13281,26071.5332,49418.10547,,,3252.427734,13035.7666,49418.10547,,,0.668001831,1.895481348,,,6.0,2.0,,,25.9632,7.673909,66.263042,103.314341,31.850515,20.265773,11.584742,25.615808,25.580189,27.495567,24.874742,2200.758763,381.073196,31.23299,61.751439,957.151546,144.071134,405.985567,331.583505,Tropical,243670159.1,178374575.0,122525667.4,80005322.33,51122901.3,36064275.01,6329.4634,8232.682,4635.839,3245.9465,2198.1104,1649.214,3.822601,412.777778,23.02158273,0.9958371,1.0,0.9202909,0.8481785,0.7898019,0.7348591,320795.9252,389.294534,No dominant class,Acrisols,Acid plutonic rocks,9.22,76.71,West Flowing Rivers From Tadri to Kanyakumari,Kerala,810.0,813.0768433,0.3798571979999999,2018,3,89,Pre-Monsoon
84.38,93.80413921526252,-9.424139215262528,9.424139215262528,INDOFLOODS-gauge-724,84.38,25.91219812,50.57225357,66.73038084,79.09158152,106.9075527,293.5525517,366.1036919,370.0790418,380.0414185,385.9562785,4,125846.0156,81815.26563,6867.414063,1301,95678.64063,489397.4688,1.538172841,0.750176132,0.013597601,4.47e-10,0.36031276,1.333020329,0.000241113,0.000157662,1.677785158,1.315298915,0.257144809,92,1.72e-08,0.000108984,2.71e-12,0.205118537,92,21.0,4.0,1.0,,511826.125,358760.875,159276.0469,52868.6875,,5563.327637,17083.85156,39819.01172,52868.6875,,0.700942874,0.443961591,0.331931174,,4.380952358,5.25,4.0,,24.771796,9.061221,42.861437,345.593085,34.588484,13.423429,21.165054,25.794621,20.404565,28.91486,20.10795,1481.997552,333.037767,8.785639,99.352447,896.731088,40.664413,341.356918,55.625714,Tropical,38111741.82,27775532.07,17714391.85,11787466.08,9283986.363,6959165.633,3574.4634,4649.275,2407.8958,1702.1746,1446.5908,1177.378,1.279547,186.72093,2.561496239,0.4563203,0.4909377,0.42170292,0.388659,0.3619092,0.33673292,682307.1256,98.453282,No dominant class,No dominant class,Metamorphics,19.0833,83.8056,East flowing rivers between Mahanadi and Pennar,Odisha,6740.0,6867.414062999999,1.890416365,1994,9,247,Monsoon
84.5,93.80413921526252,-9.304139215262524,9.304139215262524,INDOFLOODS-gauge-724,84.5,325.7096195,387.6479182,387.648152,387.648152,387.7563758,388.0434745,388.1482666,388.2227046,388.8506848,390.41867,4,125846.0156,81815.26563,6867.414063,1301,95678.64063,489397.4688,1.538172841,0.750176132,0.013597601,4.47e-10,0.36031276,1.333020329,0.000241113,0.000157662,1.677785158,1.315298915,0.257144809,92,1.72e-08,0.000108984,2.71e-12,0.205118537,92,21.0,4.0,1.0,,511826.125,358760.875,159276.0469,52868.6875,,5563.327637,17083.85156,39819.01172,52868.6875,,0.700942874,0.443961591,0.331931174,,4.380952358,5.25,4.0,,24.771796,9.061221,42.861437,345.593085,34.588484,13.423429,21.165054,25.794621,20.404565,28.91486,20.10795,1481.997552,333.037767,8.785639,99.352447,896.731088,40.664413,341.356918,55.625714,Tropical,38111741.82,27775532.07,17714391.85,11787466.08,9283986.363,6959165.633,3574.4634,4649.275,2407.8958,1702.1746,1446.5908,1177.378,1.279547,186.72093,2.561496239,0.4563203,0.4909377,0.42170292,0.388659,0.3619092,0.33673292,682307.1256,98.453282,No dominant class,No dominant class,Metamorphics,19.0833,83.8056,East flowing rivers between Mahanadi and Pennar,Odisha,6740.0,6867.414062999999,1.890416365,2018,10,285,Post-Monsoon
300.63,309.8264131962366,-9.19641319623662,9.19641319623662,INDOFLOODS-gauge-472,300.63,14.76921425,32.98334152,49.72630189,62.89707247,82.86220643,94.74630611,112.3010612,123.72765459999998,132.505625,147.9706609,6,650388.9375,378736.5625,44652.65625,913,411680.4063,1664588.375,1.717259407,0.263467401,0.00221774,4.07e-11,0.202508584,3.795535803,0.000451163,0.000167508,2.237970829,1.579839468,0.390720576,581,1.68e-08,0.000100405,2.82e-12,0.152935132,581,126.0,31.0,9.0,3.0,3671381.5,1916652.625,965564.375,357243.875,345153.2813,6319.073242,15211.52832,31147.23828,39693.76563,115051.0938,0.522052169,0.503776431,0.369984537,0.966155887,4.611111164,4.064516068,3.444444418,3.0,24.964161,12.751767,41.11585,504.492075,41.046781,10.038858,31.007923,25.90896,24.431836,31.598482,18.730509,1267.92929,405.424048,4.618662,142.814047,1031.16188,27.087191,135.854057,34.012834,Tropical,62070252.02,44784344.93,31091858.92,24356314.02,23683134.33,20921424.15,2990.2112,3889.343,2227.44,1882.7871,1810.0876,1581.1671,1.487467,288.432099,5.58474887,0.474407538,0.510397127,0.438418027,0.40406436,0.376254261,0.350080065,8364153.0,186.969563,Cropland,Vertisols,Basic volcanic rocks,22.7561,77.7328,Narmada,Madhya Pradesh,44548.0,44652.65625,0.234929178,1973,8,240,Monsoon
314.77,305.65152003659773,9.118479963402253,9.118479963402253,INDOFLOODS-gauge-29,314.77,3.647756558,4.582615539,4.982214455,5.239993149,5.494792444,7.655831851,7.815528138999999,8.888273585,11.15413213,13.11449816,6,572100.6875,386962.3438,64017.37891,1487,389954.0938,1413298.5,1.478440166,0.420989156,0.003813269,3.59e-11,0.402754098,2.375358105,0.000763462,0.000163947,1.586924195,1.467097521,0.40479821,842,1.69e-08,0.000102806,2.76e-12,0.243788987,842,185.0,43.0,6.0,2.0,5508303.5,2695714.25,1311469.25,395859.9375,518155.375,6541.928223,14571.42871,30499.28516,65976.65625,259077.6875,0.489391029,0.486501575,0.301844627,1.308936119,4.551351547,4.302325726,7.166666508,3.0,25.396463,10.744284,55.465841,216.506056,35.851981,16.477877,19.374105,24.693599,25.220489,28.579781,23.129677,888.817316,258.047852,0.793609,97.609813,560.207341,5.966491,115.514914,90.523868,Arid,147827041.1,107228676.9,74716707.76,51375685.83,36591464.57,26972694.47,5127.34196,6669.091987,3802.856923,2801.004372,2177.24826,1766.342233,1.970453,360.825806,6.278768378,0.647867447,0.697016051,0.598718907,0.55180436,0.513825909,0.478081515,15478840.0,240.313451,Cropland,Vertisols,Metamorphics,15.9483,77.4264,Krishna,Andhra Pradesh,60630.0,64017.37891,5.586968349,1978,9,263,Monsoon
84.73,93.80413921526252,-9.07413921526252,9.07413921526252,INDOFLOODS-gauge-724,84.73,101.7448239,138.861201,146.8005219,239.7619732,274.1999545,280.25111680000003,285.3198617,297.49019510000005,320.7147705,331.0392939,4,125846.0156,81815.26563,6867.414063,1301,95678.64063,489397.4688,1.538172841,0.750176132,0.013597601,4.47e-10,0.36031276,1.333020329,0.000241113,0.000157662,1.677785158,1.315298915,0.257144809,92,1.72e-08,0.000108984,2.71e-12,0.205118537,92,21.0,4.0,1.0,,511826.125,358760.875,159276.0469,52868.6875,,5563.327637,17083.85156,39819.01172,52868.6875,,0.700942874,0.443961591,0.331931174,,4.380952358,5.25,4.0,,24.771796,9.061221,42.861437,345.593085,34.588484,13.423429,21.165054,25.794621,20.404565,28.91486,20.10795,1481.997552,333.037767,8.785639,99.352447,896.731088,40.664413,341.356918,55.625714,Tropical,38111741.82,27775532.07,17714391.85,11787466.08,9283986.363,6959165.633,3574.4634,4649.275,2407.8958,1702.1746,1446.5908,1177.378,1.279547,186.72093,2.561496239,0.4563203,0.4909377,0.42170292,0.388659,0.3619092,0.33673292,682307.1256,98.453282,No dominant class,No dominant class,Metamorphics,19.0833,83.8056,East flowing rivers between Mahanadi and Pennar,Odisha,6740.0,6867.414062999999,1.890416365,2008,9,261,Monsoon
300.81,309.8264131962366,-9.016413196236613,9.016413196236613,INDOFLOODS-gauge-472,300.81,30.07422984,61.84459399,86.58155822,101.6802166,114.8412486,143.49863090000005,164.008709,174.2901552,193.5478974,204.2214728,6,650388.9375,378736.5625,44652.65625,913,411680.4063,1664588.375,1.717259407,0.263467401,0.00221774,4.07e-11,0.202508584,3.795535803,0.000451163,0.000167508,2.237970829,1.579839468,0.390720576,581,1.68e-08,0.000100405,2.82e-12,0.152935132,581,126.0,31.0,9.0,3.0,3671381.5,1916652.625,965564.375,357243.875,345153.2813,6319.073242,15211.52832,31147.23828,39693.76563,115051.0938,0.522052169,0.503776431,0.369984537,0.966155887,4.611111164,4.064516068,3.444444418,3.0,24.964161,12.751767,41.11585,504.492075,41.046781,10.038858,31.007923,25.90896,24.431836,31.598482,18.730509,1267.92929,405.424048,4.618662,142.814047,1031.16188,27.087191,135.854057,34.012834,Tropical,62070252.02,44784344.93,31091858.92,24356314.02,23683134.33,20921424.15,2990.2112,3889.343,2227.44,1882.7871,1810.0876,1581.1671,1.487467,288.432099,5.58474887,0.474407538,0.510397127,0.438418027,0.40406436,0.376254261,0.350080065,8364153.0,186.969563,Cropland,Vertisols,Basic volcanic rocks,22.7561,77.7328,Narmada,Madhya Pradesh,44548.0,44652.65625,0.234929178,1974,8,229,Monsoon
84.8,93.80413921526252,-9.004139215262526,9.004139215262526,INDOFLOODS-gauge-724,84.8,30.67128618,60.88276467,61.75040178,70.21073789,111.8494392,125.9446227,127.4446663,133.49327,217.3518927,272.4516253,4,125846.0156,81815.26563,6867.414063,1301,95678.64063,489397.4688,1.538172841,0.750176132,0.013597601,4.47e-10,0.36031276,1.333020329,0.000241113,0.000157662,1.677785158,1.315298915,0.257144809,92,1.72e-08,0.000108984,2.71e-12,0.205118537,92,21.0,4.0,1.0,,511826.125,358760.875,159276.0469,52868.6875,,5563.327637,17083.85156,39819.01172,52868.6875,,0.700942874,0.443961591,0.331931174,,4.380952358,5.25,4.0,,24.771796,9.061221,42.861437,345.593085,34.588484,13.423429,21.165054,25.794621,20.404565,28.91486,20.10795,1481.997552,333.037767,8.785639,99.352447,896.731088,40.664413,341.356918,55.625714,Tropical,38111741.82,27775532.07,17714391.85,11787466.08,9283986.363,6959165.633,3574.4634,4649.275,2407.8958,1702.1746,1446.5908,1177.378,1.279547,186.72093,2.561496239,0.4563203,0.4909377,0.42170292,0.388659,0.3619092,0.33673292,682307.1256,98.453282,No dominant class,No dominant class,Metamorphics,19.0833,83.8056,East flowing rivers between Mahanadi and Pennar,Odisha,6740.0,6867.414062999999,1.890416365,2003,9,249,Monsoon
84.91,93.80413921526252,-8.894139215262527,8.894139215262527,INDOFLOODS-gauge-724,84.91,79.95602543,138.6571282,162.3741104,172.5803257,193.5543128,205.55660680000005,211.8118591,215.1619978,216.5509835,220.4880365,4,125846.0156,81815.26563,6867.414063,1301,95678.64063,489397.4688,1.538172841,0.750176132,0.013597601,4.47e-10,0.36031276,1.333020329,0.000241113,0.000157662,1.677785158,1.315298915,0.257144809,92,1.72e-08,0.000108984,2.71e-12,0.205118537,92,21.0,4.0,1.0,,511826.125,358760.875,159276.0469,52868.6875,,5563.327637,17083.85156,39819.01172,52868.6875,,0.700942874,0.443961591,0.331931174,,4.380952358,5.25,4.0,,24.771796,9.061221,42.861437,345.593085,34.588484,13.423429,21.165054,25.794621,20.404565,28.91486,20.10795,1481.997552,333.037767,8.785639,99.352447,896.731088,40.664413,341.356918,55.625714,Tropical,38111741.82,27775532.07,17714391.85,11787466.08,9283986.363,6959165.633,3574.4634,4649.275,2407.8958,1702.1746,1446.5908,1177.378,1.279547,186.72093,2.561496239,0.4563203,0.4909377,0.42170292,0.388659,0.3619092,0.33673292,682307.1256,98.453282,No dominant class,No dominant class,Metamorphics,19.0833,83.8056,East flowing rivers between Mahanadi and Pennar,Odisha,6740.0,6867.414062999999,1.890416365,2003,10,280,Post-Monsoon
85.03,93.80413921526252,-8.774139215262522,8.774139215262522,INDOFLOODS-gauge-724,85.03,126.0203305,146.24225769999995,154.1473011,199.6260283,224.768584,239.799895,244.90793540000004,254.5923692,264.2972831,276.8841232,4,125846.0156,81815.26563,6867.414063,1301,95678.64063,489397.4688,1.538172841,0.750176132,0.013597601,4.47e-10,0.36031276,1.333020329,0.000241113,0.000157662,1.677785158,1.315298915,0.257144809,92,1.72e-08,0.000108984,2.71e-12,0.205118537,92,21.0,4.0,1.0,,511826.125,358760.875,159276.0469,52868.6875,,5563.327637,17083.85156,39819.01172,52868.6875,,0.700942874,0.443961591,0.331931174,,4.380952358,5.25,4.0,,24.771796,9.061221,42.861437,345.593085,34.588484,13.423429,21.165054,25.794621,20.404565,28.91486,20.10795,1481.997552,333.037767,8.785639,99.352447,896.731088,40.664413,341.356918,55.625714,Tropical,38111741.82,27775532.07,17714391.85,11787466.08,9283986.363,6959165.633,3574.4634,4649.275,2407.8958,1702.1746,1446.5908,1177.378,1.279547,186.72093,2.561496239,0.4563203,0.4909377,0.42170292,0.388659,0.3619092,0.33673292,682307.1256,98.453282,No dominant class,No dominant class,Metamorphics,19.0833,83.8056,East flowing rivers between Mahanadi and Pennar,Odisha,6740.0,6867.414062999999,1.890416365,2006,7,184,Monsoon
11.47,2.704628688366314,8.765371311633686,8.765371311633686,INDOFLOODS-gauge-429,11.47,0.007690746,0.007690746,0.007690746,0.028440904,0.211061074,0.308974891,0.538576878,0.926746369,1.199740281,1.353612429,3,71464.60938,57389.75391,813.0768433,1737,59878.34375,179882.2656,1.245250344,0.226773366,0.029008819,2.08e-09,0.31576556,4.40968895,8.34e-05,0.000140846,1.792230129,1.193496704,0.397285461,12,1.84e-08,0.000130983,2.6e-12,0.244649813,12,2.0,1.0,,,39029.13281,26071.5332,49418.10547,,,3252.427734,13035.7666,49418.10547,,,0.668001831,1.895481348,,,6.0,2.0,,,25.9632,7.673909,66.263042,103.314341,31.850515,20.265773,11.584742,25.615808,25.580189,27.495567,24.874742,2200.758763,381.073196,31.23299,61.751439,957.151546,144.071134,405.985567,331.583505,Tropical,243670159.1,178374575.0,122525667.4,80005322.33,51122901.3,36064275.01,6329.4634,8232.682,4635.839,3245.9465,2198.1104,1649.214,3.822601,412.777778,23.02158273,0.9958371,1.0,0.9202909,0.8481785,0.7898019,0.7348591,320795.9252,389.294534,No dominant class,Acrisols,Acid plutonic rocks,9.22,76.71,West Flowing Rivers From Tadri to Kanyakumari,Kerala,810.0,813.0768433,0.3798571979999999,2018,2,32,Winter
85.1,93.80413921526252,-8.70413921526253,8.70413921526253,INDOFLOODS-gauge-724,85.1,34.245078,48.02077067,56.16948705,67.90075878,80.90807302,90.55505086,110.1407893,130.2258913,146.4165596,160.9057194,4,125846.0156,81815.26563,6867.414063,1301,95678.64063,489397.4688,1.538172841,0.750176132,0.013597601,4.47e-10,0.36031276,1.333020329,0.000241113,0.000157662,1.677785158,1.315298915,0.257144809,92,1.72e-08,0.000108984,2.71e-12,0.205118537,92,21.0,4.0,1.0,,511826.125,358760.875,159276.0469,52868.6875,,5563.327637,17083.85156,39819.01172,52868.6875,,0.700942874,0.443961591,0.331931174,,4.380952358,5.25,4.0,,24.771796,9.061221,42.861437,345.593085,34.588484,13.423429,21.165054,25.794621,20.404565,28.91486,20.10795,1481.997552,333.037767,8.785639,99.352447,896.731088,40.664413,341.356918,55.625714,Tropical,38111741.82,27775532.07,17714391.85,11787466.08,9283986.363,6959165.633,3574.4634,4649.275,2407.8958,1702.1746,1446.5908,1177.378,1.279547,186.72093,2.561496239,0.4563203,0.4909377,0.42170292,0.388659,0.3619092,0.33673292,682307.1256,98.453282,No dominant class,No dominant class,Metamorphics,19.0833,83.8056,East flowing rivers between Mahanadi and Pennar,Odisha,6740.0,6867.414062999999,1.890416365,1992,7,208,Monsoon
329.24,337.799855866686,-8.559855866686007,8.559855866686007,INDOFLOODS-gauge-526,329.24,82.22361087,98.30110556,101.2847177,109.5459718,156.6348956,187.08430780000003,213.4302519,240.1925565,263.5834418,286.8896321000001,6,472637.1563,255888.5313,25984.77539,791,285735.7813,1144848.375,1.847043157,0.318265617,0.002768292,7.7e-11,0.24913393,3.142029762,0.000382583,0.000160936,2.0177145,1.654105544,0.412838221,343,1.69e-08,0.000104737,2.71e-12,0.127300754,343,69.0,18.0,5.0,2.0,1991387.5,1038619.688,529238.8125,274154.5938,302551.9063,5805.794434,15052.45898,29402.15625,54830.91797,151275.9531,0.521555781,0.509559751,0.518016815,1.103581429,4.9710145,3.833333254,3.599999905,2.5,24.551002,12.999871,41.115241,514.322788,40.824335,9.209207,31.615128,25.784083,22.457422,31.199476,18.126943,1286.5322,412.283941,5.018142,141.789426,1032.383962,31.134045,144.708767,35.433957,Temperate,70430466.68,50700348.63,35067131.01,27369228.36,26515597.7,23339661.78,2990.2112,3889.343,2227.44,1882.7871,1810.0876,1581.1671,1.637423,327.498498,6.41918425,0.476251677,0.512381166,0.440122266,0.405635058,0.377716855,0.351440913,5099614.0,195.979946,No dominant class,Vertisols,Basic volcanic rocks,23.0308,79.0156,Narmada,Madhya Pradesh,26453.0,25984.77539,1.77002461,1991,8,236,Monsoon
329.25,337.799855866686,-8.549855866686016,8.549855866686016,INDOFLOODS-gauge-526,329.25,48.99779676,86.94835835,128.6372531,146.17956909999995,152.9372155,168.333352,194.2022711,212.1780772,217.4683358,226.7329136,6,472637.1563,255888.5313,25984.77539,791,285735.7813,1144848.375,1.847043157,0.318265617,0.002768292,7.7e-11,0.24913393,3.142029762,0.000382583,0.000160936,2.0177145,1.654105544,0.412838221,343,1.69e-08,0.000104737,2.71e-12,0.127300754,343,69.0,18.0,5.0,2.0,1991387.5,1038619.688,529238.8125,274154.5938,302551.9063,5805.794434,15052.45898,29402.15625,54830.91797,151275.9531,0.521555781,0.509559751,0.518016815,1.103581429,4.9710145,3.833333254,3.599999905,2.5,24.551002,12.999871,41.115241,514.322788,40.824335,9.209207,31.615128,25.784083,22.457422,31.199476,18.126943,1286.5322,412.283941,5.018142,141.789426,1032.383962,31.134045,144.708767,35.433957,Temperate,70430466.68,50700348.63,35067131.01,27369228.36,26515597.7,23339661.78,2990.2112,3889.343,2227.44,1882.7871,1810.0876,1581.1671,1.637423,327.498498,6.41918425,0.476251677,0.512381166,0.440122266,0.405635058,0.377716855,0.351440913,5099614.0,195.979946,No dominant class,Vertisols,Basic volcanic rocks,23.0308,79.0156,Narmada,Madhya Pradesh,26453.0,25984.77539,1.77002461,1974,8,230,Monsoon
329.26,337.799855866686,-8.539855866686025,8.539855866686025,INDOFLOODS-gauge-526,329.26,81.05466202,117.798221,142.095397,164.3233177,198.0700688,207.2405242,224.2746787,232.12951260000003,238.4575775,246.2257,6,472637.1563,255888.5313,25984.77539,791,285735.7813,1144848.375,1.847043157,0.318265617,0.002768292,7.7e-11,0.24913393,3.142029762,0.000382583,0.000160936,2.0177145,1.654105544,0.412838221,343,1.69e-08,0.000104737,2.71e-12,0.127300754,343,69.0,18.0,5.0,2.0,1991387.5,1038619.688,529238.8125,274154.5938,302551.9063,5805.794434,15052.45898,29402.15625,54830.91797,151275.9531,0.521555781,0.509559751,0.518016815,1.103581429,4.9710145,3.833333254,3.599999905,2.5,24.551002,12.999871,41.115241,514.322788,40.824335,9.209207,31.615128,25.784083,22.457422,31.199476,18.126943,1286.5322,412.283941,5.018142,141.789426,1032.383962,31.134045,144.708767,35.433957,Temperate,70430466.68,50700348.63,35067131.01,27369228.36,26515597.7,23339661.78,2990.2112,3889.343,2227.44,1882.7871,1810.0876,1581.1671,1.637423,327.498498,6.41918425,0.476251677,0.512381166,0.440122266,0.405635058,0.377716855,0.351440913,5099614.0,195.979946,No dominant class,Vertisols,Basic volcanic rocks,23.0308,79.0156,Narmada,Madhya Pradesh,26453.0,25984.77539,1.77002461,1999,9,259,Monsoon
36.4,28.293345632833905,8.106654367166094,8.106654367166094,INDOFLOODS-gauge-1085,36.4,4.905436701,5.794233638,8.169769663,8.956358506,9.686805805,11.2031022,14.41233262,17.30609535,25.47478904,35.01234272,5,463678.7188,330162.8125,21904.48242,1204,341410.3438,1098149.25,1.40439415,0.18792288,0.003526548,7.02e-11,0.228254899,5.321331978,0.000363339,0.000161826,2.107978106,1.358127356,0.422236532,315,1.82e-08,0.000112562,2.95e-12,0.1948383,315,67.0,13.0,3.0,1.0,1756620.375,817386.5,396399.9375,274903.0313,299401.1875,5576.572754,12199.79883,30492.30273,91634.34375,299401.1875,0.465317667,0.484960228,0.693499207,1.08911562,4.70149231,5.153846264,4.333333492,3.0,25.324364,11.317986,40.461182,493.632095,38.792319,10.797642,27.994677,27.586145,18.959131,31.029907,18.706263,1213.55461,306.451879,3.037624,115.792655,829.954574,26.053865,236.935106,34.614645,Tropical,193803869.7,139464558.5,95072538.82,76975155.1,55169759.77,46898096.51,2346.516734,3052.095218,1713.25437,1511.417903,1239.699602,1215.136213,7.762763,433.032258,42.26073014,0.508558694,0.547139028,0.469978406,0.433151714,0.403339676,0.375281258,15777280.0,722.63754,Cropland,Luvisols,Metamorphics,22.8381,87.9031,Ganga - Brahmaputra -Meghna/Barak,West Bengal,21310.0,21904.48242,2.789687565,2012,9,247,Monsoon
85.75,93.80413921526252,-8.054139215262524,8.054139215262524,INDOFLOODS-gauge-724,85.75,112.5996449,123.0471831,126.17325459999998,129.781697,131.9528048,132.5760364,132.9561622,134.3261965,146.9338565,149.0820469,4,125846.0156,81815.26563,6867.414063,1301,95678.64063,489397.4688,1.538172841,0.750176132,0.013597601,4.47e-10,0.36031276,1.333020329,0.000241113,0.000157662,1.677785158,1.315298915,0.257144809,92,1.72e-08,0.000108984,2.71e-12,0.205118537,92,21.0,4.0,1.0,,511826.125,358760.875,159276.0469,52868.6875,,5563.327637,17083.85156,39819.01172,52868.6875,,0.700942874,0.443961591,0.331931174,,4.380952358,5.25,4.0,,24.771796,9.061221,42.861437,345.593085,34.588484,13.423429,21.165054,25.794621,20.404565,28.91486,20.10795,1481.997552,333.037767,8.785639,99.352447,896.731088,40.664413,341.356918,55.625714,Tropical,38111741.82,27775532.07,17714391.85,11787466.08,9283986.363,6959165.633,3574.4634,4649.275,2407.8958,1702.1746,1446.5908,1177.378,1.279547,186.72093,2.561496239,0.4563203,0.4909377,0.42170292,0.388659,0.3619092,0.33673292,682307.1256,98.453282,No dominant class,No dominant class,Metamorphics,19.0833,83.8056,East flowing rivers between Mahanadi and Pennar,Odisha,6740.0,6867.414062999999,1.890416365,1991,7,210,Monsoon
85.95,93.80413921526252,-7.854139215262521,7.854139215262521,INDOFLOODS-gauge-724,85.95,185.8050534,241.4561317,253.5355829,271.7705765,283.7335348000001,291.0005651,292.4923701,294.0535792,302.0882692,309.4250624,4,125846.0156,81815.26563,6867.414063,1301,95678.64063,489397.4688,1.538172841,0.750176132,0.013597601,4.47e-10,0.36031276,1.333020329,0.000241113,0.000157662,1.677785158,1.315298915,0.257144809,92,1.72e-08,0.000108984,2.71e-12,0.205118537,92,21.0,4.0,1.0,,511826.125,358760.875,159276.0469,52868.6875,,5563.327637,17083.85156,39819.01172,52868.6875,,0.700942874,0.443961591,0.331931174,,4.380952358,5.25,4.0,,24.771796,9.061221,42.861437,345.593085,34.588484,13.423429,21.165054,25.794621,20.404565,28.91486,20.10795,1481.997552,333.037767,8.785639,99.352447,896.731088,40.664413,341.356918,55.625714,Tropical,38111741.82,27775532.07,17714391.85,11787466.08,9283986.363,6959165.633,3574.4634,4649.275,2407.8958,1702.1746,1446.5908,1177.378,1.279547,186.72093,2.561496239,0.4563203,0.4909377,0.42170292,0.388659,0.3619092,0.33673292,682307.1256,98.453282,No dominant class,No dominant class,Metamorphics,19.0833,83.8056,East flowing rivers between Mahanadi and Pennar,Odisha,6740.0,6867.414062999999,1.890416365,2007,8,219,Monsoon
330.19,337.799855866686,-7.609855866686018,7.609855866686018,INDOFLOODS-gauge-526,330.19,19.57998217,72.02643263,169.6678051,212.2591826,227.5610371,239.9340956,257.3343481,269.0259632,273.569175,276.7289403,6,472637.1563,255888.5313,25984.77539,791,285735.7813,1144848.375,1.847043157,0.318265617,0.002768292,7.7e-11,0.24913393,3.142029762,0.000382583,0.000160936,2.0177145,1.654105544,0.412838221,343,1.69e-08,0.000104737,2.71e-12,0.127300754,343,69.0,18.0,5.0,2.0,1991387.5,1038619.688,529238.8125,274154.5938,302551.9063,5805.794434,15052.45898,29402.15625,54830.91797,151275.9531,0.521555781,0.509559751,0.518016815,1.103581429,4.9710145,3.833333254,3.599999905,2.5,24.551002,12.999871,41.115241,514.322788,40.824335,9.209207,31.615128,25.784083,22.457422,31.199476,18.126943,1286.5322,412.283941,5.018142,141.789426,1032.383962,31.134045,144.708767,35.433957,Temperate,70430466.68,50700348.63,35067131.01,27369228.36,26515597.7,23339661.78,2990.2112,3889.343,2227.44,1882.7871,1810.0876,1581.1671,1.637423,327.498498,6.41918425,0.476251677,0.512381166,0.440122266,0.405635058,0.377716855,0.351440913,5099614.0,195.979946,No dominant class,Vertisols,Basic volcanic rocks,23.0308,79.0156,Narmada,Madhya Pradesh,26453.0,25984.77539,1.77002461,1972,8,243,Monsoon
313.26,305.65152003659773,7.60847996340226,7.60847996340226,INDOFLOODS-gauge-29,313.26,2.072011596,2.385665045,3.398686756,6.604489187,10.6364422,14.52710517,15.25465779,18.2000605,24.32441516,30.48352896,6,572100.6875,386962.3438,64017.37891,1487,389954.0938,1413298.5,1.478440166,0.420989156,0.003813269,3.59e-11,0.402754098,2.375358105,0.000763462,0.000163947,1.586924195,1.467097521,0.40479821,842,1.69e-08,0.000102806,2.76e-12,0.243788987,842,185.0,43.0,6.0,2.0,5508303.5,2695714.25,1311469.25,395859.9375,518155.375,6541.928223,14571.42871,30499.28516,65976.65625,259077.6875,0.489391029,0.486501575,0.301844627,1.308936119,4.551351547,4.302325726,7.166666508,3.0,25.396463,10.744284,55.465841,216.506056,35.851981,16.477877,19.374105,24.693599,25.220489,28.579781,23.129677,888.817316,258.047852,0.793609,97.609813,560.207341,5.966491,115.514914,90.523868,Arid,147827041.1,107228676.9,74716707.76,51375685.83,36591464.57,26972694.47,5127.34196,6669.091987,3802.856923,2801.004372,2177.24826,1766.342233,1.970453,360.825806,6.278768378,0.647867447,0.697016051,0.598718907,0.55180436,0.513825909,0.478081515,15478840.0,240.313451,Cropland,Vertisols,Metamorphics,15.9483,77.4264,Krishna,Andhra Pradesh,60630.0,64017.37891,5.586968349,1975,10,290,Post-Monsoon
330.45,337.799855866686,-7.349855866686028,7.349855866686028,INDOFLOODS-gauge-526,330.45,54.64082213,69.19042979,85.37402863,106.5357158,123.9855463,146.81432080000005,156.12599790000004,170.6904582,185.895239,194.1631068,6,472637.1563,255888.5313,25984.77539,791,285735.7813,1144848.375,1.847043157,0.318265617,0.002768292,7.7e-11,0.24913393,3.142029762,0.000382583,0.000160936,2.0177145,1.654105544,0.412838221,343,1.69e-08,0.000104737,2.71e-12,0.127300754,343,69.0,18.0,5.0,2.0,1991387.5,1038619.688,529238.8125,274154.5938,302551.9063,5805.794434,15052.45898,29402.15625,54830.91797,151275.9531,0.521555781,0.509559751,0.518016815,1.103581429,4.9710145,3.833333254,3.599999905,2.5,24.551002,12.999871,41.115241,514.322788,40.824335,9.209207,31.615128,25.784083,22.457422,31.199476,18.126943,1286.5322,412.283941,5.018142,141.789426,1032.383962,31.134045,144.708767,35.433957,Temperate,70430466.68,50700348.63,35067131.01,27369228.36,26515597.7,23339661.78,2990.2112,3889.343,2227.44,1882.7871,1810.0876,1581.1671,1.637423,327.498498,6.41918425,0.476251677,0.512381166,0.440122266,0.405635058,0.377716855,0.351440913,5099614.0,195.979946,No dominant class,Vertisols,Basic volcanic rocks,23.0308,79.0156,Narmada,Madhya Pradesh,26453.0,25984.77539,1.77002461,1973,8,241,Monsoon
312.9,305.65152003659773,7.2484799634022465,7.2484799634022465,INDOFLOODS-gauge-29,312.9,4.412770185,6.843301428999999,9.10885088,12.22763942,14.19858876,15.50610877,18.51046868,23.95489399,31.5203893,41.45468445,6,572100.6875,386962.3438,64017.37891,1487,389954.0938,1413298.5,1.478440166,0.420989156,0.003813269,3.59e-11,0.402754098,2.375358105,0.000763462,0.000163947,1.586924195,1.467097521,0.40479821,842,1.69e-08,0.000102806,2.76e-12,0.243788987,842,185.0,43.0,6.0,2.0,5508303.5,2695714.25,1311469.25,395859.9375,518155.375,6541.928223,14571.42871,30499.28516,65976.65625,259077.6875,0.489391029,0.486501575,0.301844627,1.308936119,4.551351547,4.302325726,7.166666508,3.0,25.396463,10.744284,55.465841,216.506056,35.851981,16.477877,19.374105,24.693599,25.220489,28.579781,23.129677,888.817316,258.047852,0.793609,97.609813,560.207341,5.966491,115.514914,90.523868,Arid,147827041.1,107228676.9,74716707.76,51375685.83,36591464.57,26972694.47,5127.34196,6669.091987,3802.856923,2801.004372,2177.24826,1766.342233,1.970453,360.825806,6.278768378,0.647867447,0.697016051,0.598718907,0.55180436,0.513825909,0.478081515,15478840.0,240.313451,Cropland,Vertisols,Metamorphics,15.9483,77.4264,Krishna,Andhra Pradesh,60630.0,64017.37891,5.586968349,1975,7,202,Monsoon
608.1,600.8687036877375,7.231296312262543,7.231296312262543,INDOFLOODS-gauge-319,608.1,31.5408201,55.5739945,105.3975559,131.08016070000002,140.2430246,143.2519459,159.4829563,166.61371430000003,169.04130980000005,169.4512199,4,127419.5781,97785.86719,3298.440918,552,100640.2969,319578.8125,1.303046942,0.325660348,0.00548488,6.13e-10,0.405847251,3.070683956,0.000175231,0.000151761,1.580865264,1.266089082,0.398710966,43,1.7e-08,0.000111872,2.58e-12,0.083771802,43,9.0,3.0,1.0,,246173.9063,92599.05469,140640.8906,21159.23242,,5724.974609,10288.78418,46880.29688,21159.23242,,0.376152992,1.518815637,0.15044865,,4.777777672,3.0,3.0,,24.244818,10.761735,56.086204,217.895015,34.524937,15.330933,19.194004,23.728458,24.071864,27.32367,21.646546,770.187908,167.716006,1.33417,87.78182,423.558455,7.539388,133.620923,64.086302,Tropical,696193281.4,492973433.2,334615683.0,220245511.6,151504351.3,106779797.8,5119.719323,6659.177282,3846.718692,2823.256303,2193.197179,1775.823774,19.868362,1484.3,32.44191144,0.655875555,0.705631667,0.606119503,0.558625055,0.520177164,0.483990947,6336434.0,1905.966541,Cropland,Lixisols,No dominant class,12.5172,77.4369,Cauvery,Karnataka,3500.0,3298.440918,5.758830914,2017,9,253,Monsoon
21.2,28.293345632833905,-7.0933456328339055,7.0933456328339055,INDOFLOODS-gauge-1085,21.2,1.516296397,4.725526815,7.619289546,15.78798323,25.32553692,31.67192792,38.03727729,50.37616719,54.90962345,56.3876788,5,463678.7188,330162.8125,21904.48242,1204,341410.3438,1098149.25,1.40439415,0.18792288,0.003526548,7.02e-11,0.228254899,5.321331978,0.000363339,0.000161826,2.107978106,1.358127356,0.422236532,315,1.82e-08,0.000112562,2.95e-12,0.1948383,315,67.0,13.0,3.0,1.0,1756620.375,817386.5,396399.9375,274903.0313,299401.1875,5576.572754,12199.79883,30492.30273,91634.34375,299401.1875,0.465317667,0.484960228,0.693499207,1.08911562,4.70149231,5.153846264,4.333333492,3.0,25.324364,11.317986,40.461182,493.632095,38.792319,10.797642,27.994677,27.586145,18.959131,31.029907,18.706263,1213.55461,306.451879,3.037624,115.792655,829.954574,26.053865,236.935106,34.614645,Tropical,193803869.7,139464558.5,95072538.82,76975155.1,55169759.77,46898096.51,2346.516734,3052.095218,1713.25437,1511.417903,1239.699602,1215.136213,7.762763,433.032258,42.26073014,0.508558694,0.547139028,0.469978406,0.433151714,0.403339676,0.375281258,15777280.0,722.63754,Cropland,Luvisols,Metamorphics,22.8381,87.9031,Ganga - Brahmaputra -Meghna/Barak,West Bengal,21310.0,21904.48242,2.789687565,2012,8,242,Monsoon
312.56,305.65152003659773,6.908479963402272,6.908479963402272,INDOFLOODS-gauge-29,312.56,2.848125623,5.297422871,9.570544287,16.83707304,25.861892,32.22260105,37.48582773,42.93603371,49.25009157,58.69959627,6,572100.6875,386962.3438,64017.37891,1487,389954.0938,1413298.5,1.478440166,0.420989156,0.003813269,3.59e-11,0.402754098,2.375358105,0.000763462,0.000163947,1.586924195,1.467097521,0.40479821,842,1.69e-08,0.000102806,2.76e-12,0.243788987,842,185.0,43.0,6.0,2.0,5508303.5,2695714.25,1311469.25,395859.9375,518155.375,6541.928223,14571.42871,30499.28516,65976.65625,259077.6875,0.489391029,0.486501575,0.301844627,1.308936119,4.551351547,4.302325726,7.166666508,3.0,25.396463,10.744284,55.465841,216.506056,35.851981,16.477877,19.374105,24.693599,25.220489,28.579781,23.129677,888.817316,258.047852,0.793609,97.609813,560.207341,5.966491,115.514914,90.523868,Arid,147827041.1,107228676.9,74716707.76,51375685.83,36591464.57,26972694.47,5127.34196,6669.091987,3802.856923,2801.004372,2177.24826,1766.342233,1.970453,360.825806,6.278768378,0.647867447,0.697016051,0.598718907,0.55180436,0.513825909,0.478081515,15478840.0,240.313451,Cropland,Vertisols,Metamorphics,15.9483,77.4264,Krishna,Andhra Pradesh,60630.0,64017.37891,5.586968349,1981,8,227,Monsoon
9.56,2.704628688366314,6.855371311633686,6.855371311633686,INDOFLOODS-gauge-429,9.56,0.272993912,0.42686606,0.8044156179999999,0.8044156179999999,0.9211272,1.037838782,1.587923508,2.334750858,2.375668959,2.538929547,3,71464.60938,57389.75391,813.0768433,1737,59878.34375,179882.2656,1.245250344,0.226773366,0.029008819,2.08e-09,0.31576556,4.40968895,8.34e-05,0.000140846,1.792230129,1.193496704,0.397285461,12,1.84e-08,0.000130983,2.6e-12,0.244649813,12,2.0,1.0,,,39029.13281,26071.5332,49418.10547,,,3252.427734,13035.7666,49418.10547,,,0.668001831,1.895481348,,,6.0,2.0,,,25.9632,7.673909,66.263042,103.314341,31.850515,20.265773,11.584742,25.615808,25.580189,27.495567,24.874742,2200.758763,381.073196,31.23299,61.751439,957.151546,144.071134,405.985567,331.583505,Tropical,243670159.1,178374575.0,122525667.4,80005322.33,51122901.3,36064275.01,6329.4634,8232.682,4635.839,3245.9465,2198.1104,1649.214,3.822601,412.777778,23.02158273,0.9958371,1.0,0.9202909,0.8481785,0.7898019,0.7348591,320795.9252,389.294534,No dominant class,Acrisols,Acid plutonic rocks,9.22,76.71,West Flowing Rivers From Tadri to Kanyakumari,Kerala,810.0,813.0768433,0.3798571979999999,2018,1,24,Winter
312.5,305.65152003659773,6.848479963402269,6.848479963402269,INDOFLOODS-gauge-29,312.5,1.252638079,3.0982658080000003,5.031832322,5.986113382999999,6.57386661,7.105024379,9.318712818,13.3468663,16.51118786,21.80947807,6,572100.6875,386962.3438,64017.37891,1487,389954.0938,1413298.5,1.478440166,0.420989156,0.003813269,3.59e-11,0.402754098,2.375358105,0.000763462,0.000163947,1.586924195,1.467097521,0.40479821,842,1.69e-08,0.000102806,2.76e-12,0.243788987,842,185.0,43.0,6.0,2.0,5508303.5,2695714.25,1311469.25,395859.9375,518155.375,6541.928223,14571.42871,30499.28516,65976.65625,259077.6875,0.489391029,0.486501575,0.301844627,1.308936119,4.551351547,4.302325726,7.166666508,3.0,25.396463,10.744284,55.465841,216.506056,35.851981,16.477877,19.374105,24.693599,25.220489,28.579781,23.129677,888.817316,258.047852,0.793609,97.609813,560.207341,5.966491,115.514914,90.523868,Arid,147827041.1,107228676.9,74716707.76,51375685.83,36591464.57,26972694.47,5127.34196,6669.091987,3802.856923,2801.004372,2177.24826,1766.342233,1.970453,360.825806,6.278768378,0.647867447,0.697016051,0.598718907,0.55180436,0.513825909,0.478081515,15478840.0,240.313451,Cropland,Vertisols,Metamorphics,15.9483,77.4264,Krishna,Andhra Pradesh,60630.0,64017.37891,5.586968349,1981,8,243,Monsoon
312.43,305.65152003659773,6.778479963402276,6.778479963402276,INDOFLOODS-gauge-29,312.43,0.533000434,4.344417228999999,12.42826105,19.804208,22.36803873,31.70936285,41.99888796,53.56550743,63.23948848,69.93297625,6,572100.6875,386962.3438,64017.37891,1487,389954.0938,1413298.5,1.478440166,0.420989156,0.003813269,3.59e-11,0.402754098,2.375358105,0.000763462,0.000163947,1.586924195,1.467097521,0.40479821,842,1.69e-08,0.000102806,2.76e-12,0.243788987,842,185.0,43.0,6.0,2.0,5508303.5,2695714.25,1311469.25,395859.9375,518155.375,6541.928223,14571.42871,30499.28516,65976.65625,259077.6875,0.489391029,0.486501575,0.301844627,1.308936119,4.551351547,4.302325726,7.166666508,3.0,25.396463,10.744284,55.465841,216.506056,35.851981,16.477877,19.374105,24.693599,25.220489,28.579781,23.129677,888.817316,258.047852,0.793609,97.609813,560.207341,5.966491,115.514914,90.523868,Arid,147827041.1,107228676.9,74716707.76,51375685.83,36591464.57,26972694.47,5127.34196,6669.091987,3802.856923,2801.004372,2177.24826,1766.342233,1.970453,360.825806,6.278768378,0.647867447,0.697016051,0.598718907,0.55180436,0.513825909,0.478081515,15478840.0,240.313451,Cropland,Vertisols,Metamorphics,15.9483,77.4264,Krishna,Andhra Pradesh,60630.0,64017.37891,5.586968349,1979,8,225,Monsoon
315.71,309.09617212193166,6.613827878068321,6.613827878068321,INDOFLOODS-gauge-29,315.71,12.01614414,37.58611427,66.64738642,82.89344853,83.81189117,83.9988908,84.14064397,84.16224717,84.18118839,86.57966735,6,572100.6875,386962.3438,64017.37891,1487,389954.0938,1413298.5,1.478440166,0.420989156,0.003813269,3.59e-11,0.402754098,2.375358105,0.000763462,0.000163947,1.586924195,1.467097521,0.40479821,842,1.69e-08,0.000102806,2.76e-12,0.243788987,842,185.0,43.0,6.0,2.0,5508303.5,2695714.25,1311469.25,395859.9375,518155.375,6541.928223,14571.42871,30499.28516,65976.65625,259077.6875,0.489391029,0.486501575,0.301844627,1.308936119,4.551351547,4.302325726,7.166666508,3.0,25.396463,10.744284,55.465841,216.506056,35.851981,16.477877,19.374105,24.693599,25.220489,28.579781,23.129677,888.817316,258.047852,0.793609,97.609813,560.207341,5.966491,115.514914,90.523868,Arid,147827041.1,107228676.9,74716707.76,51375685.83,36591464.57,26972694.47,5127.34196,6669.091987,3802.856923,2801.004372,2177.24826,1766.342233,1.970453,360.825806,6.278768378,0.647867447,0.697016051,0.598718907,0.55180436,0.513825909,0.478081515,15478840.0,240.313451,Cropland,Vertisols,Metamorphics,15.9483,77.4264,Krishna,Andhra Pradesh,60630.0,64017.37891,5.586968349,1992,11,324,Post-Monsoon
245.05,251.6069549161525,-6.556954916152478,6.556954916152478,INDOFLOODS-gauge-562,245.05,17.56071318,30.2021131,37.76687514,45.45054194,60.20165674,65.59722372,69.46570489,81.46731932,106.475381,121.1968709,5,176802.8281,110943.6875,8086.739746,876,112618.3438,537532.3125,1.593626738,0.637610137,0.007778484,3.5e-10,0.351701468,1.568356514,0.000267891,0.000188917,1.698200941,1.569929242,0.328915715,100,1.78e-08,9.43e-05,3.36e-12,0.16549097,100,30.0,10.0,3.0,1.0,743131.4375,388686.7813,271471.0938,82725.88281,41704.44531,7431.314453,12956.22559,27147.10938,27575.29492,41704.44531,0.523039103,0.698431492,0.304731816,0.504128158,3.333333254,3.0,3.333333254,3.0,26.895902,12.97327,45.244165,424.326837,42.208971,13.542206,28.666765,26.430209,26.362461,32.838649,21.954322,857.720392,247.961176,5.181176,124.347622,618.163039,21.476961,151.119216,28.412549,Arid,265317938.8,191820327.1,131007921.2,88571291.54,75604739.54,52615017.97,6739.4337,8765.92635,4927.736971,3599.317474,3429.305784,2706.360197,2.108957,385.398058,5.935682518,0.701748745,0.754984911,0.648512714,0.597696408,0.556559369,0.517842189,2620181.0,320.350613,Cropland,Vertisols,Unconsolidated sediments,20.8742,76.9897,Tapi,Maharashtra,9500.0,8086.739745999999,14.87642373,1988,10,275,Post-Monsoon
245.15,251.6069549161525,-6.456954916152483,6.456954916152483,INDOFLOODS-gauge-562,245.15,81.05425629999998,179.05400669999997,198.0964332,214.5735742,222.55924590000004,225.495609,231.7287383,234.2395237,234.892041,235.4200833,5,176802.8281,110943.6875,8086.739746,876,112618.3438,537532.3125,1.593626738,0.637610137,0.007778484,3.5e-10,0.351701468,1.568356514,0.000267891,0.000188917,1.698200941,1.569929242,0.328915715,100,1.78e-08,9.43e-05,3.36e-12,0.16549097,100,30.0,10.0,3.0,1.0,743131.4375,388686.7813,271471.0938,82725.88281,41704.44531,7431.314453,12956.22559,27147.10938,27575.29492,41704.44531,0.523039103,0.698431492,0.304731816,0.504128158,3.333333254,3.0,3.333333254,3.0,26.895902,12.97327,45.244165,424.326837,42.208971,13.542206,28.666765,26.430209,26.362461,32.838649,21.954322,857.720392,247.961176,5.181176,124.347622,618.163039,21.476961,151.119216,28.412549,Arid,265317938.8,191820327.1,131007921.2,88571291.54,75604739.54,52615017.97,6739.4337,8765.92635,4927.736971,3599.317474,3429.305784,2706.360197,2.108957,385.398058,5.935682518,0.701748745,0.754984911,0.648512714,0.597696408,0.556559369,0.517842189,2620181.0,320.350613,Cropland,Vertisols,Unconsolidated sediments,20.8742,76.9897,Tapi,Maharashtra,9500.0,8086.739745999999,14.87642373,2002,6,177,Monsoon
245.19,251.6069549161525,-6.416954916152491,6.416954916152491,INDOFLOODS-gauge-562,245.19,97.27496314,119.451685,131.3310299,146.92716,168.23633480000004,193.8155939,211.5689229,218.6075598,227.1502571,248.0942597,5,176802.8281,110943.6875,8086.739746,876,112618.3438,537532.3125,1.593626738,0.637610137,0.007778484,3.5e-10,0.351701468,1.568356514,0.000267891,0.000188917,1.698200941,1.569929242,0.328915715,100,1.78e-08,9.43e-05,3.36e-12,0.16549097,100,30.0,10.0,3.0,1.0,743131.4375,388686.7813,271471.0938,82725.88281,41704.44531,7431.314453,12956.22559,27147.10938,27575.29492,41704.44531,0.523039103,0.698431492,0.304731816,0.504128158,3.333333254,3.0,3.333333254,3.0,26.895902,12.97327,45.244165,424.326837,42.208971,13.542206,28.666765,26.430209,26.362461,32.838649,21.954322,857.720392,247.961176,5.181176,124.347622,618.163039,21.476961,151.119216,28.412549,Arid,265317938.8,191820327.1,131007921.2,88571291.54,75604739.54,52615017.97,6739.4337,8765.92635,4927.736971,3599.317474,3429.305784,2706.360197,2.108957,385.398058,5.935682518,0.701748745,0.754984911,0.648512714,0.597696408,0.556559369,0.517842189,2620181.0,320.350613,Cropland,Vertisols,Unconsolidated sediments,20.8742,76.9897,Tapi,Maharashtra,9500.0,8086.739745999999,14.87642373,1995,7,206,Monsoon
245.31,251.6069549161525,-6.296954916152487,6.296954916152487,INDOFLOODS-gauge-562,245.31,28.90486228,50.1667279,71.07621552,73.67657873,74.48390049,75.53803321,76.86524504,80.70504818,122.5500977,136.2978004,5,176802.8281,110943.6875,8086.739746,876,112618.3438,537532.3125,1.593626738,0.637610137,0.007778484,3.5e-10,0.351701468,1.568356514,0.000267891,0.000188917,1.698200941,1.569929242,0.328915715,100,1.78e-08,9.43e-05,3.36e-12,0.16549097,100,30.0,10.0,3.0,1.0,743131.4375,388686.7813,271471.0938,82725.88281,41704.44531,7431.314453,12956.22559,27147.10938,27575.29492,41704.44531,0.523039103,0.698431492,0.304731816,0.504128158,3.333333254,3.0,3.333333254,3.0,26.895902,12.97327,45.244165,424.326837,42.208971,13.542206,28.666765,26.430209,26.362461,32.838649,21.954322,857.720392,247.961176,5.181176,124.347622,618.163039,21.476961,151.119216,28.412549,Arid,265317938.8,191820327.1,131007921.2,88571291.54,75604739.54,52615017.97,6739.4337,8765.92635,4927.736971,3599.317474,3429.305784,2706.360197,2.108957,385.398058,5.935682518,0.701748745,0.754984911,0.648512714,0.597696408,0.556559369,0.517842189,2620181.0,320.350613,Cropland,Vertisols,Unconsolidated sediments,20.8742,76.9897,Tapi,Maharashtra,9500.0,8086.739745999999,14.87642373,1984,8,232,Monsoon
311.92,305.65152003659773,6.268479963402285,6.268479963402285,INDOFLOODS-gauge-29,311.92,1.70397488,2.601675745,3.959448245,4.210021562,4.523732138,5.061375226,5.454120579,6.797563327000001,8.617018535,9.685271616,6,572100.6875,386962.3438,64017.37891,1487,389954.0938,1413298.5,1.478440166,0.420989156,0.003813269,3.59e-11,0.402754098,2.375358105,0.000763462,0.000163947,1.586924195,1.467097521,0.40479821,842,1.69e-08,0.000102806,2.76e-12,0.243788987,842,185.0,43.0,6.0,2.0,5508303.5,2695714.25,1311469.25,395859.9375,518155.375,6541.928223,14571.42871,30499.28516,65976.65625,259077.6875,0.489391029,0.486501575,0.301844627,1.308936119,4.551351547,4.302325726,7.166666508,3.0,25.396463,10.744284,55.465841,216.506056,35.851981,16.477877,19.374105,24.693599,25.220489,28.579781,23.129677,888.817316,258.047852,0.793609,97.609813,560.207341,5.966491,115.514914,90.523868,Arid,147827041.1,107228676.9,74716707.76,51375685.83,36591464.57,26972694.47,5127.34196,6669.091987,3802.856923,2801.004372,2177.24826,1766.342233,1.970453,360.825806,6.278768378,0.647867447,0.697016051,0.598718907,0.55180436,0.513825909,0.478081515,15478840.0,240.313451,Cropland,Vertisols,Metamorphics,15.9483,77.4264,Krishna,Andhra Pradesh,60630.0,64017.37891,5.586968349,1981,10,278,Post-Monsoon
245.34,251.6069549161525,-6.266954916152486,6.266954916152486,INDOFLOODS-gauge-562,245.34,11.7861543,38.17685243,49.9462665,55.56539848,69.82955632,89.32947702,138.9004004,164.63378319999995,171.61852019999995,181.2353659,5,176802.8281,110943.6875,8086.739746,876,112618.3438,537532.3125,1.593626738,0.637610137,0.007778484,3.5e-10,0.351701468,1.568356514,0.000267891,0.000188917,1.698200941,1.569929242,0.328915715,100,1.78e-08,9.43e-05,3.36e-12,0.16549097,100,30.0,10.0,3.0,1.0,743131.4375,388686.7813,271471.0938,82725.88281,41704.44531,7431.314453,12956.22559,27147.10938,27575.29492,41704.44531,0.523039103,0.698431492,0.304731816,0.504128158,3.333333254,3.0,3.333333254,3.0,26.895902,12.97327,45.244165,424.326837,42.208971,13.542206,28.666765,26.430209,26.362461,32.838649,21.954322,857.720392,247.961176,5.181176,124.347622,618.163039,21.476961,151.119216,28.412549,Arid,265317938.8,191820327.1,131007921.2,88571291.54,75604739.54,52615017.97,6739.4337,8765.92635,4927.736971,3599.317474,3429.305784,2706.360197,2.108957,385.398058,5.935682518,0.701748745,0.754984911,0.648512714,0.597696408,0.556559369,0.517842189,2620181.0,320.350613,Cropland,Vertisols,Unconsolidated sediments,20.8742,76.9897,Tapi,Maharashtra,9500.0,8086.739745999999,14.87642373,2010,8,213,Monsoon
245.34,251.6069549161525,-6.266954916152486,6.266954916152486,INDOFLOODS-gauge-562,245.34,31.63430203,53.75546245,55.71477900000001,56.34997406,56.6504451,57.06953923,57.93619666,58.29571465,59.13736523,60.46006371,5,176802.8281,110943.6875,8086.739746,876,112618.3438,537532.3125,1.593626738,0.637610137,0.007778484,3.5e-10,0.351701468,1.568356514,0.000267891,0.000188917,1.698200941,1.569929242,0.328915715,100,1.78e-08,9.43e-05,3.36e-12,0.16549097,100,30.0,10.0,3.0,1.0,743131.4375,388686.7813,271471.0938,82725.88281,41704.44531,7431.314453,12956.22559,27147.10938,27575.29492,41704.44531,0.523039103,0.698431492,0.304731816,0.504128158,3.333333254,3.0,3.333333254,3.0,26.895902,12.97327,45.244165,424.326837,42.208971,13.542206,28.666765,26.430209,26.362461,32.838649,21.954322,857.720392,247.961176,5.181176,124.347622,618.163039,21.476961,151.119216,28.412549,Arid,265317938.8,191820327.1,131007921.2,88571291.54,75604739.54,52615017.97,6739.4337,8765.92635,4927.736971,3599.317474,3429.305784,2706.360197,2.108957,385.398058,5.935682518,0.701748745,0.754984911,0.648512714,0.597696408,0.556559369,0.517842189,2620181.0,320.350613,Cropland,Vertisols,Unconsolidated sediments,20.8742,76.9897,Tapi,Maharashtra,9500.0,8086.739745999999,14.87642373,1979,7,191,Monsoon
245.4,251.6069549161525,-6.206954916152483,6.206954916152483,INDOFLOODS-gauge-562,245.4,74.19656649,78.48838159,84.48480852,86.26998075,93.01865304,115.2618834,139.8564642,151.1851753,165.0858739,176.412176,5,176802.8281,110943.6875,8086.739746,876,112618.3438,537532.3125,1.593626738,0.637610137,0.007778484,3.5e-10,0.351701468,1.568356514,0.000267891,0.000188917,1.698200941,1.569929242,0.328915715,100,1.78e-08,9.43e-05,3.36e-12,0.16549097,100,30.0,10.0,3.0,1.0,743131.4375,388686.7813,271471.0938,82725.88281,41704.44531,7431.314453,12956.22559,27147.10938,27575.29492,41704.44531,0.523039103,0.698431492,0.304731816,0.504128158,3.333333254,3.0,3.333333254,3.0,26.895902,12.97327,45.244165,424.326837,42.208971,13.542206,28.666765,26.430209,26.362461,32.838649,21.954322,857.720392,247.961176,5.181176,124.347622,618.163039,21.476961,151.119216,28.412549,Arid,265317938.8,191820327.1,131007921.2,88571291.54,75604739.54,52615017.97,6739.4337,8765.92635,4927.736971,3599.317474,3429.305784,2706.360197,2.108957,385.398058,5.935682518,0.701748745,0.754984911,0.648512714,0.597696408,0.556559369,0.517842189,2620181.0,320.350613,Cropland,Vertisols,Unconsolidated sediments,20.8742,76.9897,Tapi,Maharashtra,9500.0,8086.739745999999,14.87642373,2014,9,251,Monsoon
606.97,600.8687036877375,6.101296312262548,6.101296312262548,INDOFLOODS-gauge-319,606.97,2.661248572,28.18537099,30.97155843,34.2054468,38.04217145,42.10821578,50.079699700000006,54.36112169,58.33126332,65.94969433,4,127419.5781,97785.86719,3298.440918,552,100640.2969,319578.8125,1.303046942,0.325660348,0.00548488,6.13e-10,0.405847251,3.070683956,0.000175231,0.000151761,1.580865264,1.266089082,0.398710966,43,1.7e-08,0.000111872,2.58e-12,0.083771802,43,9.0,3.0,1.0,,246173.9063,92599.05469,140640.8906,21159.23242,,5724.974609,10288.78418,46880.29688,21159.23242,,0.376152992,1.518815637,0.15044865,,4.777777672,3.0,3.0,,24.244818,10.761735,56.086204,217.895015,34.524937,15.330933,19.194004,23.728458,24.071864,27.32367,21.646546,770.187908,167.716006,1.33417,87.78182,423.558455,7.539388,133.620923,64.086302,Tropical,696193281.4,492973433.2,334615683.0,220245511.6,151504351.3,106779797.8,5119.719323,6659.177282,3846.718692,2823.256303,2193.197179,1775.823774,19.868362,1484.3,32.44191144,0.655875555,0.705631667,0.606119503,0.558625055,0.520177164,0.483990947,6336434.0,1905.966541,Cropland,Lixisols,No dominant class,12.5172,77.4369,Cauvery,Karnataka,3500.0,3298.440918,5.758830914,2017,10,286,Post-Monsoon
605.34,611.401511075959,-6.061511075958947,6.061511075958947,INDOFLOODS-gauge-319,605.34,4.316966871,11.59102547,23.79851645,30.60999571,39.65017338,50.5853229,56.36661008,57.72317153,63.09056068,65.3677811,4,127419.5781,97785.86719,3298.440918,552,100640.2969,319578.8125,1.303046942,0.325660348,0.00548488,6.13e-10,0.405847251,3.070683956,0.000175231,0.000151761,1.580865264,1.266089082,0.398710966,43,1.7e-08,0.000111872,2.58e-12,0.083771802,43,9.0,3.0,1.0,,246173.9063,92599.05469,140640.8906,21159.23242,,5724.974609,10288.78418,46880.29688,21159.23242,,0.376152992,1.518815637,0.15044865,,4.777777672,3.0,3.0,,24.244818,10.761735,56.086204,217.895015,34.524937,15.330933,19.194004,23.728458,24.071864,27.32367,21.646546,770.187908,167.716006,1.33417,87.78182,423.558455,7.539388,133.620923,64.086302,Tropical,696193281.4,492973433.2,334615683.0,220245511.6,151504351.3,106779797.8,5119.719323,6659.177282,3846.718692,2823.256303,2193.197179,1775.823774,19.868362,1484.3,32.44191144,0.655875555,0.705631667,0.606119503,0.558625055,0.520177164,0.483990947,6336434.0,1905.966541,Cropland,Lixisols,No dominant class,12.5172,77.4369,Cauvery,Karnataka,3500.0,3298.440918,5.758830914,2017,5,147,Pre-Monsoon
245.55,251.6069549161525,-6.056954916152478,6.056954916152478,INDOFLOODS-gauge-562,245.55,3.716537012,45.79836333,54.57233128,63.66278815,64.00466644,68.97588884,74.32474757,85.98817264,99.56213771,108.5112762,5,176802.8281,110943.6875,8086.739746,876,112618.3438,537532.3125,1.593626738,0.637610137,0.007778484,3.5e-10,0.351701468,1.568356514,0.000267891,0.000188917,1.698200941,1.569929242,0.328915715,100,1.78e-08,9.43e-05,3.36e-12,0.16549097,100,30.0,10.0,3.0,1.0,743131.4375,388686.7813,271471.0938,82725.88281,41704.44531,7431.314453,12956.22559,27147.10938,27575.29492,41704.44531,0.523039103,0.698431492,0.304731816,0.504128158,3.333333254,3.0,3.333333254,3.0,26.895902,12.97327,45.244165,424.326837,42.208971,13.542206,28.666765,26.430209,26.362461,32.838649,21.954322,857.720392,247.961176,5.181176,124.347622,618.163039,21.476961,151.119216,28.412549,Arid,265317938.8,191820327.1,131007921.2,88571291.54,75604739.54,52615017.97,6739.4337,8765.92635,4927.736971,3599.317474,3429.305784,2706.360197,2.108957,385.398058,5.935682518,0.701748745,0.754984911,0.648512714,0.597696408,0.556559369,0.517842189,2620181.0,320.350613,Cropland,Vertisols,Unconsolidated sediments,20.8742,76.9897,Tapi,Maharashtra,9500.0,8086.739745999999,14.87642373,2002,8,238,Monsoon
48.73,54.71323538165179,-5.983235381651795,5.983235381651795,INDOFLOODS-gauge-727,48.73,47.42803144,133.1428214,183.3696759,196.3513938,205.8668086,215.8015864,221.2428426,222.5612738,223.316201,223.4440391,5,299233.9688,197610.7969,15817.27246,855,214999.8438,791043.3125,1.514259219,0.34218055,0.003976747,1.31e-10,0.317644209,2.922433853,0.000360284,0.000161105,1.786922455,1.391786933,0.3782776,221,1.8e-08,0.000111842,2.9e-12,0.137744978,221,49.0,11.0,3.0,1.0,1242388.0,627367.75,320452.1875,220217.875,137819.7344,5621.665039,12803.42383,29132.01758,73405.96094,137819.7344,0.504969239,0.510788441,0.687209785,0.625833571,4.510204315,4.454545498,3.666666746,3.0,25.485867,10.932116,41.317706,452.788941,38.112799,11.646607,26.466192,27.292398,19.496046,30.716512,19.417195,1325.628607,327.996338,2.541945,113.683523,892.827023,25.938827,277.608265,35.533086,Tropical,101800486.9,73265401.7,48370070.6,38351752.52,29301454.23,25161597.27,2234.119033,2905.900414,1586.975679,1347.608777,1148.777431,1112.978682,4.446749,247.128713,26.28990509,0.480844911,0.517322809,0.444367041,0.409547208,0.381359775,0.354830395,6980017.0,439.195862,Cropland,Luvisols,Metamorphics,22.2197,86.7167,Subarnarekha,Odisha,16000.0,15817.27246,1.142047125,2019,10,299,Post-Monsoon
605.43,611.401511075959,-5.971511075959029,5.971511075959029,INDOFLOODS-gauge-319,605.43,2.569140459,9.122976088,13.51017355,17.88597955,18.70132783,21.84716277,22.87527852,23.47401446,23.48501348,25.02466948,4,127419.5781,97785.86719,3298.440918,552,100640.2969,319578.8125,1.303046942,0.325660348,0.00548488,6.13e-10,0.405847251,3.070683956,0.000175231,0.000151761,1.580865264,1.266089082,0.398710966,43,1.7e-08,0.000111872,2.58e-12,0.083771802,43,9.0,3.0,1.0,,246173.9063,92599.05469,140640.8906,21159.23242,,5724.974609,10288.78418,46880.29688,21159.23242,,0.376152992,1.518815637,0.15044865,,4.777777672,3.0,3.0,,24.244818,10.761735,56.086204,217.895015,34.524937,15.330933,19.194004,23.728458,24.071864,27.32367,21.646546,770.187908,167.716006,1.33417,87.78182,423.558455,7.539388,133.620923,64.086302,Tropical,696193281.4,492973433.2,334615683.0,220245511.6,151504351.3,106779797.8,5119.719323,6659.177282,3846.718692,2823.256303,2193.197179,1775.823774,19.868362,1484.3,32.44191144,0.655875555,0.705631667,0.606119503,0.558625055,0.520177164,0.483990947,6336434.0,1905.966541,Cropland,Lixisols,No dominant class,12.5172,77.4369,Cauvery,Karnataka,3500.0,3298.440918,5.758830914,2011,5,151,Pre-Monsoon
605.47,611.401511075959,-5.931511075958952,5.931511075958952,INDOFLOODS-gauge-319,605.47,9.328040435,9.460537177,9.511539154,10.97969143,12.73108507,18.26474675,20.58066495,20.60117146,20.62069578,20.67590122,4,127419.5781,97785.86719,3298.440918,552,100640.2969,319578.8125,1.303046942,0.325660348,0.00548488,6.13e-10,0.405847251,3.070683956,0.000175231,0.000151761,1.580865264,1.266089082,0.398710966,43,1.7e-08,0.000111872,2.58e-12,0.083771802,43,9.0,3.0,1.0,,246173.9063,92599.05469,140640.8906,21159.23242,,5724.974609,10288.78418,46880.29688,21159.23242,,0.376152992,1.518815637,0.15044865,,4.777777672,3.0,3.0,,24.244818,10.761735,56.086204,217.895015,34.524937,15.330933,19.194004,23.728458,24.071864,27.32367,21.646546,770.187908,167.716006,1.33417,87.78182,423.558455,7.539388,133.620923,64.086302,Tropical,696193281.4,492973433.2,334615683.0,220245511.6,151504351.3,106779797.8,5119.719323,6659.177282,3846.718692,2823.256303,2193.197179,1775.823774,19.868362,1484.3,32.44191144,0.655875555,0.705631667,0.606119503,0.558625055,0.520177164,0.483990947,6336434.0,1905.966541,Cropland,Lixisols,No dominant class,12.5172,77.4369,Cauvery,Karnataka,3500.0,3298.440918,5.758830914,2009,6,163,Monsoon
605.5,611.401511075959,-5.901511075958979,5.901511075958979,INDOFLOODS-gauge-319,605.5,13.50459072,27.55893907,55.35412219,79.72622931,87.88367187,89.66329379,92.8607154,92.92747219,92.95878642,93.14084013,4,127419.5781,97785.86719,3298.440918,552,100640.2969,319578.8125,1.303046942,0.325660348,0.00548488,6.13e-10,0.405847251,3.070683956,0.000175231,0.000151761,1.580865264,1.266089082,0.398710966,43,1.7e-08,0.000111872,2.58e-12,0.083771802,43,9.0,3.0,1.0,,246173.9063,92599.05469,140640.8906,21159.23242,,5724.974609,10288.78418,46880.29688,21159.23242,,0.376152992,1.518815637,0.15044865,,4.777777672,3.0,3.0,,24.244818,10.761735,56.086204,217.895015,34.524937,15.330933,19.194004,23.728458,24.071864,27.32367,21.646546,770.187908,167.716006,1.33417,87.78182,423.558455,7.539388,133.620923,64.086302,Tropical,696193281.4,492973433.2,334615683.0,220245511.6,151504351.3,106779797.8,5119.719323,6659.177282,3846.718692,2823.256303,2193.197179,1775.823774,19.868362,1484.3,32.44191144,0.655875555,0.705631667,0.606119503,0.558625055,0.520177164,0.483990947,6336434.0,1905.966541,Cropland,Lixisols,No dominant class,12.5172,77.4369,Cauvery,Karnataka,3500.0,3298.440918,5.758830914,2009,5,142,Pre-Monsoon
605.5,611.401511075959,-5.901511075958979,5.901511075958979,INDOFLOODS-gauge-319,605.5,11.31288617,23.07533213,31.69700791,41.59902458,48.98716093,53.92712284,55.18649694,59.55998287,62.13406394,64.36334531,4,127419.5781,97785.86719,3298.440918,552,100640.2969,319578.8125,1.303046942,0.325660348,0.00548488,6.13e-10,0.405847251,3.070683956,0.000175231,0.000151761,1.580865264,1.266089082,0.398710966,43,1.7e-08,0.000111872,2.58e-12,0.083771802,43,9.0,3.0,1.0,,246173.9063,92599.05469,140640.8906,21159.23242,,5724.974609,10288.78418,46880.29688,21159.23242,,0.376152992,1.518815637,0.15044865,,4.777777672,3.0,3.0,,24.244818,10.761735,56.086204,217.895015,34.524937,15.330933,19.194004,23.728458,24.071864,27.32367,21.646546,770.187908,167.716006,1.33417,87.78182,423.558455,7.539388,133.620923,64.086302,Tropical,696193281.4,492973433.2,334615683.0,220245511.6,151504351.3,106779797.8,5119.719323,6659.177282,3846.718692,2823.256303,2193.197179,1775.823774,19.868362,1484.3,32.44191144,0.655875555,0.705631667,0.606119503,0.558625055,0.520177164,0.483990947,6336434.0,1905.966541,Cropland,Lixisols,No dominant class,12.5172,77.4369,Cauvery,Karnataka,3500.0,3298.440918,5.758830914,2016,7,211,Monsoon
48.38,54.26036652746363,-5.880366527463629,5.880366527463629,INDOFLOODS-gauge-727,48.38,3.195524943,62.03767824,127.159042,145.6768341,155.76839640000003,157.1953062,159.5005227,161.0680093,164.26172340000005,166.4372456,5,299233.9688,197610.7969,15817.27246,855,214999.8438,791043.3125,1.514259219,0.34218055,0.003976747,1.31e-10,0.317644209,2.922433853,0.000360284,0.000161105,1.786922455,1.391786933,0.3782776,221,1.8e-08,0.000111842,2.9e-12,0.137744978,221,49.0,11.0,3.0,1.0,1242388.0,627367.75,320452.1875,220217.875,137819.7344,5621.665039,12803.42383,29132.01758,73405.96094,137819.7344,0.504969239,0.510788441,0.687209785,0.625833571,4.510204315,4.454545498,3.666666746,3.0,25.485867,10.932116,41.317706,452.788941,38.112799,11.646607,26.466192,27.292398,19.496046,30.716512,19.417195,1325.628607,327.996338,2.541945,113.683523,892.827023,25.938827,277.608265,35.533086,Tropical,101800486.9,73265401.7,48370070.6,38351752.52,29301454.23,25161597.27,2234.119033,2905.900414,1586.975679,1347.608777,1148.777431,1112.978682,4.446749,247.128713,26.28990509,0.480844911,0.517322809,0.444367041,0.409547208,0.381359775,0.354830395,6980017.0,439.195862,Cropland,Luvisols,Metamorphics,22.2197,86.7167,Subarnarekha,Odisha,16000.0,15817.27246,1.142047125,2004,10,282,Post-Monsoon
48.49,54.26036652746363,-5.770366527463629,5.770366527463629,INDOFLOODS-gauge-727,48.49,39.78214909,53.63293869,67.39074765,83.48714451,100.045948,117.0755803,140.7351051,142.96030080000003,143.0156569,143.40446740000004,5,299233.9688,197610.7969,15817.27246,855,214999.8438,791043.3125,1.514259219,0.34218055,0.003976747,1.31e-10,0.317644209,2.922433853,0.000360284,0.000161105,1.786922455,1.391786933,0.3782776,221,1.8e-08,0.000111842,2.9e-12,0.137744978,221,49.0,11.0,3.0,1.0,1242388.0,627367.75,320452.1875,220217.875,137819.7344,5621.665039,12803.42383,29132.01758,73405.96094,137819.7344,0.504969239,0.510788441,0.687209785,0.625833571,4.510204315,4.454545498,3.666666746,3.0,25.485867,10.932116,41.317706,452.788941,38.112799,11.646607,26.466192,27.292398,19.496046,30.716512,19.417195,1325.628607,327.996338,2.541945,113.683523,892.827023,25.938827,277.608265,35.533086,Tropical,101800486.9,73265401.7,48370070.6,38351752.52,29301454.23,25161597.27,2234.119033,2905.900414,1586.975679,1347.608777,1148.777431,1112.978682,4.446749,247.128713,26.28990509,0.480844911,0.517322809,0.444367041,0.409547208,0.381359775,0.354830395,6980017.0,439.195862,Cropland,Luvisols,Metamorphics,22.2197,86.7167,Subarnarekha,Odisha,16000.0,15817.27246,1.142047125,2006,8,229,Monsoon
245.88,251.6069549161525,-5.7269549161524935,5.7269549161524935,INDOFLOODS-gauge-562,245.88,10.48676474,36.11342826,43.55858802,48.40310611,49.16155916,49.38777327,49.46228729,49.9300534,50.33004995,50.81752553,5,176802.8281,110943.6875,8086.739746,876,112618.3438,537532.3125,1.593626738,0.637610137,0.007778484,3.5e-10,0.351701468,1.568356514,0.000267891,0.000188917,1.698200941,1.569929242,0.328915715,100,1.78e-08,9.43e-05,3.36e-12,0.16549097,100,30.0,10.0,3.0,1.0,743131.4375,388686.7813,271471.0938,82725.88281,41704.44531,7431.314453,12956.22559,27147.10938,27575.29492,41704.44531,0.523039103,0.698431492,0.304731816,0.504128158,3.333333254,3.0,3.333333254,3.0,26.895902,12.97327,45.244165,424.326837,42.208971,13.542206,28.666765,26.430209,26.362461,32.838649,21.954322,857.720392,247.961176,5.181176,124.347622,618.163039,21.476961,151.119216,28.412549,Arid,265317938.8,191820327.1,131007921.2,88571291.54,75604739.54,52615017.97,6739.4337,8765.92635,4927.736971,3599.317474,3429.305784,2706.360197,2.108957,385.398058,5.935682518,0.701748745,0.754984911,0.648512714,0.597696408,0.556559369,0.517842189,2620181.0,320.350613,Cropland,Vertisols,Unconsolidated sediments,20.8742,76.9897,Tapi,Maharashtra,9500.0,8086.739745999999,14.87642373,2013,10,278,Post-Monsoon
605.7,611.401511075959,-5.701511075958933,5.701511075958933,INDOFLOODS-gauge-319,605.7,18.70214737,32.12274948,35.77147353,40.13402961,45.80078165,46.02681889,46.15669848,46.39893163,47.22662679,49.57911113,4,127419.5781,97785.86719,3298.440918,552,100640.2969,319578.8125,1.303046942,0.325660348,0.00548488,6.13e-10,0.405847251,3.070683956,0.000175231,0.000151761,1.580865264,1.266089082,0.398710966,43,1.7e-08,0.000111872,2.58e-12,0.083771802,43,9.0,3.0,1.0,,246173.9063,92599.05469,140640.8906,21159.23242,,5724.974609,10288.78418,46880.29688,21159.23242,,0.376152992,1.518815637,0.15044865,,4.777777672,3.0,3.0,,24.244818,10.761735,56.086204,217.895015,34.524937,15.330933,19.194004,23.728458,24.071864,27.32367,21.646546,770.187908,167.716006,1.33417,87.78182,423.558455,7.539388,133.620923,64.086302,Tropical,696193281.4,492973433.2,334615683.0,220245511.6,151504351.3,106779797.8,5119.719323,6659.177282,3846.718692,2823.256303,2193.197179,1775.823774,19.868362,1484.3,32.44191144,0.655875555,0.705631667,0.606119503,0.558625055,0.520177164,0.483990947,6336434.0,1905.966541,Cropland,Lixisols,No dominant class,12.5172,77.4369,Cauvery,Karnataka,3500.0,3298.440918,5.758830914,2013,6,152,Monsoon
606.5,600.8687036877375,5.631296312262521,5.631296312262521,INDOFLOODS-gauge-319,606.5,30.17871061,38.57131655,38.85067941,39.47610638,41.20970362,41.95349553,42.76856053,43.27683224,45.46282252,52.81560378,4,127419.5781,97785.86719,3298.440918,552,100640.2969,319578.8125,1.303046942,0.325660348,0.00548488,6.13e-10,0.405847251,3.070683956,0.000175231,0.000151761,1.580865264,1.266089082,0.398710966,43,1.7e-08,0.000111872,2.58e-12,0.083771802,43,9.0,3.0,1.0,,246173.9063,92599.05469,140640.8906,21159.23242,,5724.974609,10288.78418,46880.29688,21159.23242,,0.376152992,1.518815637,0.15044865,,4.777777672,3.0,3.0,,24.244818,10.761735,56.086204,217.895015,34.524937,15.330933,19.194004,23.728458,24.071864,27.32367,21.646546,770.187908,167.716006,1.33417,87.78182,423.558455,7.539388,133.620923,64.086302,Tropical,696193281.4,492973433.2,334615683.0,220245511.6,151504351.3,106779797.8,5119.719323,6659.177282,3846.718692,2823.256303,2193.197179,1775.823774,19.868362,1484.3,32.44191144,0.655875555,0.705631667,0.606119503,0.558625055,0.520177164,0.483990947,6336434.0,1905.966541,Cropland,Lixisols,No dominant class,12.5172,77.4369,Cauvery,Karnataka,3500.0,3298.440918,5.758830914,2008,8,240,Monsoon
606.5,600.8687036877375,5.631296312262521,5.631296312262521,INDOFLOODS-gauge-319,606.5,31.08761595,50.46175908,74.93641794,81.77773912,99.98722071,117.3329372,118.5293922,118.5940888,118.6239586,118.6784047,4,127419.5781,97785.86719,3298.440918,552,100640.2969,319578.8125,1.303046942,0.325660348,0.00548488,6.13e-10,0.405847251,3.070683956,0.000175231,0.000151761,1.580865264,1.266089082,0.398710966,43,1.7e-08,0.000111872,2.58e-12,0.083771802,43,9.0,3.0,1.0,,246173.9063,92599.05469,140640.8906,21159.23242,,5724.974609,10288.78418,46880.29688,21159.23242,,0.376152992,1.518815637,0.15044865,,4.777777672,3.0,3.0,,24.244818,10.761735,56.086204,217.895015,34.524937,15.330933,19.194004,23.728458,24.071864,27.32367,21.646546,770.187908,167.716006,1.33417,87.78182,423.558455,7.539388,133.620923,64.086302,Tropical,696193281.4,492973433.2,334615683.0,220245511.6,151504351.3,106779797.8,5119.719323,6659.177282,3846.718692,2823.256303,2193.197179,1775.823774,19.868362,1484.3,32.44191144,0.655875555,0.705631667,0.606119503,0.558625055,0.520177164,0.483990947,6336434.0,1905.966541,Cropland,Lixisols,No dominant class,12.5172,77.4369,Cauvery,Karnataka,3500.0,3298.440918,5.758830914,2009,9,262,Monsoon
311.26,305.65152003659773,5.60847996340226,5.60847996340226,INDOFLOODS-gauge-29,311.26,2.721665382,6.575458157000001,8.795872686000001,10.76973495,14.64349909,17.6366676,26.69522221,46.6242229,61.20732461,67.1524097,6,572100.6875,386962.3438,64017.37891,1487,389954.0938,1413298.5,1.478440166,0.420989156,0.003813269,3.59e-11,0.402754098,2.375358105,0.000763462,0.000163947,1.586924195,1.467097521,0.40479821,842,1.69e-08,0.000102806,2.76e-12,0.243788987,842,185.0,43.0,6.0,2.0,5508303.5,2695714.25,1311469.25,395859.9375,518155.375,6541.928223,14571.42871,30499.28516,65976.65625,259077.6875,0.489391029,0.486501575,0.301844627,1.308936119,4.551351547,4.302325726,7.166666508,3.0,25.396463,10.744284,55.465841,216.506056,35.851981,16.477877,19.374105,24.693599,25.220489,28.579781,23.129677,888.817316,258.047852,0.793609,97.609813,560.207341,5.966491,115.514914,90.523868,Arid,147827041.1,107228676.9,74716707.76,51375685.83,36591464.57,26972694.47,5127.34196,6669.091987,3802.856923,2801.004372,2177.24826,1766.342233,1.970453,360.825806,6.278768378,0.647867447,0.697016051,0.598718907,0.55180436,0.513825909,0.478081515,15478840.0,240.313451,Cropland,Vertisols,Metamorphics,15.9483,77.4264,Krishna,Andhra Pradesh,60630.0,64017.37891,5.586968349,1980,7,198,Monsoon
311.25,305.65152003659773,5.598479963402269,5.598479963402269,INDOFLOODS-gauge-29,311.25,1.503154572,3.618727926,8.668014892999999,13.40203488,17.9547372,20.64466153,21.92159479,22.97428704,26.77041251,30.62167083,6,572100.6875,386962.3438,64017.37891,1487,389954.0938,1413298.5,1.478440166,0.420989156,0.003813269,3.59e-11,0.402754098,2.375358105,0.000763462,0.000163947,1.586924195,1.467097521,0.40479821,842,1.69e-08,0.000102806,2.76e-12,0.243788987,842,185.0,43.0,6.0,2.0,5508303.5,2695714.25,1311469.25,395859.9375,518155.375,6541.928223,14571.42871,30499.28516,65976.65625,259077.6875,0.489391029,0.486501575,0.301844627,1.308936119,4.551351547,4.302325726,7.166666508,3.0,25.396463,10.744284,55.465841,216.506056,35.851981,16.477877,19.374105,24.693599,25.220489,28.579781,23.129677,888.817316,258.047852,0.793609,97.609813,560.207341,5.966491,115.514914,90.523868,Arid,147827041.1,107228676.9,74716707.76,51375685.83,36591464.57,26972694.47,5127.34196,6669.091987,3802.856923,2801.004372,2177.24826,1766.342233,1.970453,360.825806,6.278768378,0.647867447,0.697016051,0.598718907,0.55180436,0.513825909,0.478081515,15478840.0,240.313451,Cropland,Vertisols,Metamorphics,15.9483,77.4264,Krishna,Andhra Pradesh,60630.0,64017.37891,5.586968349,1977,9,248,Monsoon
48.68,54.26036652746363,-5.580366527463632,5.580366527463632,INDOFLOODS-gauge-727,48.68,45.46419054,71.65230887,89.62880954,113.7872481,128.00454299999998,133.2572932,135.32506999999998,136.8092831,137.8194071,147.6931498,5,299233.9688,197610.7969,15817.27246,855,214999.8438,791043.3125,1.514259219,0.34218055,0.003976747,1.31e-10,0.317644209,2.922433853,0.000360284,0.000161105,1.786922455,1.391786933,0.3782776,221,1.8e-08,0.000111842,2.9e-12,0.137744978,221,49.0,11.0,3.0,1.0,1242388.0,627367.75,320452.1875,220217.875,137819.7344,5621.665039,12803.42383,29132.01758,73405.96094,137819.7344,0.504969239,0.510788441,0.687209785,0.625833571,4.510204315,4.454545498,3.666666746,3.0,25.485867,10.932116,41.317706,452.788941,38.112799,11.646607,26.466192,27.292398,19.496046,30.716512,19.417195,1325.628607,327.996338,2.541945,113.683523,892.827023,25.938827,277.608265,35.533086,Tropical,101800486.9,73265401.7,48370070.6,38351752.52,29301454.23,25161597.27,2234.119033,2905.900414,1586.975679,1347.608777,1148.777431,1112.978682,4.446749,247.128713,26.28990509,0.480844911,0.517322809,0.444367041,0.409547208,0.381359775,0.354830395,6980017.0,439.195862,Cropland,Luvisols,Metamorphics,22.2197,86.7167,Subarnarekha,Odisha,16000.0,15817.27246,1.142047125,2013,10,275,Post-Monsoon
48.69,54.26036652746363,-5.570366527463634,5.570366527463634,INDOFLOODS-gauge-727,48.69,10.34703126,26.30710498,55.20348316,71.12811372,81.31722655,96.99268728,132.0821369,152.1193919,163.9108388,169.2037201,5,299233.9688,197610.7969,15817.27246,855,214999.8438,791043.3125,1.514259219,0.34218055,0.003976747,1.31e-10,0.317644209,2.922433853,0.000360284,0.000161105,1.786922455,1.391786933,0.3782776,221,1.8e-08,0.000111842,2.9e-12,0.137744978,221,49.0,11.0,3.0,1.0,1242388.0,627367.75,320452.1875,220217.875,137819.7344,5621.665039,12803.42383,29132.01758,73405.96094,137819.7344,0.504969239,0.510788441,0.687209785,0.625833571,4.510204315,4.454545498,3.666666746,3.0,25.485867,10.932116,41.317706,452.788941,38.112799,11.646607,26.466192,27.292398,19.496046,30.716512,19.417195,1325.628607,327.996338,2.541945,113.683523,892.827023,25.938827,277.608265,35.533086,Tropical,101800486.9,73265401.7,48370070.6,38351752.52,29301454.23,25161597.27,2234.119033,2905.900414,1586.975679,1347.608777,1148.777431,1112.978682,4.446749,247.128713,26.28990509,0.480844911,0.517322809,0.444367041,0.409547208,0.381359775,0.354830395,6980017.0,439.195862,Cropland,Luvisols,Metamorphics,22.2197,86.7167,Subarnarekha,Odisha,16000.0,15817.27246,1.142047125,2004,8,232,Monsoon
606.43,600.8687036877375,5.561296312262471,5.561296312262471,INDOFLOODS-gauge-319,606.43,5.442180023,12.20300501,21.82951911,43.05840154,61.33534367,75.7231056,106.8107216,126.1848647,150.6595235,157.5008447,4,127419.5781,97785.86719,3298.440918,552,100640.2969,319578.8125,1.303046942,0.325660348,0.00548488,6.13e-10,0.405847251,3.070683956,0.000175231,0.000151761,1.580865264,1.266089082,0.398710966,43,1.7e-08,0.000111872,2.58e-12,0.083771802,43,9.0,3.0,1.0,,246173.9063,92599.05469,140640.8906,21159.23242,,5724.974609,10288.78418,46880.29688,21159.23242,,0.376152992,1.518815637,0.15044865,,4.777777672,3.0,3.0,,24.244818,10.761735,56.086204,217.895015,34.524937,15.330933,19.194004,23.728458,24.071864,27.32367,21.646546,770.187908,167.716006,1.33417,87.78182,423.558455,7.539388,133.620923,64.086302,Tropical,696193281.4,492973433.2,334615683.0,220245511.6,151504351.3,106779797.8,5119.719323,6659.177282,3846.718692,2823.256303,2193.197179,1775.823774,19.868362,1484.3,32.44191144,0.655875555,0.705631667,0.606119503,0.558625055,0.520177164,0.483990947,6336434.0,1905.966541,Cropland,Lixisols,No dominant class,12.5172,77.4369,Cauvery,Karnataka,3500.0,3298.440918,5.758830914,2009,9,268,Monsoon
606.43,600.8687036877375,5.561296312262471,5.561296312262471,INDOFLOODS-gauge-319,606.43,0.907085017,1.57098662,2.843618303,7.532315142000001,26.34081422,30.33657193,32.02029157,32.59638176,53.44274302,82.24425651,4,127419.5781,97785.86719,3298.440918,552,100640.2969,319578.8125,1.303046942,0.325660348,0.00548488,6.13e-10,0.405847251,3.070683956,0.000175231,0.000151761,1.580865264,1.266089082,0.398710966,43,1.7e-08,0.000111872,2.58e-12,0.083771802,43,9.0,3.0,1.0,,246173.9063,92599.05469,140640.8906,21159.23242,,5724.974609,10288.78418,46880.29688,21159.23242,,0.376152992,1.518815637,0.15044865,,4.777777672,3.0,3.0,,24.244818,10.761735,56.086204,217.895015,34.524937,15.330933,19.194004,23.728458,24.071864,27.32367,21.646546,770.187908,167.716006,1.33417,87.78182,423.558455,7.539388,133.620923,64.086302,Tropical,696193281.4,492973433.2,334615683.0,220245511.6,151504351.3,106779797.8,5119.719323,6659.177282,3846.718692,2823.256303,2193.197179,1775.823774,19.868362,1484.3,32.44191144,0.655875555,0.705631667,0.606119503,0.558625055,0.520177164,0.483990947,6336434.0,1905.966541,Cropland,Lixisols,No dominant class,12.5172,77.4369,Cauvery,Karnataka,3500.0,3298.440918,5.758830914,2004,9,259,Monsoon
246.09,251.6069549161525,-5.516954916152486,5.516954916152486,INDOFLOODS-gauge-562,246.09,40.29344706,46.40684682,53.94082573,58.68116591,68.13087605,88.50363244,121.9067737,156.7829951,180.1502303,191.8993235,5,176802.8281,110943.6875,8086.739746,876,112618.3438,537532.3125,1.593626738,0.637610137,0.007778484,3.5e-10,0.351701468,1.568356514,0.000267891,0.000188917,1.698200941,1.569929242,0.328915715,100,1.78e-08,9.43e-05,3.36e-12,0.16549097,100,30.0,10.0,3.0,1.0,743131.4375,388686.7813,271471.0938,82725.88281,41704.44531,7431.314453,12956.22559,27147.10938,27575.29492,41704.44531,0.523039103,0.698431492,0.304731816,0.504128158,3.333333254,3.0,3.333333254,3.0,26.895902,12.97327,45.244165,424.326837,42.208971,13.542206,28.666765,26.430209,26.362461,32.838649,21.954322,857.720392,247.961176,5.181176,124.347622,618.163039,21.476961,151.119216,28.412549,Arid,265317938.8,191820327.1,131007921.2,88571291.54,75604739.54,52615017.97,6739.4337,8765.92635,4927.736971,3599.317474,3429.305784,2706.360197,2.108957,385.398058,5.935682518,0.701748745,0.754984911,0.648512714,0.597696408,0.556559369,0.517842189,2620181.0,320.350613,Cropland,Vertisols,Unconsolidated sediments,20.8742,76.9897,Tapi,Maharashtra,9500.0,8086.739745999999,14.87642373,1981,9,271,Monsoon
246.1,251.6069549161525,-5.506954916152495,5.506954916152495,INDOFLOODS-gauge-562,246.1,13.49784871,16.29339571,21.13752216,22.78422165,24.64338844,27.49338459,34.03325906,36.43798319,37.58883155,37.91159994,5,176802.8281,110943.6875,8086.739746,876,112618.3438,537532.3125,1.593626738,0.637610137,0.007778484,3.5e-10,0.351701468,1.568356514,0.000267891,0.000188917,1.698200941,1.569929242,0.328915715,100,1.78e-08,9.43e-05,3.36e-12,0.16549097,100,30.0,10.0,3.0,1.0,743131.4375,388686.7813,271471.0938,82725.88281,41704.44531,7431.314453,12956.22559,27147.10938,27575.29492,41704.44531,0.523039103,0.698431492,0.304731816,0.504128158,3.333333254,3.0,3.333333254,3.0,26.895902,12.97327,45.244165,424.326837,42.208971,13.542206,28.666765,26.430209,26.362461,32.838649,21.954322,857.720392,247.961176,5.181176,124.347622,618.163039,21.476961,151.119216,28.412549,Arid,265317938.8,191820327.1,131007921.2,88571291.54,75604739.54,52615017.97,6739.4337,8765.92635,4927.736971,3599.317474,3429.305784,2706.360197,2.108957,385.398058,5.935682518,0.701748745,0.754984911,0.648512714,0.597696408,0.556559369,0.517842189,2620181.0,320.350613,Cropland,Vertisols,Unconsolidated sediments,20.8742,76.9897,Tapi,Maharashtra,9500.0,8086.739745999999,14.87642373,1997,11,334,Post-Monsoon
48.76,54.26036652746363,-5.500366527463633,5.500366527463633,INDOFLOODS-gauge-727,48.76,10.18911282,25.86457356,60.95402314,80.99127814,92.78272508,98.07560638,107.0242649,121.0341354,145.95011,165.6549456,5,299233.9688,197610.7969,15817.27246,855,214999.8438,791043.3125,1.514259219,0.34218055,0.003976747,1.31e-10,0.317644209,2.922433853,0.000360284,0.000161105,1.786922455,1.391786933,0.3782776,221,1.8e-08,0.000111842,2.9e-12,0.137744978,221,49.0,11.0,3.0,1.0,1242388.0,627367.75,320452.1875,220217.875,137819.7344,5621.665039,12803.42383,29132.01758,73405.96094,137819.7344,0.504969239,0.510788441,0.687209785,0.625833571,4.510204315,4.454545498,3.666666746,3.0,25.485867,10.932116,41.317706,452.788941,38.112799,11.646607,26.466192,27.292398,19.496046,30.716512,19.417195,1325.628607,327.996338,2.541945,113.683523,892.827023,25.938827,277.608265,35.533086,Tropical,101800486.9,73265401.7,48370070.6,38351752.52,29301454.23,25161597.27,2234.119033,2905.900414,1586.975679,1347.608777,1148.777431,1112.978682,4.446749,247.128713,26.28990509,0.480844911,0.517322809,0.444367041,0.409547208,0.381359775,0.354830395,6980017.0,439.195862,Cropland,Luvisols,Metamorphics,22.2197,86.7167,Subarnarekha,Odisha,16000.0,15817.27246,1.142047125,2004,8,228,Monsoon
48.8,54.26036652746363,-5.460366527463634,5.460366527463634,INDOFLOODS-gauge-727,48.8,27.57323235,60.53861218,76.94873207,91.94615511,109.9566475,175.4277918,245.9303505,292.1327367,321.5279994,384.9211552,5,299233.9688,197610.7969,15817.27246,855,214999.8438,791043.3125,1.514259219,0.34218055,0.003976747,1.31e-10,0.317644209,2.922433853,0.000360284,0.000161105,1.786922455,1.391786933,0.3782776,221,1.8e-08,0.000111842,2.9e-12,0.137744978,221,49.0,11.0,3.0,1.0,1242388.0,627367.75,320452.1875,220217.875,137819.7344,5621.665039,12803.42383,29132.01758,73405.96094,137819.7344,0.504969239,0.510788441,0.687209785,0.625833571,4.510204315,4.454545498,3.666666746,3.0,25.485867,10.932116,41.317706,452.788941,38.112799,11.646607,26.466192,27.292398,19.496046,30.716512,19.417195,1325.628607,327.996338,2.541945,113.683523,892.827023,25.938827,277.608265,35.533086,Tropical,101800486.9,73265401.7,48370070.6,38351752.52,29301454.23,25161597.27,2234.119033,2905.900414,1586.975679,1347.608777,1148.777431,1112.978682,4.446749,247.128713,26.28990509,0.480844911,0.517322809,0.444367041,0.409547208,0.381359775,0.354830395,6980017.0,439.195862,Cropland,Luvisols,Metamorphics,22.2197,86.7167,Subarnarekha,Odisha,16000.0,15817.27246,1.142047125,2011,8,230,Monsoon
311.1,305.65152003659773,5.448479963402292,5.448479963402292,INDOFLOODS-gauge-29,311.1,0.400992427,2.413799347,10.60645128,27.78676312,32.56352246,33.97337455,34.06906975,34.52294196,35.63921939,39.13574342,6,572100.6875,386962.3438,64017.37891,1487,389954.0938,1413298.5,1.478440166,0.420989156,0.003813269,3.59e-11,0.402754098,2.375358105,0.000763462,0.000163947,1.586924195,1.467097521,0.40479821,842,1.69e-08,0.000102806,2.76e-12,0.243788987,842,185.0,43.0,6.0,2.0,5508303.5,2695714.25,1311469.25,395859.9375,518155.375,6541.928223,14571.42871,30499.28516,65976.65625,259077.6875,0.489391029,0.486501575,0.301844627,1.308936119,4.551351547,4.302325726,7.166666508,3.0,25.396463,10.744284,55.465841,216.506056,35.851981,16.477877,19.374105,24.693599,25.220489,28.579781,23.129677,888.817316,258.047852,0.793609,97.609813,560.207341,5.966491,115.514914,90.523868,Arid,147827041.1,107228676.9,74716707.76,51375685.83,36591464.57,26972694.47,5127.34196,6669.091987,3802.856923,2801.004372,2177.24826,1766.342233,1.970453,360.825806,6.278768378,0.647867447,0.697016051,0.598718907,0.55180436,0.513825909,0.478081515,15478840.0,240.313451,Cropland,Vertisols,Metamorphics,15.9483,77.4264,Krishna,Andhra Pradesh,60630.0,64017.37891,5.586968349,1978,10,296,Post-Monsoon
246.2,251.6069549161525,-5.4069549161525,5.4069549161525,INDOFLOODS-gauge-562,246.2,14.24130283,24.78806044,25.40166918,25.53712205,26.48107347,27.70927411,30.50919676,31.32076979,32.94762769,33.33647445,5,176802.8281,110943.6875,8086.739746,876,112618.3438,537532.3125,1.593626738,0.637610137,0.007778484,3.5e-10,0.351701468,1.568356514,0.000267891,0.000188917,1.698200941,1.569929242,0.328915715,100,1.78e-08,9.43e-05,3.36e-12,0.16549097,100,30.0,10.0,3.0,1.0,743131.4375,388686.7813,271471.0938,82725.88281,41704.44531,7431.314453,12956.22559,27147.10938,27575.29492,41704.44531,0.523039103,0.698431492,0.304731816,0.504128158,3.333333254,3.0,3.333333254,3.0,26.895902,12.97327,45.244165,424.326837,42.208971,13.542206,28.666765,26.430209,26.362461,32.838649,21.954322,857.720392,247.961176,5.181176,124.347622,618.163039,21.476961,151.119216,28.412549,Arid,265317938.8,191820327.1,131007921.2,88571291.54,75604739.54,52615017.97,6739.4337,8765.92635,4927.736971,3599.317474,3429.305784,2706.360197,2.108957,385.398058,5.935682518,0.701748745,0.754984911,0.648512714,0.597696408,0.556559369,0.517842189,2620181.0,320.350613,Cropland,Vertisols,Unconsolidated sediments,20.8742,76.9897,Tapi,Maharashtra,9500.0,8086.739745999999,14.87642373,1990,8,221,Monsoon
311.05,305.65152003659773,5.398479963402281,5.398479963402281,INDOFLOODS-gauge-29,311.05,0.888358284,2.82667142,9.844458126,24.08509195,39.25325662,57.44412972,85.76622566,121.7185865,150.4014746,159.23368349999996,6,572100.6875,386962.3438,64017.37891,1487,389954.0938,1413298.5,1.478440166,0.420989156,0.003813269,3.59e-11,0.402754098,2.375358105,0.000763462,0.000163947,1.586924195,1.467097521,0.40479821,842,1.69e-08,0.000102806,2.76e-12,0.243788987,842,185.0,43.0,6.0,2.0,5508303.5,2695714.25,1311469.25,395859.9375,518155.375,6541.928223,14571.42871,30499.28516,65976.65625,259077.6875,0.489391029,0.486501575,0.301844627,1.308936119,4.551351547,4.302325726,7.166666508,3.0,25.396463,10.744284,55.465841,216.506056,35.851981,16.477877,19.374105,24.693599,25.220489,28.579781,23.129677,888.817316,258.047852,0.793609,97.609813,560.207341,5.966491,115.514914,90.523868,Arid,147827041.1,107228676.9,74716707.76,51375685.83,36591464.57,26972694.47,5127.34196,6669.091987,3802.856923,2801.004372,2177.24826,1766.342233,1.970453,360.825806,6.278768378,0.647867447,0.697016051,0.598718907,0.55180436,0.513825909,0.478081515,15478840.0,240.313451,Cropland,Vertisols,Metamorphics,15.9483,77.4264,Krishna,Andhra Pradesh,60630.0,64017.37891,5.586968349,1982,8,218,Monsoon
48.97,54.26036652746363,-5.2903665274636325,5.2903665274636325,INDOFLOODS-gauge-727,48.97,29.36570394,68.26775266,86.33244439,95.70465203,102.8604902,110.1336772,111.009676,111.09926570000002,118.254285,138.1419858,5,299233.9688,197610.7969,15817.27246,855,214999.8438,791043.3125,1.514259219,0.34218055,0.003976747,1.31e-10,0.317644209,2.922433853,0.000360284,0.000161105,1.786922455,1.391786933,0.3782776,221,1.8e-08,0.000111842,2.9e-12,0.137744978,221,49.0,11.0,3.0,1.0,1242388.0,627367.75,320452.1875,220217.875,137819.7344,5621.665039,12803.42383,29132.01758,73405.96094,137819.7344,0.504969239,0.510788441,0.687209785,0.625833571,4.510204315,4.454545498,3.666666746,3.0,25.485867,10.932116,41.317706,452.788941,38.112799,11.646607,26.466192,27.292398,19.496046,30.716512,19.417195,1325.628607,327.996338,2.541945,113.683523,892.827023,25.938827,277.608265,35.533086,Tropical,101800486.9,73265401.7,48370070.6,38351752.52,29301454.23,25161597.27,2234.119033,2905.900414,1586.975679,1347.608777,1148.777431,1112.978682,4.446749,247.128713,26.28990509,0.480844911,0.517322809,0.444367041,0.409547208,0.381359775,0.354830395,6980017.0,439.195862,Cropland,Luvisols,Metamorphics,22.2197,86.7167,Subarnarekha,Odisha,16000.0,15817.27246,1.142047125,2007,7,198,Monsoon
246.34,251.6069549161525,-5.266954916152486,5.266954916152486,INDOFLOODS-gauge-562,246.34,45.51822838,56.97781415,60.25155386,94.55651352,99.36062478,113.2481866,121.274367,121.729038,124.1816536,128.0261629,5,176802.8281,110943.6875,8086.739746,876,112618.3438,537532.3125,1.593626738,0.637610137,0.007778484,3.5e-10,0.351701468,1.568356514,0.000267891,0.000188917,1.698200941,1.569929242,0.328915715,100,1.78e-08,9.43e-05,3.36e-12,0.16549097,100,30.0,10.0,3.0,1.0,743131.4375,388686.7813,271471.0938,82725.88281,41704.44531,7431.314453,12956.22559,27147.10938,27575.29492,41704.44531,0.523039103,0.698431492,0.304731816,0.504128158,3.333333254,3.0,3.333333254,3.0,26.895902,12.97327,45.244165,424.326837,42.208971,13.542206,28.666765,26.430209,26.362461,32.838649,21.954322,857.720392,247.961176,5.181176,124.347622,618.163039,21.476961,151.119216,28.412549,Arid,265317938.8,191820327.1,131007921.2,88571291.54,75604739.54,52615017.97,6739.4337,8765.92635,4927.736971,3599.317474,3429.305784,2706.360197,2.108957,385.398058,5.935682518,0.701748745,0.754984911,0.648512714,0.597696408,0.556559369,0.517842189,2620181.0,320.350613,Cropland,Vertisols,Unconsolidated sediments,20.8742,76.9897,Tapi,Maharashtra,9500.0,8086.739745999999,14.87642373,1978,6,169,Monsoon
310.9,305.65152003659773,5.248479963402247,5.248479963402247,INDOFLOODS-gauge-29,310.9,2.295831749,6.566302892,15.08686695,30.90054893,39.72499031,46.29510752,49.51941559,53.30509541,64.74042713,84.54827431,6,572100.6875,386962.3438,64017.37891,1487,389954.0938,1413298.5,1.478440166,0.420989156,0.003813269,3.59e-11,0.402754098,2.375358105,0.000763462,0.000163947,1.586924195,1.467097521,0.40479821,842,1.69e-08,0.000102806,2.76e-12,0.243788987,842,185.0,43.0,6.0,2.0,5508303.5,2695714.25,1311469.25,395859.9375,518155.375,6541.928223,14571.42871,30499.28516,65976.65625,259077.6875,0.489391029,0.486501575,0.301844627,1.308936119,4.551351547,4.302325726,7.166666508,3.0,25.396463,10.744284,55.465841,216.506056,35.851981,16.477877,19.374105,24.693599,25.220489,28.579781,23.129677,888.817316,258.047852,0.793609,97.609813,560.207341,5.966491,115.514914,90.523868,Arid,147827041.1,107228676.9,74716707.76,51375685.83,36591464.57,26972694.47,5127.34196,6669.091987,3802.856923,2801.004372,2177.24826,1766.342233,1.970453,360.825806,6.278768378,0.647867447,0.697016051,0.598718907,0.55180436,0.513825909,0.478081515,15478840.0,240.313451,Cropland,Vertisols,Metamorphics,15.9483,77.4264,Krishna,Andhra Pradesh,60630.0,64017.37891,5.586968349,1997,8,216,Monsoon
310.87,305.65152003659773,5.218479963402274,5.218479963402274,INDOFLOODS-gauge-29,310.87,3.510815558,7.071851972999999,15.95635646,31.79086031,48.49774675,65.50591205,83.72878618,91.40031638,113.6063938,152.9332334,6,572100.6875,386962.3438,64017.37891,1487,389954.0938,1413298.5,1.478440166,0.420989156,0.003813269,3.59e-11,0.402754098,2.375358105,0.000763462,0.000163947,1.586924195,1.467097521,0.40479821,842,1.69e-08,0.000102806,2.76e-12,0.243788987,842,185.0,43.0,6.0,2.0,5508303.5,2695714.25,1311469.25,395859.9375,518155.375,6541.928223,14571.42871,30499.28516,65976.65625,259077.6875,0.489391029,0.486501575,0.301844627,1.308936119,4.551351547,4.302325726,7.166666508,3.0,25.396463,10.744284,55.465841,216.506056,35.851981,16.477877,19.374105,24.693599,25.220489,28.579781,23.129677,888.817316,258.047852,0.793609,97.609813,560.207341,5.966491,115.514914,90.523868,Arid,147827041.1,107228676.9,74716707.76,51375685.83,36591464.57,26972694.47,5127.34196,6669.091987,3802.856923,2801.004372,2177.24826,1766.342233,1.970453,360.825806,6.278768378,0.647867447,0.697016051,0.598718907,0.55180436,0.513825909,0.478081515,15478840.0,240.313451,Cropland,Vertisols,Metamorphics,15.9483,77.4264,Krishna,Andhra Pradesh,60630.0,64017.37891,5.586968349,1990,8,232,Monsoon
246.47,251.6069549161525,-5.13695491615249,5.13695491615249,INDOFLOODS-gauge-562,246.47,55.30392742,93.50065919,100.1063216,113.54811,117.1947768,133.158492,152.601444,158.43065259999997,165.12347250000005,168.5295467,5,176802.8281,110943.6875,8086.739746,876,112618.3438,537532.3125,1.593626738,0.637610137,0.007778484,3.5e-10,0.351701468,1.568356514,0.000267891,0.000188917,1.698200941,1.569929242,0.328915715,100,1.78e-08,9.43e-05,3.36e-12,0.16549097,100,30.0,10.0,3.0,1.0,743131.4375,388686.7813,271471.0938,82725.88281,41704.44531,7431.314453,12956.22559,27147.10938,27575.29492,41704.44531,0.523039103,0.698431492,0.304731816,0.504128158,3.333333254,3.0,3.333333254,3.0,26.895902,12.97327,45.244165,424.326837,42.208971,13.542206,28.666765,26.430209,26.362461,32.838649,21.954322,857.720392,247.961176,5.181176,124.347622,618.163039,21.476961,151.119216,28.412549,Arid,265317938.8,191820327.1,131007921.2,88571291.54,75604739.54,52615017.97,6739.4337,8765.92635,4927.736971,3599.317474,3429.305784,2706.360197,2.108957,385.398058,5.935682518,0.701748745,0.754984911,0.648512714,0.597696408,0.556559369,0.517842189,2620181.0,320.350613,Cropland,Vertisols,Unconsolidated sediments,20.8742,76.9897,Tapi,Maharashtra,9500.0,8086.739745999999,14.87642373,2013,9,265,Monsoon
310.78,305.65152003659773,5.128479963402242,5.128479963402242,INDOFLOODS-gauge-29,310.78,1.852272806,7.608061613999999,18.48938574,30.41593772,37.86306366,48.12576121,74.34687697,86.19662618,87.31778141,88.2778933,6,572100.6875,386962.3438,64017.37891,1487,389954.0938,1413298.5,1.478440166,0.420989156,0.003813269,3.59e-11,0.402754098,2.375358105,0.000763462,0.000163947,1.586924195,1.467097521,0.40479821,842,1.69e-08,0.000102806,2.76e-12,0.243788987,842,185.0,43.0,6.0,2.0,5508303.5,2695714.25,1311469.25,395859.9375,518155.375,6541.928223,14571.42871,30499.28516,65976.65625,259077.6875,0.489391029,0.486501575,0.301844627,1.308936119,4.551351547,4.302325726,7.166666508,3.0,25.396463,10.744284,55.465841,216.506056,35.851981,16.477877,19.374105,24.693599,25.220489,28.579781,23.129677,888.817316,258.047852,0.793609,97.609813,560.207341,5.966491,115.514914,90.523868,Arid,147827041.1,107228676.9,74716707.76,51375685.83,36591464.57,26972694.47,5127.34196,6669.091987,3802.856923,2801.004372,2177.24826,1766.342233,1.970453,360.825806,6.278768378,0.647867447,0.697016051,0.598718907,0.55180436,0.513825909,0.478081515,15478840.0,240.313451,Cropland,Vertisols,Metamorphics,15.9483,77.4264,Krishna,Andhra Pradesh,60630.0,64017.37891,5.586968349,2009,9,251,Monsoon
33.4,28.293345632833905,5.106654367166094,5.106654367166094,INDOFLOODS-gauge-1085,33.4,16.6738863,30.41391754,36.1670792,48.98814864,52.95091424,56.78867081,59.02944244,64.85692528,82.48097936,106.5344267,5,463678.7188,330162.8125,21904.48242,1204,341410.3438,1098149.25,1.40439415,0.18792288,0.003526548,7.02e-11,0.228254899,5.321331978,0.000363339,0.000161826,2.107978106,1.358127356,0.422236532,315,1.82e-08,0.000112562,2.95e-12,0.1948383,315,67.0,13.0,3.0,1.0,1756620.375,817386.5,396399.9375,274903.0313,299401.1875,5576.572754,12199.79883,30492.30273,91634.34375,299401.1875,0.465317667,0.484960228,0.693499207,1.08911562,4.70149231,5.153846264,4.333333492,3.0,25.324364,11.317986,40.461182,493.632095,38.792319,10.797642,27.994677,27.586145,18.959131,31.029907,18.706263,1213.55461,306.451879,3.037624,115.792655,829.954574,26.053865,236.935106,34.614645,Tropical,193803869.7,139464558.5,95072538.82,76975155.1,55169759.77,46898096.51,2346.516734,3052.095218,1713.25437,1511.417903,1239.699602,1215.136213,7.762763,433.032258,42.26073014,0.508558694,0.547139028,0.469978406,0.433151714,0.403339676,0.375281258,15777280.0,722.63754,Cropland,Luvisols,Metamorphics,22.8381,87.9031,Ganga - Brahmaputra -Meghna/Barak,West Bengal,21310.0,21904.48242,2.789687565,2012,7,211,Monsoon
246.53,251.6069549161525,-5.076954916152488,5.076954916152488,INDOFLOODS-gauge-562,246.53,33.13420981,66.32235911,73.57883112,83.46312619,92.55921607,102.9451878,152.0974263,160.1170937,167.1121079,172.61712,5,176802.8281,110943.6875,8086.739746,876,112618.3438,537532.3125,1.593626738,0.637610137,0.007778484,3.5e-10,0.351701468,1.568356514,0.000267891,0.000188917,1.698200941,1.569929242,0.328915715,100,1.78e-08,9.43e-05,3.36e-12,0.16549097,100,30.0,10.0,3.0,1.0,743131.4375,388686.7813,271471.0938,82725.88281,41704.44531,7431.314453,12956.22559,27147.10938,27575.29492,41704.44531,0.523039103,0.698431492,0.304731816,0.504128158,3.333333254,3.0,3.333333254,3.0,26.895902,12.97327,45.244165,424.326837,42.208971,13.542206,28.666765,26.430209,26.362461,32.838649,21.954322,857.720392,247.961176,5.181176,124.347622,618.163039,21.476961,151.119216,28.412549,Arid,265317938.8,191820327.1,131007921.2,88571291.54,75604739.54,52615017.97,6739.4337,8765.92635,4927.736971,3599.317474,3429.305784,2706.360197,2.108957,385.398058,5.935682518,0.701748745,0.754984911,0.648512714,0.597696408,0.556559369,0.517842189,2620181.0,320.350613,Cropland,Vertisols,Unconsolidated sediments,20.8742,76.9897,Tapi,Maharashtra,9500.0,8086.739745999999,14.87642373,1991,7,212,Monsoon
49.2,54.26036652746363,-5.0603665274636285,5.0603665274636285,INDOFLOODS-gauge-727,49.2,101.2325983,161.7789201,210.9800475,234.7470454,240.6626476,247.1356074,250.06004480000004,250.4432557,251.3695204,253.75486150000003,5,299233.9688,197610.7969,15817.27246,855,214999.8438,791043.3125,1.514259219,0.34218055,0.003976747,1.31e-10,0.317644209,2.922433853,0.000360284,0.000161105,1.786922455,1.391786933,0.3782776,221,1.8e-08,0.000111842,2.9e-12,0.137744978,221,49.0,11.0,3.0,1.0,1242388.0,627367.75,320452.1875,220217.875,137819.7344,5621.665039,12803.42383,29132.01758,73405.96094,137819.7344,0.504969239,0.510788441,0.687209785,0.625833571,4.510204315,4.454545498,3.666666746,3.0,25.485867,10.932116,41.317706,452.788941,38.112799,11.646607,26.466192,27.292398,19.496046,30.716512,19.417195,1325.628607,327.996338,2.541945,113.683523,892.827023,25.938827,277.608265,35.533086,Tropical,101800486.9,73265401.7,48370070.6,38351752.52,29301454.23,25161597.27,2234.119033,2905.900414,1586.975679,1347.608777,1148.777431,1112.978682,4.446749,247.128713,26.28990509,0.480844911,0.517322809,0.444367041,0.409547208,0.381359775,0.354830395,6980017.0,439.195862,Cropland,Luvisols,Metamorphics,22.2197,86.7167,Subarnarekha,Odisha,16000.0,15817.27246,1.142047125,2011,6,170,Monsoon
310.65,305.65152003659773,4.998479963402247,4.998479963402247,INDOFLOODS-gauge-29,310.65,0.855153242,1.6893652330000002,1.934591169,3.170286592,4.963822979,8.454044665,13.67740398,18.77908466,20.07285507,22.40855543,6,572100.6875,386962.3438,64017.37891,1487,389954.0938,1413298.5,1.478440166,0.420989156,0.003813269,3.59e-11,0.402754098,2.375358105,0.000763462,0.000163947,1.586924195,1.467097521,0.40479821,842,1.69e-08,0.000102806,2.76e-12,0.243788987,842,185.0,43.0,6.0,2.0,5508303.5,2695714.25,1311469.25,395859.9375,518155.375,6541.928223,14571.42871,30499.28516,65976.65625,259077.6875,0.489391029,0.486501575,0.301844627,1.308936119,4.551351547,4.302325726,7.166666508,3.0,25.396463,10.744284,55.465841,216.506056,35.851981,16.477877,19.374105,24.693599,25.220489,28.579781,23.129677,888.817316,258.047852,0.793609,97.609813,560.207341,5.966491,115.514914,90.523868,Arid,147827041.1,107228676.9,74716707.76,51375685.83,36591464.57,26972694.47,5127.34196,6669.091987,3802.856923,2801.004372,2177.24826,1766.342233,1.970453,360.825806,6.278768378,0.647867447,0.697016051,0.598718907,0.55180436,0.513825909,0.478081515,15478840.0,240.313451,Cropland,Vertisols,Metamorphics,15.9483,77.4264,Krishna,Andhra Pradesh,60630.0,64017.37891,5.586968349,1980,9,254,Monsoon
310.57,305.65152003659773,4.918479963402263,4.918479963402263,INDOFLOODS-gauge-29,310.57,2.7521948110000003,6.463882916,21.02876957,27.38560199,30.83765795,40.88611522,46.1193368,47.53218267,52.97697028,62.82711034,6,572100.6875,386962.3438,64017.37891,1487,389954.0938,1413298.5,1.478440166,0.420989156,0.003813269,3.59e-11,0.402754098,2.375358105,0.000763462,0.000163947,1.586924195,1.467097521,0.40479821,842,1.69e-08,0.000102806,2.76e-12,0.243788987,842,185.0,43.0,6.0,2.0,5508303.5,2695714.25,1311469.25,395859.9375,518155.375,6541.928223,14571.42871,30499.28516,65976.65625,259077.6875,0.489391029,0.486501575,0.301844627,1.308936119,4.551351547,4.302325726,7.166666508,3.0,25.396463,10.744284,55.465841,216.506056,35.851981,16.477877,19.374105,24.693599,25.220489,28.579781,23.129677,888.817316,258.047852,0.793609,97.609813,560.207341,5.966491,115.514914,90.523868,Arid,147827041.1,107228676.9,74716707.76,51375685.83,36591464.57,26972694.47,5127.34196,6669.091987,3802.856923,2801.004372,2177.24826,1766.342233,1.970453,360.825806,6.278768378,0.647867447,0.697016051,0.598718907,0.55180436,0.513825909,0.478081515,15478840.0,240.313451,Cropland,Vertisols,Metamorphics,15.9483,77.4264,Krishna,Andhra Pradesh,60630.0,64017.37891,5.586968349,2010,10,279,Post-Monsoon
246.7,251.6069549161525,-4.9069549161525,4.9069549161525,INDOFLOODS-gauge-562,246.7,28.7944521,75.261323,100.3874687,155.0095348,170.5558567,170.8010501,171.2683025,171.5403946,175.2569316,217.338758,5,176802.8281,110943.6875,8086.739746,876,112618.3438,537532.3125,1.593626738,0.637610137,0.007778484,3.5e-10,0.351701468,1.568356514,0.000267891,0.000188917,1.698200941,1.569929242,0.328915715,100,1.78e-08,9.43e-05,3.36e-12,0.16549097,100,30.0,10.0,3.0,1.0,743131.4375,388686.7813,271471.0938,82725.88281,41704.44531,7431.314453,12956.22559,27147.10938,27575.29492,41704.44531,0.523039103,0.698431492,0.304731816,0.504128158,3.333333254,3.0,3.333333254,3.0,26.895902,12.97327,45.244165,424.326837,42.208971,13.542206,28.666765,26.430209,26.362461,32.838649,21.954322,857.720392,247.961176,5.181176,124.347622,618.163039,21.476961,151.119216,28.412549,Arid,265317938.8,191820327.1,131007921.2,88571291.54,75604739.54,52615017.97,6739.4337,8765.92635,4927.736971,3599.317474,3429.305784,2706.360197,2.108957,385.398058,5.935682518,0.701748745,0.754984911,0.648512714,0.597696408,0.556559369,0.517842189,2620181.0,320.350613,Cropland,Vertisols,Unconsolidated sediments,20.8742,76.9897,Tapi,Maharashtra,9500.0,8086.739745999999,14.87642373,2002,9,246,Monsoon
605.75,600.8687036877375,4.881296312262521,4.881296312262521,INDOFLOODS-gauge-319,605.75,33.670653,63.26596113,75.44954613,106.8619023,107.7032395,107.7046277,107.8465254,107.8689671,108.5122781,109.0723483,4,127419.5781,97785.86719,3298.440918,552,100640.2969,319578.8125,1.303046942,0.325660348,0.00548488,6.13e-10,0.405847251,3.070683956,0.000175231,0.000151761,1.580865264,1.266089082,0.398710966,43,1.7e-08,0.000111872,2.58e-12,0.083771802,43,9.0,3.0,1.0,,246173.9063,92599.05469,140640.8906,21159.23242,,5724.974609,10288.78418,46880.29688,21159.23242,,0.376152992,1.518815637,0.15044865,,4.777777672,3.0,3.0,,24.244818,10.761735,56.086204,217.895015,34.524937,15.330933,19.194004,23.728458,24.071864,27.32367,21.646546,770.187908,167.716006,1.33417,87.78182,423.558455,7.539388,133.620923,64.086302,Tropical,696193281.4,492973433.2,334615683.0,220245511.6,151504351.3,106779797.8,5119.719323,6659.177282,3846.718692,2823.256303,2193.197179,1775.823774,19.868362,1484.3,32.44191144,0.655875555,0.705631667,0.606119503,0.558625055,0.520177164,0.483990947,6336434.0,1905.966541,Cropland,Lixisols,No dominant class,12.5172,77.4369,Cauvery,Karnataka,3500.0,3298.440918,5.758830914,2015,9,251,Monsoon
605.75,600.8687036877375,4.881296312262521,4.881296312262521,INDOFLOODS-gauge-319,605.75,35.49549545,46.73044984,53.94882809999999,65.18108662,71.8104312,84.43104897,86.53184379,99.51432769,108.4022978,126.01210829999998,4,127419.5781,97785.86719,3298.440918,552,100640.2969,319578.8125,1.303046942,0.325660348,0.00548488,6.13e-10,0.405847251,3.070683956,0.000175231,0.000151761,1.580865264,1.266089082,0.398710966,43,1.7e-08,0.000111872,2.58e-12,0.083771802,43,9.0,3.0,1.0,,246173.9063,92599.05469,140640.8906,21159.23242,,5724.974609,10288.78418,46880.29688,21159.23242,,0.376152992,1.518815637,0.15044865,,4.777777672,3.0,3.0,,24.244818,10.761735,56.086204,217.895015,34.524937,15.330933,19.194004,23.728458,24.071864,27.32367,21.646546,770.187908,167.716006,1.33417,87.78182,423.558455,7.539388,133.620923,64.086302,Tropical,696193281.4,492973433.2,334615683.0,220245511.6,151504351.3,106779797.8,5119.719323,6659.177282,3846.718692,2823.256303,2193.197179,1775.823774,19.868362,1484.3,32.44191144,0.655875555,0.705631667,0.606119503,0.558625055,0.520177164,0.483990947,6336434.0,1905.966541,Cropland,Lixisols,No dominant class,12.5172,77.4369,Cauvery,Karnataka,3500.0,3298.440918,5.758830914,2013,9,256,Monsoon
605.75,600.8687036877375,4.881296312262521,4.881296312262521,INDOFLOODS-gauge-319,605.75,6.841321182000001,25.05080278,42.39651928,43.59297422,43.65767085,43.68754061,43.74198674,45.17990824,46.97299577,49.40176774,4,127419.5781,97785.86719,3298.440918,552,100640.2969,319578.8125,1.303046942,0.325660348,0.00548488,6.13e-10,0.405847251,3.070683956,0.000175231,0.000151761,1.580865264,1.266089082,0.398710966,43,1.7e-08,0.000111872,2.58e-12,0.083771802,43,9.0,3.0,1.0,,246173.9063,92599.05469,140640.8906,21159.23242,,5724.974609,10288.78418,46880.29688,21159.23242,,0.376152992,1.518815637,0.15044865,,4.777777672,3.0,3.0,,24.244818,10.761735,56.086204,217.895015,34.524937,15.330933,19.194004,23.728458,24.071864,27.32367,21.646546,770.187908,167.716006,1.33417,87.78182,423.558455,7.539388,133.620923,64.086302,Tropical,696193281.4,492973433.2,334615683.0,220245511.6,151504351.3,106779797.8,5119.719323,6659.177282,3846.718692,2823.256303,2193.197179,1775.823774,19.868362,1484.3,32.44191144,0.655875555,0.705631667,0.606119503,0.558625055,0.520177164,0.483990947,6336434.0,1905.966541,Cropland,Lixisols,No dominant class,12.5172,77.4369,Cauvery,Karnataka,3500.0,3298.440918,5.758830914,2009,9,259,Monsoon
605.71,600.8687036877375,4.841296312262557,4.841296312262557,INDOFLOODS-gauge-319,605.71,10.21809937,24.50782668,28.36114178,33.03269639,48.89312997,105.43908290000002,136.0950816,140.94226809999995,152.0725131,152.07475569999997,4,127419.5781,97785.86719,3298.440918,552,100640.2969,319578.8125,1.303046942,0.325660348,0.00548488,6.13e-10,0.405847251,3.070683956,0.000175231,0.000151761,1.580865264,1.266089082,0.398710966,43,1.7e-08,0.000111872,2.58e-12,0.083771802,43,9.0,3.0,1.0,,246173.9063,92599.05469,140640.8906,21159.23242,,5724.974609,10288.78418,46880.29688,21159.23242,,0.376152992,1.518815637,0.15044865,,4.777777672,3.0,3.0,,24.244818,10.761735,56.086204,217.895015,34.524937,15.330933,19.194004,23.728458,24.071864,27.32367,21.646546,770.187908,167.716006,1.33417,87.78182,423.558455,7.539388,133.620923,64.086302,Tropical,696193281.4,492973433.2,334615683.0,220245511.6,151504351.3,106779797.8,5119.719323,6659.177282,3846.718692,2823.256303,2193.197179,1775.823774,19.868362,1484.3,32.44191144,0.655875555,0.705631667,0.606119503,0.558625055,0.520177164,0.483990947,6336434.0,1905.966541,Cropland,Lixisols,No dominant class,12.5172,77.4369,Cauvery,Karnataka,3500.0,3298.440918,5.758830914,2017,10,276,Post-Monsoon
310.49,305.65152003659773,4.838479963402278,4.838479963402278,INDOFLOODS-gauge-29,310.49,3.247969588,5.91338087,9.873287924,16.35807875,24.4153444,32.44202477,41.90049892,51.84160569,70.52281462,92.67433091,6,572100.6875,386962.3438,64017.37891,1487,389954.0938,1413298.5,1.478440166,0.420989156,0.003813269,3.59e-11,0.402754098,2.375358105,0.000763462,0.000163947,1.586924195,1.467097521,0.40479821,842,1.69e-08,0.000102806,2.76e-12,0.243788987,842,185.0,43.0,6.0,2.0,5508303.5,2695714.25,1311469.25,395859.9375,518155.375,6541.928223,14571.42871,30499.28516,65976.65625,259077.6875,0.489391029,0.486501575,0.301844627,1.308936119,4.551351547,4.302325726,7.166666508,3.0,25.396463,10.744284,55.465841,216.506056,35.851981,16.477877,19.374105,24.693599,25.220489,28.579781,23.129677,888.817316,258.047852,0.793609,97.609813,560.207341,5.966491,115.514914,90.523868,Arid,147827041.1,107228676.9,74716707.76,51375685.83,36591464.57,26972694.47,5127.34196,6669.091987,3802.856923,2801.004372,2177.24826,1766.342233,1.970453,360.825806,6.278768378,0.647867447,0.697016051,0.598718907,0.55180436,0.513825909,0.478081515,15478840.0,240.313451,Cropland,Vertisols,Metamorphics,15.9483,77.4264,Krishna,Andhra Pradesh,60630.0,64017.37891,5.586968349,1999,8,213,Monsoon
310.47,305.65152003659773,4.818479963402297,4.818479963402297,INDOFLOODS-gauge-29,310.47,1.3434427480000002,3.162897956,4.231151037,5.886741787999999,9.244518141,14.53924138,20.05257798,22.415868600000003,25.21739916,40.68293134,6,572100.6875,386962.3438,64017.37891,1487,389954.0938,1413298.5,1.478440166,0.420989156,0.003813269,3.59e-11,0.402754098,2.375358105,0.000763462,0.000163947,1.586924195,1.467097521,0.40479821,842,1.69e-08,0.000102806,2.76e-12,0.243788987,842,185.0,43.0,6.0,2.0,5508303.5,2695714.25,1311469.25,395859.9375,518155.375,6541.928223,14571.42871,30499.28516,65976.65625,259077.6875,0.489391029,0.486501575,0.301844627,1.308936119,4.551351547,4.302325726,7.166666508,3.0,25.396463,10.744284,55.465841,216.506056,35.851981,16.477877,19.374105,24.693599,25.220489,28.579781,23.129677,888.817316,258.047852,0.793609,97.609813,560.207341,5.966491,115.514914,90.523868,Arid,147827041.1,107228676.9,74716707.76,51375685.83,36591464.57,26972694.47,5127.34196,6669.091987,3802.856923,2801.004372,2177.24826,1766.342233,1.970453,360.825806,6.278768378,0.647867447,0.697016051,0.598718907,0.55180436,0.513825909,0.478081515,15478840.0,240.313451,Cropland,Vertisols,Metamorphics,15.9483,77.4264,Krishna,Andhra Pradesh,60630.0,64017.37891,5.586968349,1981,9,271,Monsoon
605.68,600.8687036877375,4.811296312262471,4.811296312262471,INDOFLOODS-gauge-319,605.68,6.629344574,19.24996235,21.35075716,34.33324106,43.22121122,60.83102172,73.98722032,91.26825999,104.5206726,105.553525,4,127419.5781,97785.86719,3298.440918,552,100640.2969,319578.8125,1.303046942,0.325660348,0.00548488,6.13e-10,0.405847251,3.070683956,0.000175231,0.000151761,1.580865264,1.266089082,0.398710966,43,1.7e-08,0.000111872,2.58e-12,0.083771802,43,9.0,3.0,1.0,,246173.9063,92599.05469,140640.8906,21159.23242,,5724.974609,10288.78418,46880.29688,21159.23242,,0.376152992,1.518815637,0.15044865,,4.777777672,3.0,3.0,,24.244818,10.761735,56.086204,217.895015,34.524937,15.330933,19.194004,23.728458,24.071864,27.32367,21.646546,770.187908,167.716006,1.33417,87.78182,423.558455,7.539388,133.620923,64.086302,Tropical,696193281.4,492973433.2,334615683.0,220245511.6,151504351.3,106779797.8,5119.719323,6659.177282,3846.718692,2823.256303,2193.197179,1775.823774,19.868362,1484.3,32.44191144,0.655875555,0.705631667,0.606119503,0.558625055,0.520177164,0.483990947,6336434.0,1905.966541,Cropland,Lixisols,No dominant class,12.5172,77.4369,Cauvery,Karnataka,3500.0,3298.440918,5.758830914,2013,9,252,Monsoon
310.46,305.65152003659773,4.808479963402249,4.808479963402249,INDOFLOODS-gauge-29,310.46,1.645189114,4.144140898,14.09359567,20.66185798,25.61046,28.41254883,34.286124900000004,39.22801664,42.90283999,44.82576934,6,572100.6875,386962.3438,64017.37891,1487,389954.0938,1413298.5,1.478440166,0.420989156,0.003813269,3.59e-11,0.402754098,2.375358105,0.000763462,0.000163947,1.586924195,1.467097521,0.40479821,842,1.69e-08,0.000102806,2.76e-12,0.243788987,842,185.0,43.0,6.0,2.0,5508303.5,2695714.25,1311469.25,395859.9375,518155.375,6541.928223,14571.42871,30499.28516,65976.65625,259077.6875,0.489391029,0.486501575,0.301844627,1.308936119,4.551351547,4.302325726,7.166666508,3.0,25.396463,10.744284,55.465841,216.506056,35.851981,16.477877,19.374105,24.693599,25.220489,28.579781,23.129677,888.817316,258.047852,0.793609,97.609813,560.207341,5.966491,115.514914,90.523868,Arid,147827041.1,107228676.9,74716707.76,51375685.83,36591464.57,26972694.47,5127.34196,6669.091987,3802.856923,2801.004372,2177.24826,1766.342233,1.970453,360.825806,6.278768378,0.647867447,0.697016051,0.598718907,0.55180436,0.513825909,0.478081515,15478840.0,240.313451,Cropland,Vertisols,Metamorphics,15.9483,77.4264,Krishna,Andhra Pradesh,60630.0,64017.37891,5.586968349,1997,8,242,Monsoon
310.45,305.65152003659773,4.798479963402258,4.798479963402258,INDOFLOODS-gauge-29,310.45,0.34561266,0.383248911,0.460674871,0.8379191779999999,6.514925111,22.0959334,31.28619569,37.82597208,40.13298672,41.09007996,6,572100.6875,386962.3438,64017.37891,1487,389954.0938,1413298.5,1.478440166,0.420989156,0.003813269,3.59e-11,0.402754098,2.375358105,0.000763462,0.000163947,1.586924195,1.467097521,0.40479821,842,1.69e-08,0.000102806,2.76e-12,0.243788987,842,185.0,43.0,6.0,2.0,5508303.5,2695714.25,1311469.25,395859.9375,518155.375,6541.928223,14571.42871,30499.28516,65976.65625,259077.6875,0.489391029,0.486501575,0.301844627,1.308936119,4.551351547,4.302325726,7.166666508,3.0,25.396463,10.744284,55.465841,216.506056,35.851981,16.477877,19.374105,24.693599,25.220489,28.579781,23.129677,888.817316,258.047852,0.793609,97.609813,560.207341,5.966491,115.514914,90.523868,Arid,147827041.1,107228676.9,74716707.76,51375685.83,36591464.57,26972694.47,5127.34196,6669.091987,3802.856923,2801.004372,2177.24826,1766.342233,1.970453,360.825806,6.278768378,0.647867447,0.697016051,0.598718907,0.55180436,0.513825909,0.478081515,15478840.0,240.313451,Cropland,Vertisols,Metamorphics,15.9483,77.4264,Krishna,Andhra Pradesh,60630.0,64017.37891,5.586968349,1978,11,317,Post-Monsoon
605.66,600.8687036877375,4.791296312262489,4.791296312262489,INDOFLOODS-gauge-319,605.66,2.627736571,24.94446536,36.98189248,37.85125479999999,39.79880973,41.17848339,46.71998992,51.77944516,58.22203891,59.77333943,4,127419.5781,97785.86719,3298.440918,552,100640.2969,319578.8125,1.303046942,0.325660348,0.00548488,6.13e-10,0.405847251,3.070683956,0.000175231,0.000151761,1.580865264,1.266089082,0.398710966,43,1.7e-08,0.000111872,2.58e-12,0.083771802,43,9.0,3.0,1.0,,246173.9063,92599.05469,140640.8906,21159.23242,,5724.974609,10288.78418,46880.29688,21159.23242,,0.376152992,1.518815637,0.15044865,,4.777777672,3.0,3.0,,24.244818,10.761735,56.086204,217.895015,34.524937,15.330933,19.194004,23.728458,24.071864,27.32367,21.646546,770.187908,167.716006,1.33417,87.78182,423.558455,7.539388,133.620923,64.086302,Tropical,696193281.4,492973433.2,334615683.0,220245511.6,151504351.3,106779797.8,5119.719323,6659.177282,3846.718692,2823.256303,2193.197179,1775.823774,19.868362,1484.3,32.44191144,0.655875555,0.705631667,0.606119503,0.558625055,0.520177164,0.483990947,6336434.0,1905.966541,Cropland,Lixisols,No dominant class,12.5172,77.4369,Cauvery,Karnataka,3500.0,3298.440918,5.758830914,2015,8,231,Monsoon
310.44,305.65152003659773,4.788479963402267,4.788479963402267,INDOFLOODS-gauge-29,310.44,1.20600856,4.588251101,7.7341326289999985,14.52567394,16.88682746,20.28257911,21.76259015,25.89659542,30.85471395,36.02163655,6,572100.6875,386962.3438,64017.37891,1487,389954.0938,1413298.5,1.478440166,0.420989156,0.003813269,3.59e-11,0.402754098,2.375358105,0.000763462,0.000163947,1.586924195,1.467097521,0.40479821,842,1.69e-08,0.000102806,2.76e-12,0.243788987,842,185.0,43.0,6.0,2.0,5508303.5,2695714.25,1311469.25,395859.9375,518155.375,6541.928223,14571.42871,30499.28516,65976.65625,259077.6875,0.489391029,0.486501575,0.301844627,1.308936119,4.551351547,4.302325726,7.166666508,3.0,25.396463,10.744284,55.465841,216.506056,35.851981,16.477877,19.374105,24.693599,25.220489,28.579781,23.129677,888.817316,258.047852,0.793609,97.609813,560.207341,5.966491,115.514914,90.523868,Arid,147827041.1,107228676.9,74716707.76,51375685.83,36591464.57,26972694.47,5127.34196,6669.091987,3802.856923,2801.004372,2177.24826,1766.342233,1.970453,360.825806,6.278768378,0.647867447,0.697016051,0.598718907,0.55180436,0.513825909,0.478081515,15478840.0,240.313451,Cropland,Vertisols,Metamorphics,15.9483,77.4264,Krishna,Andhra Pradesh,60630.0,64017.37891,5.586968349,1998,9,260,Monsoon
310.41,305.65152003659773,4.758479963402294,4.758479963402294,INDOFLOODS-gauge-29,310.41,0.563139098,0.889031314,9.796331454,25.14464615,26.05552094,29.98998512,38.96656658,40.67054146,41.56824232,42.92601482,6,572100.6875,386962.3438,64017.37891,1487,389954.0938,1413298.5,1.478440166,0.420989156,0.003813269,3.59e-11,0.402754098,2.375358105,0.000763462,0.000163947,1.586924195,1.467097521,0.40479821,842,1.69e-08,0.000102806,2.76e-12,0.243788987,842,185.0,43.0,6.0,2.0,5508303.5,2695714.25,1311469.25,395859.9375,518155.375,6541.928223,14571.42871,30499.28516,65976.65625,259077.6875,0.489391029,0.486501575,0.301844627,1.308936119,4.551351547,4.302325726,7.166666508,3.0,25.396463,10.744284,55.465841,216.506056,35.851981,16.477877,19.374105,24.693599,25.220489,28.579781,23.129677,888.817316,258.047852,0.793609,97.609813,560.207341,5.966491,115.514914,90.523868,Arid,147827041.1,107228676.9,74716707.76,51375685.83,36591464.57,26972694.47,5127.34196,6669.091987,3802.856923,2801.004372,2177.24826,1766.342233,1.970453,360.825806,6.278768378,0.647867447,0.697016051,0.598718907,0.55180436,0.513825909,0.478081515,15478840.0,240.313451,Cropland,Vertisols,Metamorphics,15.9483,77.4264,Krishna,Andhra Pradesh,60630.0,64017.37891,5.586968349,1981,10,285,Post-Monsoon
310.38,305.65152003659773,4.728479963402265,4.728479963402265,INDOFLOODS-gauge-29,310.38,1.2020858840000002,5.786875115,12.58943386,17.272135100000003,19.76009125,21.33233521,23.558969,26.57511492,31.58446816,36.33359113,6,572100.6875,386962.3438,64017.37891,1487,389954.0938,1413298.5,1.478440166,0.420989156,0.003813269,3.59e-11,0.402754098,2.375358105,0.000763462,0.000163947,1.586924195,1.467097521,0.40479821,842,1.69e-08,0.000102806,2.76e-12,0.243788987,842,185.0,43.0,6.0,2.0,5508303.5,2695714.25,1311469.25,395859.9375,518155.375,6541.928223,14571.42871,30499.28516,65976.65625,259077.6875,0.489391029,0.486501575,0.301844627,1.308936119,4.551351547,4.302325726,7.166666508,3.0,25.396463,10.744284,55.465841,216.506056,35.851981,16.477877,19.374105,24.693599,25.220489,28.579781,23.129677,888.817316,258.047852,0.793609,97.609813,560.207341,5.966491,115.514914,90.523868,Arid,147827041.1,107228676.9,74716707.76,51375685.83,36591464.57,26972694.47,5127.34196,6669.091987,3802.856923,2801.004372,2177.24826,1766.342233,1.970453,360.825806,6.278768378,0.647867447,0.697016051,0.598718907,0.55180436,0.513825909,0.478081515,15478840.0,240.313451,Cropland,Vertisols,Metamorphics,15.9483,77.4264,Krishna,Andhra Pradesh,60630.0,64017.37891,5.586968349,2005,8,231,Monsoon
313.82,309.09617212193166,4.723827878068335,4.723827878068335,INDOFLOODS-gauge-29,313.82,56.03549777,82.72302043,105.38124609999998,117.3411186,133.5282888,139.0159431,143.3486565,152.9316678,156.3124659,167.35061140000005,6,572100.6875,386962.3438,64017.37891,1487,389954.0938,1413298.5,1.478440166,0.420989156,0.003813269,3.59e-11,0.402754098,2.375358105,0.000763462,0.000163947,1.586924195,1.467097521,0.40479821,842,1.69e-08,0.000102806,2.76e-12,0.243788987,842,185.0,43.0,6.0,2.0,5508303.5,2695714.25,1311469.25,395859.9375,518155.375,6541.928223,14571.42871,30499.28516,65976.65625,259077.6875,0.489391029,0.486501575,0.301844627,1.308936119,4.551351547,4.302325726,7.166666508,3.0,25.396463,10.744284,55.465841,216.506056,35.851981,16.477877,19.374105,24.693599,25.220489,28.579781,23.129677,888.817316,258.047852,0.793609,97.609813,560.207341,5.966491,115.514914,90.523868,Arid,147827041.1,107228676.9,74716707.76,51375685.83,36591464.57,26972694.47,5127.34196,6669.091987,3802.856923,2801.004372,2177.24826,1766.342233,1.970453,360.825806,6.278768378,0.647867447,0.697016051,0.598718907,0.55180436,0.513825909,0.478081515,15478840.0,240.313451,Cropland,Vertisols,Metamorphics,15.9483,77.4264,Krishna,Andhra Pradesh,60630.0,64017.37891,5.586968349,2007,9,262,Monsoon
310.36,305.65152003659773,4.708479963402283,4.708479963402283,INDOFLOODS-gauge-29,310.36,1.3577725,1.6083458169999998,1.922056393,2.459699481,2.852444834,4.195887582,6.01534279,7.083595871,8.739186622,12.09696298,6,572100.6875,386962.3438,64017.37891,1487,389954.0938,1413298.5,1.478440166,0.420989156,0.003813269,3.59e-11,0.402754098,2.375358105,0.000763462,0.000163947,1.586924195,1.467097521,0.40479821,842,1.69e-08,0.000102806,2.76e-12,0.243788987,842,185.0,43.0,6.0,2.0,5508303.5,2695714.25,1311469.25,395859.9375,518155.375,6541.928223,14571.42871,30499.28516,65976.65625,259077.6875,0.489391029,0.486501575,0.301844627,1.308936119,4.551351547,4.302325726,7.166666508,3.0,25.396463,10.744284,55.465841,216.506056,35.851981,16.477877,19.374105,24.693599,25.220489,28.579781,23.129677,888.817316,258.047852,0.793609,97.609813,560.207341,5.966491,115.514914,90.523868,Arid,147827041.1,107228676.9,74716707.76,51375685.83,36591464.57,26972694.47,5127.34196,6669.091987,3802.856923,2801.004372,2177.24826,1766.342233,1.970453,360.825806,6.278768378,0.647867447,0.697016051,0.598718907,0.55180436,0.513825909,0.478081515,15478840.0,240.313451,Cropland,Vertisols,Metamorphics,15.9483,77.4264,Krishna,Andhra Pradesh,60630.0,64017.37891,5.586968349,1981,10,276,Post-Monsoon
606.7,611.401511075959,-4.701511075958933,4.701511075958933,INDOFLOODS-gauge-319,606.7,7.304950747999999,15.50016445,25.87799544,28.36046663,28.85648561,30.14348455,32.51569387,37.01609975,38.38648951,38.41927579,4,127419.5781,97785.86719,3298.440918,552,100640.2969,319578.8125,1.303046942,0.325660348,0.00548488,6.13e-10,0.405847251,3.070683956,0.000175231,0.000151761,1.580865264,1.266089082,0.398710966,43,1.7e-08,0.000111872,2.58e-12,0.083771802,43,9.0,3.0,1.0,,246173.9063,92599.05469,140640.8906,21159.23242,,5724.974609,10288.78418,46880.29688,21159.23242,,0.376152992,1.518815637,0.15044865,,4.777777672,3.0,3.0,,24.244818,10.761735,56.086204,217.895015,34.524937,15.330933,19.194004,23.728458,24.071864,27.32367,21.646546,770.187908,167.716006,1.33417,87.78182,423.558455,7.539388,133.620923,64.086302,Tropical,696193281.4,492973433.2,334615683.0,220245511.6,151504351.3,106779797.8,5119.719323,6659.177282,3846.718692,2823.256303,2193.197179,1775.823774,19.868362,1484.3,32.44191144,0.655875555,0.705631667,0.606119503,0.558625055,0.520177164,0.483990947,6336434.0,1905.966541,Cropland,Lixisols,No dominant class,12.5172,77.4369,Cauvery,Karnataka,3500.0,3298.440918,5.758830914,2004,7,193,Monsoon
605.55,600.8687036877375,4.681296312262475,4.681296312262475,INDOFLOODS-gauge-319,605.55,25.68260474,34.84546865,37.85438993,54.08540037,61.21615837,63.64375392,64.05366399,71.51646101,87.86281154,111.3689686,4,127419.5781,97785.86719,3298.440918,552,100640.2969,319578.8125,1.303046942,0.325660348,0.00548488,6.13e-10,0.405847251,3.070683956,0.000175231,0.000151761,1.580865264,1.266089082,0.398710966,43,1.7e-08,0.000111872,2.58e-12,0.083771802,43,9.0,3.0,1.0,,246173.9063,92599.05469,140640.8906,21159.23242,,5724.974609,10288.78418,46880.29688,21159.23242,,0.376152992,1.518815637,0.15044865,,4.777777672,3.0,3.0,,24.244818,10.761735,56.086204,217.895015,34.524937,15.330933,19.194004,23.728458,24.071864,27.32367,21.646546,770.187908,167.716006,1.33417,87.78182,423.558455,7.539388,133.620923,64.086302,Tropical,696193281.4,492973433.2,334615683.0,220245511.6,151504351.3,106779797.8,5119.719323,6659.177282,3846.718692,2823.256303,2193.197179,1775.823774,19.868362,1484.3,32.44191144,0.655875555,0.705631667,0.606119503,0.558625055,0.520177164,0.483990947,6336434.0,1905.966541,Cropland,Lixisols,No dominant class,12.5172,77.4369,Cauvery,Karnataka,3500.0,3298.440918,5.758830914,2017,9,250,Monsoon
605.54,600.8687036877375,4.671296312262484,4.671296312262484,INDOFLOODS-gauge-319,605.54,7.130758003,9.55835355,9.968263618,17.43106064,33.77741118,57.28356826,76.03231179,79.92285434,82.93522757,92.77654579,4,127419.5781,97785.86719,3298.440918,552,100640.2969,319578.8125,1.303046942,0.325660348,0.00548488,6.13e-10,0.405847251,3.070683956,0.000175231,0.000151761,1.580865264,1.266089082,0.398710966,43,1.7e-08,0.000111872,2.58e-12,0.083771802,43,9.0,3.0,1.0,,246173.9063,92599.05469,140640.8906,21159.23242,,5724.974609,10288.78418,46880.29688,21159.23242,,0.376152992,1.518815637,0.15044865,,4.777777672,3.0,3.0,,24.244818,10.761735,56.086204,217.895015,34.524937,15.330933,19.194004,23.728458,24.071864,27.32367,21.646546,770.187908,167.716006,1.33417,87.78182,423.558455,7.539388,133.620923,64.086302,Tropical,696193281.4,492973433.2,334615683.0,220245511.6,151504351.3,106779797.8,5119.719323,6659.177282,3846.718692,2823.256303,2193.197179,1775.823774,19.868362,1484.3,32.44191144,0.655875555,0.705631667,0.606119503,0.558625055,0.520177164,0.483990947,6336434.0,1905.966541,Cropland,Lixisols,No dominant class,12.5172,77.4369,Cauvery,Karnataka,3500.0,3298.440918,5.758830914,2017,9,246,Monsoon
310.32,305.65152003659773,4.668479963402263,4.668479963402263,INDOFLOODS-gauge-29,310.32,2.4455754130000003,5.334148723999999,8.852236332,12.58284715,27.37590941,44.94148252,52.70462543,58.30646909,61.25543745,67.77316955,6,572100.6875,386962.3438,64017.37891,1487,389954.0938,1413298.5,1.478440166,0.420989156,0.003813269,3.59e-11,0.402754098,2.375358105,0.000763462,0.000163947,1.586924195,1.467097521,0.40479821,842,1.69e-08,0.000102806,2.76e-12,0.243788987,842,185.0,43.0,6.0,2.0,5508303.5,2695714.25,1311469.25,395859.9375,518155.375,6541.928223,14571.42871,30499.28516,65976.65625,259077.6875,0.489391029,0.486501575,0.301844627,1.308936119,4.551351547,4.302325726,7.166666508,3.0,25.396463,10.744284,55.465841,216.506056,35.851981,16.477877,19.374105,24.693599,25.220489,28.579781,23.129677,888.817316,258.047852,0.793609,97.609813,560.207341,5.966491,115.514914,90.523868,Arid,147827041.1,107228676.9,74716707.76,51375685.83,36591464.57,26972694.47,5127.34196,6669.091987,3802.856923,2801.004372,2177.24826,1766.342233,1.970453,360.825806,6.278768378,0.647867447,0.697016051,0.598718907,0.55180436,0.513825909,0.478081515,15478840.0,240.313451,Cropland,Vertisols,Metamorphics,15.9483,77.4264,Krishna,Andhra Pradesh,60630.0,64017.37891,5.586968349,1984,8,219,Monsoon
605.52,600.8687036877375,4.651296312262502,4.651296312262502,INDOFLOODS-gauge-319,605.52,30.56936935,30.60860765,36.62727899,40.46907945,56.23833067,64.8738761,76.22673193,77.33708541,83.80825293,84.8273093,4,127419.5781,97785.86719,3298.440918,552,100640.2969,319578.8125,1.303046942,0.325660348,0.00548488,6.13e-10,0.405847251,3.070683956,0.000175231,0.000151761,1.580865264,1.266089082,0.398710966,43,1.7e-08,0.000111872,2.58e-12,0.083771802,43,9.0,3.0,1.0,,246173.9063,92599.05469,140640.8906,21159.23242,,5724.974609,10288.78418,46880.29688,21159.23242,,0.376152992,1.518815637,0.15044865,,4.777777672,3.0,3.0,,24.244818,10.761735,56.086204,217.895015,34.524937,15.330933,19.194004,23.728458,24.071864,27.32367,21.646546,770.187908,167.716006,1.33417,87.78182,423.558455,7.539388,133.620923,64.086302,Tropical,696193281.4,492973433.2,334615683.0,220245511.6,151504351.3,106779797.8,5119.719323,6659.177282,3846.718692,2823.256303,2193.197179,1775.823774,19.868362,1484.3,32.44191144,0.655875555,0.705631667,0.606119503,0.558625055,0.520177164,0.483990947,6336434.0,1905.966541,Cropland,Lixisols,No dominant class,12.5172,77.4369,Cauvery,Karnataka,3500.0,3298.440918,5.758830914,2010,11,312,Post-Monsoon
605.5,600.8687036877375,4.631296312262521,4.631296312262521,INDOFLOODS-gauge-319,605.5,20.84636126,49.64787474,66.59771251,73.07771161,73.41881091,73.6075747,73.67978951,74.40775416,74.42210939,74.45934982,4,127419.5781,97785.86719,3298.440918,552,100640.2969,319578.8125,1.303046942,0.325660348,0.00548488,6.13e-10,0.405847251,3.070683956,0.000175231,0.000151761,1.580865264,1.266089082,0.398710966,43,1.7e-08,0.000111872,2.58e-12,0.083771802,43,9.0,3.0,1.0,,246173.9063,92599.05469,140640.8906,21159.23242,,5724.974609,10288.78418,46880.29688,21159.23242,,0.376152992,1.518815637,0.15044865,,4.777777672,3.0,3.0,,24.244818,10.761735,56.086204,217.895015,34.524937,15.330933,19.194004,23.728458,24.071864,27.32367,21.646546,770.187908,167.716006,1.33417,87.78182,423.558455,7.539388,133.620923,64.086302,Tropical,696193281.4,492973433.2,334615683.0,220245511.6,151504351.3,106779797.8,5119.719323,6659.177282,3846.718692,2823.256303,2193.197179,1775.823774,19.868362,1484.3,32.44191144,0.655875555,0.705631667,0.606119503,0.558625055,0.520177164,0.483990947,6336434.0,1905.966541,Cropland,Lixisols,No dominant class,12.5172,77.4369,Cauvery,Karnataka,3500.0,3298.440918,5.758830914,2004,9,251,Monsoon
605.5,600.8687036877375,4.631296312262521,4.631296312262521,INDOFLOODS-gauge-319,605.5,19.493142,42.97544781,97.92693345,118.3145188,121.9198155,123.0531682,123.0630156,123.2971988,123.6152465,127.0459062,4,127419.5781,97785.86719,3298.440918,552,100640.2969,319578.8125,1.303046942,0.325660348,0.00548488,6.13e-10,0.405847251,3.070683956,0.000175231,0.000151761,1.580865264,1.266089082,0.398710966,43,1.7e-08,0.000111872,2.58e-12,0.083771802,43,9.0,3.0,1.0,,246173.9063,92599.05469,140640.8906,21159.23242,,5724.974609,10288.78418,46880.29688,21159.23242,,0.376152992,1.518815637,0.15044865,,4.777777672,3.0,3.0,,24.244818,10.761735,56.086204,217.895015,34.524937,15.330933,19.194004,23.728458,24.071864,27.32367,21.646546,770.187908,167.716006,1.33417,87.78182,423.558455,7.539388,133.620923,64.086302,Tropical,696193281.4,492973433.2,334615683.0,220245511.6,151504351.3,106779797.8,5119.719323,6659.177282,3846.718692,2823.256303,2193.197179,1775.823774,19.868362,1484.3,32.44191144,0.655875555,0.705631667,0.606119503,0.558625055,0.520177164,0.483990947,6336434.0,1905.966541,Cropland,Lixisols,No dominant class,12.5172,77.4369,Cauvery,Karnataka,3500.0,3298.440918,5.758830914,2011,10,286,Post-Monsoon
310.27,305.65152003659773,4.618479963402251,4.618479963402251,INDOFLOODS-gauge-29,310.27,1.072745446,3.338603989,5.298970022,5.504477654,5.641721776,5.7524091560000015,6.005025262999999,6.29302821,6.651135732,7.296130161000002,6,572100.6875,386962.3438,64017.37891,1487,389954.0938,1413298.5,1.478440166,0.420989156,0.003813269,3.59e-11,0.402754098,2.375358105,0.000763462,0.000163947,1.586924195,1.467097521,0.40479821,842,1.69e-08,0.000102806,2.76e-12,0.243788987,842,185.0,43.0,6.0,2.0,5508303.5,2695714.25,1311469.25,395859.9375,518155.375,6541.928223,14571.42871,30499.28516,65976.65625,259077.6875,0.489391029,0.486501575,0.301844627,1.308936119,4.551351547,4.302325726,7.166666508,3.0,25.396463,10.744284,55.465841,216.506056,35.851981,16.477877,19.374105,24.693599,25.220489,28.579781,23.129677,888.817316,258.047852,0.793609,97.609813,560.207341,5.966491,115.514914,90.523868,Arid,147827041.1,107228676.9,74716707.76,51375685.83,36591464.57,26972694.47,5127.34196,6669.091987,3802.856923,2801.004372,2177.24826,1766.342233,1.970453,360.825806,6.278768378,0.647867447,0.697016051,0.598718907,0.55180436,0.513825909,0.478081515,15478840.0,240.313451,Cropland,Vertisols,Metamorphics,15.9483,77.4264,Krishna,Andhra Pradesh,60630.0,64017.37891,5.586968349,1978,9,256,Monsoon
310.27,305.65152003659773,4.618479963402251,4.618479963402251,INDOFLOODS-gauge-29,310.27,1.850937071,2.18151255,2.354087482,6.160729964,8.005008297,14.40156506,15.95675573,17.47420271,19.82683699,23.90489094,6,572100.6875,386962.3438,64017.37891,1487,389954.0938,1413298.5,1.478440166,0.420989156,0.003813269,3.59e-11,0.402754098,2.375358105,0.000763462,0.000163947,1.586924195,1.467097521,0.40479821,842,1.69e-08,0.000102806,2.76e-12,0.243788987,842,185.0,43.0,6.0,2.0,5508303.5,2695714.25,1311469.25,395859.9375,518155.375,6541.928223,14571.42871,30499.28516,65976.65625,259077.6875,0.489391029,0.486501575,0.301844627,1.308936119,4.551351547,4.302325726,7.166666508,3.0,25.396463,10.744284,55.465841,216.506056,35.851981,16.477877,19.374105,24.693599,25.220489,28.579781,23.129677,888.817316,258.047852,0.793609,97.609813,560.207341,5.966491,115.514914,90.523868,Arid,147827041.1,107228676.9,74716707.76,51375685.83,36591464.57,26972694.47,5127.34196,6669.091987,3802.856923,2801.004372,2177.24826,1766.342233,1.970453,360.825806,6.278768378,0.647867447,0.697016051,0.598718907,0.55180436,0.513825909,0.478081515,15478840.0,240.313451,Cropland,Vertisols,Metamorphics,15.9483,77.4264,Krishna,Andhra Pradesh,60630.0,64017.37891,5.586968349,1977,8,232,Monsoon
310.26,305.65152003659773,4.60847996340226,4.60847996340226,INDOFLOODS-gauge-29,310.26,2.546584781,6.248641018,8.215800884,10.00890047,11.35625895,23.27033379,49.49485048,58.46204098,65.42163809,69.12524143,6,572100.6875,386962.3438,64017.37891,1487,389954.0938,1413298.5,1.478440166,0.420989156,0.003813269,3.59e-11,0.402754098,2.375358105,0.000763462,0.000163947,1.586924195,1.467097521,0.40479821,842,1.69e-08,0.000102806,2.76e-12,0.243788987,842,185.0,43.0,6.0,2.0,5508303.5,2695714.25,1311469.25,395859.9375,518155.375,6541.928223,14571.42871,30499.28516,65976.65625,259077.6875,0.489391029,0.486501575,0.301844627,1.308936119,4.551351547,4.302325726,7.166666508,3.0,25.396463,10.744284,55.465841,216.506056,35.851981,16.477877,19.374105,24.693599,25.220489,28.579781,23.129677,888.817316,258.047852,0.793609,97.609813,560.207341,5.966491,115.514914,90.523868,Arid,147827041.1,107228676.9,74716707.76,51375685.83,36591464.57,26972694.47,5127.34196,6669.091987,3802.856923,2801.004372,2177.24826,1766.342233,1.970453,360.825806,6.278768378,0.647867447,0.697016051,0.598718907,0.55180436,0.513825909,0.478081515,15478840.0,240.313451,Cropland,Vertisols,Metamorphics,15.9483,77.4264,Krishna,Andhra Pradesh,60630.0,64017.37891,5.586968349,1993,10,297,Post-Monsoon
310.2,305.65152003659773,4.548479963402258,4.548479963402258,INDOFLOODS-gauge-29,310.2,1.682514049,3.817651024,5.668588095,5.999163575,6.1717385060000005,9.978380988,11.82265932,18.21921608,19.77440676,21.29185373,6,572100.6875,386962.3438,64017.37891,1487,389954.0938,1413298.5,1.478440166,0.420989156,0.003813269,3.59e-11,0.402754098,2.375358105,0.000763462,0.000163947,1.586924195,1.467097521,0.40479821,842,1.69e-08,0.000102806,2.76e-12,0.243788987,842,185.0,43.0,6.0,2.0,5508303.5,2695714.25,1311469.25,395859.9375,518155.375,6541.928223,14571.42871,30499.28516,65976.65625,259077.6875,0.489391029,0.486501575,0.301844627,1.308936119,4.551351547,4.302325726,7.166666508,3.0,25.396463,10.744284,55.465841,216.506056,35.851981,16.477877,19.374105,24.693599,25.220489,28.579781,23.129677,888.817316,258.047852,0.793609,97.609813,560.207341,5.966491,115.514914,90.523868,Arid,147827041.1,107228676.9,74716707.76,51375685.83,36591464.57,26972694.47,5127.34196,6669.091987,3802.856923,2801.004372,2177.24826,1766.342233,1.970453,360.825806,6.278768378,0.647867447,0.697016051,0.598718907,0.55180436,0.513825909,0.478081515,15478840.0,240.313451,Cropland,Vertisols,Metamorphics,15.9483,77.4264,Krishna,Andhra Pradesh,60630.0,64017.37891,5.586968349,1977,8,234,Monsoon
313.63,309.09617212193166,4.533827878068337,4.533827878068337,INDOFLOODS-gauge-29,313.63,14.58310171,20.5281868,25.91548931,33.05139134,48.56799743,77.89736834,104.030653,115.2120363,123.31125690000002,127.2849035,6,572100.6875,386962.3438,64017.37891,1487,389954.0938,1413298.5,1.478440166,0.420989156,0.003813269,3.59e-11,0.402754098,2.375358105,0.000763462,0.000163947,1.586924195,1.467097521,0.40479821,842,1.69e-08,0.000102806,2.76e-12,0.243788987,842,185.0,43.0,6.0,2.0,5508303.5,2695714.25,1311469.25,395859.9375,518155.375,6541.928223,14571.42871,30499.28516,65976.65625,259077.6875,0.489391029,0.486501575,0.301844627,1.308936119,4.551351547,4.302325726,7.166666508,3.0,25.396463,10.744284,55.465841,216.506056,35.851981,16.477877,19.374105,24.693599,25.220489,28.579781,23.129677,888.817316,258.047852,0.793609,97.609813,560.207341,5.966491,115.514914,90.523868,Arid,147827041.1,107228676.9,74716707.76,51375685.83,36591464.57,26972694.47,5127.34196,6669.091987,3802.856923,2801.004372,2177.24826,1766.342233,1.970453,360.825806,6.278768378,0.647867447,0.697016051,0.598718907,0.55180436,0.513825909,0.478081515,15478840.0,240.313451,Cropland,Vertisols,Metamorphics,15.9483,77.4264,Krishna,Andhra Pradesh,60630.0,64017.37891,5.586968349,1980,7,190,Monsoon
605.38,600.8687036877375,4.511296312262516,4.511296312262516,INDOFLOODS-gauge-319,605.38,26.77636313,40.4204686,43.63972879,43.94031361,44.15141623,44.61752698,45.67651567,46.57404359,47.46911621,47.93479984,4,127419.5781,97785.86719,3298.440918,552,100640.2969,319578.8125,1.303046942,0.325660348,0.00548488,6.13e-10,0.405847251,3.070683956,0.000175231,0.000151761,1.580865264,1.266089082,0.398710966,43,1.7e-08,0.000111872,2.58e-12,0.083771802,43,9.0,3.0,1.0,,246173.9063,92599.05469,140640.8906,21159.23242,,5724.974609,10288.78418,46880.29688,21159.23242,,0.376152992,1.518815637,0.15044865,,4.777777672,3.0,3.0,,24.244818,10.761735,56.086204,217.895015,34.524937,15.330933,19.194004,23.728458,24.071864,27.32367,21.646546,770.187908,167.716006,1.33417,87.78182,423.558455,7.539388,133.620923,64.086302,Tropical,696193281.4,492973433.2,334615683.0,220245511.6,151504351.3,106779797.8,5119.719323,6659.177282,3846.718692,2823.256303,2193.197179,1775.823774,19.868362,1484.3,32.44191144,0.655875555,0.705631667,0.606119503,0.558625055,0.520177164,0.483990947,6336434.0,1905.966541,Cropland,Lixisols,No dominant class,12.5172,77.4369,Cauvery,Karnataka,3500.0,3298.440918,5.758830914,2009,8,230,Monsoon
605.38,600.8687036877375,4.511296312262516,4.511296312262516,INDOFLOODS-gauge-319,605.38,13.60773615,20.72627357,35.62543886,47.63341403,49.98949867,52.55393387,52.79209606,52.82925349,52.83157208,52.8444369,4,127419.5781,97785.86719,3298.440918,552,100640.2969,319578.8125,1.303046942,0.325660348,0.00548488,6.13e-10,0.405847251,3.070683956,0.000175231,0.000151761,1.580865264,1.266089082,0.398710966,43,1.7e-08,0.000111872,2.58e-12,0.083771802,43,9.0,3.0,1.0,,246173.9063,92599.05469,140640.8906,21159.23242,,5724.974609,10288.78418,46880.29688,21159.23242,,0.376152992,1.518815637,0.15044865,,4.777777672,3.0,3.0,,24.244818,10.761735,56.086204,217.895015,34.524937,15.330933,19.194004,23.728458,24.071864,27.32367,21.646546,770.187908,167.716006,1.33417,87.78182,423.558455,7.539388,133.620923,64.086302,Tropical,696193281.4,492973433.2,334615683.0,220245511.6,151504351.3,106779797.8,5119.719323,6659.177282,3846.718692,2823.256303,2193.197179,1775.823774,19.868362,1484.3,32.44191144,0.655875555,0.705631667,0.606119503,0.558625055,0.520177164,0.483990947,6336434.0,1905.966541,Cropland,Lixisols,No dominant class,12.5172,77.4369,Cauvery,Karnataka,3500.0,3298.440918,5.758830914,2008,10,282,Post-Monsoon
605.35,600.8687036877375,4.481296312262543,4.481296312262543,INDOFLOODS-gauge-319,605.35,14.18579531,26.92593618,33.19246247,33.86254219,40.42385372,50.09853658,58.81935229,68.65990553,84.33670176,110.6374503,4,127419.5781,97785.86719,3298.440918,552,100640.2969,319578.8125,1.303046942,0.325660348,0.00548488,6.13e-10,0.405847251,3.070683956,0.000175231,0.000151761,1.580865264,1.266089082,0.398710966,43,1.7e-08,0.000111872,2.58e-12,0.083771802,43,9.0,3.0,1.0,,246173.9063,92599.05469,140640.8906,21159.23242,,5724.974609,10288.78418,46880.29688,21159.23242,,0.376152992,1.518815637,0.15044865,,4.777777672,3.0,3.0,,24.244818,10.761735,56.086204,217.895015,34.524937,15.330933,19.194004,23.728458,24.071864,27.32367,21.646546,770.187908,167.716006,1.33417,87.78182,423.558455,7.539388,133.620923,64.086302,Tropical,696193281.4,492973433.2,334615683.0,220245511.6,151504351.3,106779797.8,5119.719323,6659.177282,3846.718692,2823.256303,2193.197179,1775.823774,19.868362,1484.3,32.44191144,0.655875555,0.705631667,0.606119503,0.558625055,0.520177164,0.483990947,6336434.0,1905.966541,Cropland,Lixisols,No dominant class,12.5172,77.4369,Cauvery,Karnataka,3500.0,3298.440918,5.758830914,2008,9,254,Monsoon
605.35,600.8687036877375,4.481296312262543,4.481296312262543,INDOFLOODS-gauge-319,605.35,14.18644567,19.76295157,19.86001704,19.97520558,21.23447186,22.11379417,22.45262086,23.45457814,26.86256599,31.76389254,4,127419.5781,97785.86719,3298.440918,552,100640.2969,319578.8125,1.303046942,0.325660348,0.00548488,6.13e-10,0.405847251,3.070683956,0.000175231,0.000151761,1.580865264,1.266089082,0.398710966,43,1.7e-08,0.000111872,2.58e-12,0.083771802,43,9.0,3.0,1.0,,246173.9063,92599.05469,140640.8906,21159.23242,,5724.974609,10288.78418,46880.29688,21159.23242,,0.376152992,1.518815637,0.15044865,,4.777777672,3.0,3.0,,24.244818,10.761735,56.086204,217.895015,34.524937,15.330933,19.194004,23.728458,24.071864,27.32367,21.646546,770.187908,167.716006,1.33417,87.78182,423.558455,7.539388,133.620923,64.086302,Tropical,696193281.4,492973433.2,334615683.0,220245511.6,151504351.3,106779797.8,5119.719323,6659.177282,3846.718692,2823.256303,2193.197179,1775.823774,19.868362,1484.3,32.44191144,0.655875555,0.705631667,0.606119503,0.558625055,0.520177164,0.483990947,6336434.0,1905.966541,Cropland,Lixisols,No dominant class,12.5172,77.4369,Cauvery,Karnataka,3500.0,3298.440918,5.758830914,2011,8,229,Monsoon
605.33,600.8687036877375,4.4612963122625615,4.4612963122625615,INDOFLOODS-gauge-319,605.33,10.25506577,24.008241100000006,37.85525028,53.04582762,66.79994313,75.37088954,82.90845264,92.57982255,94.54462502,96.23723549,4,127419.5781,97785.86719,3298.440918,552,100640.2969,319578.8125,1.303046942,0.325660348,0.00548488,6.13e-10,0.405847251,3.070683956,0.000175231,0.000151761,1.580865264,1.266089082,0.398710966,43,1.7e-08,0.000111872,2.58e-12,0.083771802,43,9.0,3.0,1.0,,246173.9063,92599.05469,140640.8906,21159.23242,,5724.974609,10288.78418,46880.29688,21159.23242,,0.376152992,1.518815637,0.15044865,,4.777777672,3.0,3.0,,24.244818,10.761735,56.086204,217.895015,34.524937,15.330933,19.194004,23.728458,24.071864,27.32367,21.646546,770.187908,167.716006,1.33417,87.78182,423.558455,7.539388,133.620923,64.086302,Tropical,696193281.4,492973433.2,334615683.0,220245511.6,151504351.3,106779797.8,5119.719323,6659.177282,3846.718692,2823.256303,2193.197179,1775.823774,19.868362,1484.3,32.44191144,0.655875555,0.705631667,0.606119503,0.558625055,0.520177164,0.483990947,6336434.0,1905.966541,Cropland,Lixisols,No dominant class,12.5172,77.4369,Cauvery,Karnataka,3500.0,3298.440918,5.758830914,2008,10,300,Post-Monsoon
310.1,305.65152003659773,4.448479963402292,4.448479963402292,INDOFLOODS-gauge-29,310.1,0.671725487,1.5653384419999998,2.059675379,2.095559213,2.234715554,2.810084512,3.905241278,9.951581657,15.76020664,18.75314653,6,572100.6875,386962.3438,64017.37891,1487,389954.0938,1413298.5,1.478440166,0.420989156,0.003813269,3.59e-11,0.402754098,2.375358105,0.000763462,0.000163947,1.586924195,1.467097521,0.40479821,842,1.69e-08,0.000102806,2.76e-12,0.243788987,842,185.0,43.0,6.0,2.0,5508303.5,2695714.25,1311469.25,395859.9375,518155.375,6541.928223,14571.42871,30499.28516,65976.65625,259077.6875,0.489391029,0.486501575,0.301844627,1.308936119,4.551351547,4.302325726,7.166666508,3.0,25.396463,10.744284,55.465841,216.506056,35.851981,16.477877,19.374105,24.693599,25.220489,28.579781,23.129677,888.817316,258.047852,0.793609,97.609813,560.207341,5.966491,115.514914,90.523868,Arid,147827041.1,107228676.9,74716707.76,51375685.83,36591464.57,26972694.47,5127.34196,6669.091987,3802.856923,2801.004372,2177.24826,1766.342233,1.970453,360.825806,6.278768378,0.647867447,0.697016051,0.598718907,0.55180436,0.513825909,0.478081515,15478840.0,240.313451,Cropland,Vertisols,Metamorphics,15.9483,77.4264,Krishna,Andhra Pradesh,60630.0,64017.37891,5.586968349,1973,10,291,Post-Monsoon
605.31,600.8687036877375,4.441296312262466,4.441296312262466,INDOFLOODS-gauge-319,605.31,7.749737171,13.83626263,50.57701805,57.40804872,62.06233333,64.36250918,79.49526369,86.94228256,100.9231693,116.1316343,4,127419.5781,97785.86719,3298.440918,552,100640.2969,319578.8125,1.303046942,0.325660348,0.00548488,6.13e-10,0.405847251,3.070683956,0.000175231,0.000151761,1.580865264,1.266089082,0.398710966,43,1.7e-08,0.000111872,2.58e-12,0.083771802,43,9.0,3.0,1.0,,246173.9063,92599.05469,140640.8906,21159.23242,,5724.974609,10288.78418,46880.29688,21159.23242,,0.376152992,1.518815637,0.15044865,,4.777777672,3.0,3.0,,24.244818,10.761735,56.086204,217.895015,34.524937,15.330933,19.194004,23.728458,24.071864,27.32367,21.646546,770.187908,167.716006,1.33417,87.78182,423.558455,7.539388,133.620923,64.086302,Tropical,696193281.4,492973433.2,334615683.0,220245511.6,151504351.3,106779797.8,5119.719323,6659.177282,3846.718692,2823.256303,2193.197179,1775.823774,19.868362,1484.3,32.44191144,0.655875555,0.705631667,0.606119503,0.558625055,0.520177164,0.483990947,6336434.0,1905.966541,Cropland,Lixisols,No dominant class,12.5172,77.4369,Cauvery,Karnataka,3500.0,3298.440918,5.758830914,2004,10,279,Post-Monsoon
310.08,305.65152003659773,4.428479963402253,4.428479963402253,INDOFLOODS-gauge-29,310.08,1.924717608,5.385129782999999,9.057519098,14.82275805,18.19036816,21.3208495,23.79335889,25.0600254,30.55028981,37.00240504,6,572100.6875,386962.3438,64017.37891,1487,389954.0938,1413298.5,1.478440166,0.420989156,0.003813269,3.59e-11,0.402754098,2.375358105,0.000763462,0.000163947,1.586924195,1.467097521,0.40479821,842,1.69e-08,0.000102806,2.76e-12,0.243788987,842,185.0,43.0,6.0,2.0,5508303.5,2695714.25,1311469.25,395859.9375,518155.375,6541.928223,14571.42871,30499.28516,65976.65625,259077.6875,0.489391029,0.486501575,0.301844627,1.308936119,4.551351547,4.302325726,7.166666508,3.0,25.396463,10.744284,55.465841,216.506056,35.851981,16.477877,19.374105,24.693599,25.220489,28.579781,23.129677,888.817316,258.047852,0.793609,97.609813,560.207341,5.966491,115.514914,90.523868,Arid,147827041.1,107228676.9,74716707.76,51375685.83,36591464.57,26972694.47,5127.34196,6669.091987,3802.856923,2801.004372,2177.24826,1766.342233,1.970453,360.825806,6.278768378,0.647867447,0.697016051,0.598718907,0.55180436,0.513825909,0.478081515,15478840.0,240.313451,Cropland,Vertisols,Metamorphics,15.9483,77.4264,Krishna,Andhra Pradesh,60630.0,64017.37891,5.586968349,1999,8,223,Monsoon
310.08,305.65152003659773,4.428479963402253,4.428479963402253,INDOFLOODS-gauge-29,310.08,4.078053945,4.7058418,5.044273464,6.113734264,7.8548068089999985,8.994992955,10.28560463,11.64410032,12.17451608,13.25663465,6,572100.6875,386962.3438,64017.37891,1487,389954.0938,1413298.5,1.478440166,0.420989156,0.003813269,3.59e-11,0.402754098,2.375358105,0.000763462,0.000163947,1.586924195,1.467097521,0.40479821,842,1.69e-08,0.000102806,2.76e-12,0.243788987,842,185.0,43.0,6.0,2.0,5508303.5,2695714.25,1311469.25,395859.9375,518155.375,6541.928223,14571.42871,30499.28516,65976.65625,259077.6875,0.489391029,0.486501575,0.301844627,1.308936119,4.551351547,4.302325726,7.166666508,3.0,25.396463,10.744284,55.465841,216.506056,35.851981,16.477877,19.374105,24.693599,25.220489,28.579781,23.129677,888.817316,258.047852,0.793609,97.609813,560.207341,5.966491,115.514914,90.523868,Arid,147827041.1,107228676.9,74716707.76,51375685.83,36591464.57,26972694.47,5127.34196,6669.091987,3802.856923,2801.004372,2177.24826,1766.342233,1.970453,360.825806,6.278768378,0.647867447,0.697016051,0.598718907,0.55180436,0.513825909,0.478081515,15478840.0,240.313451,Cropland,Vertisols,Metamorphics,15.9483,77.4264,Krishna,Andhra Pradesh,60630.0,64017.37891,5.586968349,1977,8,223,Monsoon
310.06,305.65152003659773,4.408479963402272,4.408479963402272,INDOFLOODS-gauge-29,310.06,0.718636079,1.267427344,2.851474746,15.14521241,32.53680509,43.47860052,51.27015853,58.20351741,62.02475708,65.10464034,6,572100.6875,386962.3438,64017.37891,1487,389954.0938,1413298.5,1.478440166,0.420989156,0.003813269,3.59e-11,0.402754098,2.375358105,0.000763462,0.000163947,1.586924195,1.467097521,0.40479821,842,1.69e-08,0.000102806,2.76e-12,0.243788987,842,185.0,43.0,6.0,2.0,5508303.5,2695714.25,1311469.25,395859.9375,518155.375,6541.928223,14571.42871,30499.28516,65976.65625,259077.6875,0.489391029,0.486501575,0.301844627,1.308936119,4.551351547,4.302325726,7.166666508,3.0,25.396463,10.744284,55.465841,216.506056,35.851981,16.477877,19.374105,24.693599,25.220489,28.579781,23.129677,888.817316,258.047852,0.793609,97.609813,560.207341,5.966491,115.514914,90.523868,Arid,147827041.1,107228676.9,74716707.76,51375685.83,36591464.57,26972694.47,5127.34196,6669.091987,3802.856923,2801.004372,2177.24826,1766.342233,1.970453,360.825806,6.278768378,0.647867447,0.697016051,0.598718907,0.55180436,0.513825909,0.478081515,15478840.0,240.313451,Cropland,Vertisols,Metamorphics,15.9483,77.4264,Krishna,Andhra Pradesh,60630.0,64017.37891,5.586968349,1980,10,280,Post-Monsoon
313.5,309.09617212193166,4.403827878068341,4.403827878068341,INDOFLOODS-gauge-29,313.5,7.0243635860000015,14.88074638,20.91931307,29.77513119,40.3948403,48.54476112,57.71517658,60.36662702,62.58343696,63.57027769,6,572100.6875,386962.3438,64017.37891,1487,389954.0938,1413298.5,1.478440166,0.420989156,0.003813269,3.59e-11,0.402754098,2.375358105,0.000763462,0.000163947,1.586924195,1.467097521,0.40479821,842,1.69e-08,0.000102806,2.76e-12,0.243788987,842,185.0,43.0,6.0,2.0,5508303.5,2695714.25,1311469.25,395859.9375,518155.375,6541.928223,14571.42871,30499.28516,65976.65625,259077.6875,0.489391029,0.486501575,0.301844627,1.308936119,4.551351547,4.302325726,7.166666508,3.0,25.396463,10.744284,55.465841,216.506056,35.851981,16.477877,19.374105,24.693599,25.220489,28.579781,23.129677,888.817316,258.047852,0.793609,97.609813,560.207341,5.966491,115.514914,90.523868,Arid,147827041.1,107228676.9,74716707.76,51375685.83,36591464.57,26972694.47,5127.34196,6669.091987,3802.856923,2801.004372,2177.24826,1766.342233,1.970453,360.825806,6.278768378,0.647867447,0.697016051,0.598718907,0.55180436,0.513825909,0.478081515,15478840.0,240.313451,Cropland,Vertisols,Metamorphics,15.9483,77.4264,Krishna,Andhra Pradesh,60630.0,64017.37891,5.586968349,1981,9,253,Monsoon
310.03,305.65152003659773,4.378479963402242,4.378479963402242,INDOFLOODS-gauge-29,310.03,0.060749827,0.211109884,1.042655353,2.299885714,4.650918688,18.07268001,20.04200803,22.16728776,45.06179745,69.28793365,6,572100.6875,386962.3438,64017.37891,1487,389954.0938,1413298.5,1.478440166,0.420989156,0.003813269,3.59e-11,0.402754098,2.375358105,0.000763462,0.000163947,1.586924195,1.467097521,0.40479821,842,1.69e-08,0.000102806,2.76e-12,0.243788987,842,185.0,43.0,6.0,2.0,5508303.5,2695714.25,1311469.25,395859.9375,518155.375,6541.928223,14571.42871,30499.28516,65976.65625,259077.6875,0.489391029,0.486501575,0.301844627,1.308936119,4.551351547,4.302325726,7.166666508,3.0,25.396463,10.744284,55.465841,216.506056,35.851981,16.477877,19.374105,24.693599,25.220489,28.579781,23.129677,888.817316,258.047852,0.793609,97.609813,560.207341,5.966491,115.514914,90.523868,Arid,147827041.1,107228676.9,74716707.76,51375685.83,36591464.57,26972694.47,5127.34196,6669.091987,3802.856923,2801.004372,2177.24826,1766.342233,1.970453,360.825806,6.278768378,0.647867447,0.697016051,0.598718907,0.55180436,0.513825909,0.478081515,15478840.0,240.313451,Cropland,Vertisols,Metamorphics,15.9483,77.4264,Krishna,Andhra Pradesh,60630.0,64017.37891,5.586968349,1979,9,250,Monsoon
310.02,305.65152003659773,4.368479963402251,4.368479963402251,INDOFLOODS-gauge-29,310.02,1.257230361,3.608263335,17.03002466,18.99935268,21.12463241,44.0191421,68.2452783,68.93426720000001,69.23083621,69.42460467,6,572100.6875,386962.3438,64017.37891,1487,389954.0938,1413298.5,1.478440166,0.420989156,0.003813269,3.59e-11,0.402754098,2.375358105,0.000763462,0.000163947,1.586924195,1.467097521,0.40479821,842,1.69e-08,0.000102806,2.76e-12,0.243788987,842,185.0,43.0,6.0,2.0,5508303.5,2695714.25,1311469.25,395859.9375,518155.375,6541.928223,14571.42871,30499.28516,65976.65625,259077.6875,0.489391029,0.486501575,0.301844627,1.308936119,4.551351547,4.302325726,7.166666508,3.0,25.396463,10.744284,55.465841,216.506056,35.851981,16.477877,19.374105,24.693599,25.220489,28.579781,23.129677,888.817316,258.047852,0.793609,97.609813,560.207341,5.966491,115.514914,90.523868,Arid,147827041.1,107228676.9,74716707.76,51375685.83,36591464.57,26972694.47,5127.34196,6669.091987,3802.856923,2801.004372,2177.24826,1766.342233,1.970453,360.825806,6.278768378,0.647867447,0.697016051,0.598718907,0.55180436,0.513825909,0.478081515,15478840.0,240.313451,Cropland,Vertisols,Metamorphics,15.9483,77.4264,Krishna,Andhra Pradesh,60630.0,64017.37891,5.586968349,1979,9,247,Monsoon
310.01,305.65152003659773,4.35847996340226,4.35847996340226,INDOFLOODS-gauge-29,310.01,3.800642071,8.015247716000001,12.81075859,14.95277523,15.24452719,15.52260922,15.80166481,16.12112057,16.25178943,16.504879000000006,6,572100.6875,386962.3438,64017.37891,1487,389954.0938,1413298.5,1.478440166,0.420989156,0.003813269,3.59e-11,0.402754098,2.375358105,0.000763462,0.000163947,1.586924195,1.467097521,0.40479821,842,1.69e-08,0.000102806,2.76e-12,0.243788987,842,185.0,43.0,6.0,2.0,5508303.5,2695714.25,1311469.25,395859.9375,518155.375,6541.928223,14571.42871,30499.28516,65976.65625,259077.6875,0.489391029,0.486501575,0.301844627,1.308936119,4.551351547,4.302325726,7.166666508,3.0,25.396463,10.744284,55.465841,216.506056,35.851981,16.477877,19.374105,24.693599,25.220489,28.579781,23.129677,888.817316,258.047852,0.793609,97.609813,560.207341,5.966491,115.514914,90.523868,Arid,147827041.1,107228676.9,74716707.76,51375685.83,36591464.57,26972694.47,5127.34196,6669.091987,3802.856923,2801.004372,2177.24826,1766.342233,1.970453,360.825806,6.278768378,0.647867447,0.697016051,0.598718907,0.55180436,0.513825909,0.478081515,15478840.0,240.313451,Cropland,Vertisols,Metamorphics,15.9483,77.4264,Krishna,Andhra Pradesh,60630.0,64017.37891,5.586968349,1974,9,254,Monsoon
247.32,251.6069549161525,-4.286954916152496,4.286954916152496,INDOFLOODS-gauge-562,247.32,11.42379731,21.84531293,35.70565961,44.21541131,48.87639228,61.82170974,105.77998390000002,132.4365225,167.6071155,188.230887,5,176802.8281,110943.6875,8086.739746,876,112618.3438,537532.3125,1.593626738,0.637610137,0.007778484,3.5e-10,0.351701468,1.568356514,0.000267891,0.000188917,1.698200941,1.569929242,0.328915715,100,1.78e-08,9.43e-05,3.36e-12,0.16549097,100,30.0,10.0,3.0,1.0,743131.4375,388686.7813,271471.0938,82725.88281,41704.44531,7431.314453,12956.22559,27147.10938,27575.29492,41704.44531,0.523039103,0.698431492,0.304731816,0.504128158,3.333333254,3.0,3.333333254,3.0,26.895902,12.97327,45.244165,424.326837,42.208971,13.542206,28.666765,26.430209,26.362461,32.838649,21.954322,857.720392,247.961176,5.181176,124.347622,618.163039,21.476961,151.119216,28.412549,Arid,265317938.8,191820327.1,131007921.2,88571291.54,75604739.54,52615017.97,6739.4337,8765.92635,4927.736971,3599.317474,3429.305784,2706.360197,2.108957,385.398058,5.935682518,0.701748745,0.754984911,0.648512714,0.597696408,0.556559369,0.517842189,2620181.0,320.350613,Cropland,Vertisols,Unconsolidated sediments,20.8742,76.9897,Tapi,Maharashtra,9500.0,8086.739745999999,14.87642373,2000,7,202,Monsoon
14.5,10.321809412763274,4.178190587236726,4.178190587236726,INDOFLOODS-gauge-1085,14.5,25.73425582,73.59908177,100.6158579,131.471253,156.78568,181.1844302,198.3314892,207.9184355,210.0149927,211.9071607,5,463678.7188,330162.8125,21904.48242,1204,341410.3438,1098149.25,1.40439415,0.18792288,0.003526548,7.02e-11,0.228254899,5.321331978,0.000363339,0.000161826,2.107978106,1.358127356,0.422236532,315,1.82e-08,0.000112562,2.95e-12,0.1948383,315,67.0,13.0,3.0,1.0,1756620.375,817386.5,396399.9375,274903.0313,299401.1875,5576.572754,12199.79883,30492.30273,91634.34375,299401.1875,0.465317667,0.484960228,0.693499207,1.08911562,4.70149231,5.153846264,4.333333492,3.0,25.324364,11.317986,40.461182,493.632095,38.792319,10.797642,27.994677,27.586145,18.959131,31.029907,18.706263,1213.55461,306.451879,3.037624,115.792655,829.954574,26.053865,236.935106,34.614645,Tropical,193803869.7,139464558.5,95072538.82,76975155.1,55169759.77,46898096.51,2346.516734,3052.095218,1713.25437,1511.417903,1239.699602,1215.136213,7.762763,433.032258,42.26073014,0.508558694,0.547139028,0.469978406,0.433151714,0.403339676,0.375281258,15777280.0,722.63754,Cropland,Luvisols,Metamorphics,22.8381,87.9031,Ganga - Brahmaputra -Meghna/Barak,West Bengal,21310.0,21904.48242,2.789687565,2017,7,208,Monsoon
247.49,251.6069549161525,-4.11695491615248,4.11695491615248,INDOFLOODS-gauge-562,247.49,14.09909437,20.73044502,30.11530806,40.3775061,52.23465422,65.49550566,72.41656798,80.19093452,82.99030096,89.5324034,5,176802.8281,110943.6875,8086.739746,876,112618.3438,537532.3125,1.593626738,0.637610137,0.007778484,3.5e-10,0.351701468,1.568356514,0.000267891,0.000188917,1.698200941,1.569929242,0.328915715,100,1.78e-08,9.43e-05,3.36e-12,0.16549097,100,30.0,10.0,3.0,1.0,743131.4375,388686.7813,271471.0938,82725.88281,41704.44531,7431.314453,12956.22559,27147.10938,27575.29492,41704.44531,0.523039103,0.698431492,0.304731816,0.504128158,3.333333254,3.0,3.333333254,3.0,26.895902,12.97327,45.244165,424.326837,42.208971,13.542206,28.666765,26.430209,26.362461,32.838649,21.954322,857.720392,247.961176,5.181176,124.347622,618.163039,21.476961,151.119216,28.412549,Arid,265317938.8,191820327.1,131007921.2,88571291.54,75604739.54,52615017.97,6739.4337,8765.92635,4927.736971,3599.317474,3429.305784,2706.360197,2.108957,385.398058,5.935682518,0.701748745,0.754984911,0.648512714,0.597696408,0.556559369,0.517842189,2620181.0,320.350613,Cropland,Vertisols,Unconsolidated sediments,20.8742,76.9897,Tapi,Maharashtra,9500.0,8086.739745999999,14.87642373,1979,8,215,Monsoon
247.56,251.6069549161525,-4.046954916152487,4.046954916152487,INDOFLOODS-gauge-562,247.56,64.60337242,85.46757269,87.76098381,88.73768305,90.639326,96.46946084,96.86905147,97.00270317,97.6436384,110.3677188,5,176802.8281,110943.6875,8086.739746,876,112618.3438,537532.3125,1.593626738,0.637610137,0.007778484,3.5e-10,0.351701468,1.568356514,0.000267891,0.000188917,1.698200941,1.569929242,0.328915715,100,1.78e-08,9.43e-05,3.36e-12,0.16549097,100,30.0,10.0,3.0,1.0,743131.4375,388686.7813,271471.0938,82725.88281,41704.44531,7431.314453,12956.22559,27147.10938,27575.29492,41704.44531,0.523039103,0.698431492,0.304731816,0.504128158,3.333333254,3.0,3.333333254,3.0,26.895902,12.97327,45.244165,424.326837,42.208971,13.542206,28.666765,26.430209,26.362461,32.838649,21.954322,857.720392,247.961176,5.181176,124.347622,618.163039,21.476961,151.119216,28.412549,Arid,265317938.8,191820327.1,131007921.2,88571291.54,75604739.54,52615017.97,6739.4337,8765.92635,4927.736971,3599.317474,3429.305784,2706.360197,2.108957,385.398058,5.935682518,0.701748745,0.754984911,0.648512714,0.597696408,0.556559369,0.517842189,2620181.0,320.350613,Cropland,Vertisols,Unconsolidated sediments,20.8742,76.9897,Tapi,Maharashtra,9500.0,8086.739745999999,14.87642373,1978,8,238,Monsoon
247.59,251.6069549161525,-4.016954916152486,4.016954916152486,INDOFLOODS-gauge-562,247.59,21.80816305,44.86752883,55.75730035,62.02210984,73.78722414,90.53756446,105.1609366,116.1788414,136.2525897,148.21020969999995,5,176802.8281,110943.6875,8086.739746,876,112618.3438,537532.3125,1.593626738,0.637610137,0.007778484,3.5e-10,0.351701468,1.568356514,0.000267891,0.000188917,1.698200941,1.569929242,0.328915715,100,1.78e-08,9.43e-05,3.36e-12,0.16549097,100,30.0,10.0,3.0,1.0,743131.4375,388686.7813,271471.0938,82725.88281,41704.44531,7431.314453,12956.22559,27147.10938,27575.29492,41704.44531,0.523039103,0.698431492,0.304731816,0.504128158,3.333333254,3.0,3.333333254,3.0,26.895902,12.97327,45.244165,424.326837,42.208971,13.542206,28.666765,26.430209,26.362461,32.838649,21.954322,857.720392,247.961176,5.181176,124.347622,618.163039,21.476961,151.119216,28.412549,Arid,265317938.8,191820327.1,131007921.2,88571291.54,75604739.54,52615017.97,6739.4337,8765.92635,4927.736971,3599.317474,3429.305784,2706.360197,2.108957,385.398058,5.935682518,0.701748745,0.754984911,0.648512714,0.597696408,0.556559369,0.517842189,2620181.0,320.350613,Cropland,Vertisols,Unconsolidated sediments,20.8742,76.9897,Tapi,Maharashtra,9500.0,8086.739745999999,14.87642373,1986,8,227,Monsoon
313.08,309.09617212193166,3.983827878068325,3.983827878068325,INDOFLOODS-gauge-29,313.08,12.27687779,31.01637193,53.07850876,65.63350179999999,72.15488177,94.20172488,108.5830072,116.3055132,128.9442426,142.5866721,6,572100.6875,386962.3438,64017.37891,1487,389954.0938,1413298.5,1.478440166,0.420989156,0.003813269,3.59e-11,0.402754098,2.375358105,0.000763462,0.000163947,1.586924195,1.467097521,0.40479821,842,1.69e-08,0.000102806,2.76e-12,0.243788987,842,185.0,43.0,6.0,2.0,5508303.5,2695714.25,1311469.25,395859.9375,518155.375,6541.928223,14571.42871,30499.28516,65976.65625,259077.6875,0.489391029,0.486501575,0.301844627,1.308936119,4.551351547,4.302325726,7.166666508,3.0,25.396463,10.744284,55.465841,216.506056,35.851981,16.477877,19.374105,24.693599,25.220489,28.579781,23.129677,888.817316,258.047852,0.793609,97.609813,560.207341,5.966491,115.514914,90.523868,Arid,147827041.1,107228676.9,74716707.76,51375685.83,36591464.57,26972694.47,5127.34196,6669.091987,3802.856923,2801.004372,2177.24826,1766.342233,1.970453,360.825806,6.278768378,0.647867447,0.697016051,0.598718907,0.55180436,0.513825909,0.478081515,15478840.0,240.313451,Cropland,Vertisols,Metamorphics,15.9483,77.4264,Krishna,Andhra Pradesh,60630.0,64017.37891,5.586968349,2007,8,220,Monsoon
313.08,309.09617212193166,3.983827878068325,3.983827878068325,INDOFLOODS-gauge-29,313.08,6.612099402,17.25298883,23.91197836,30.26990552,34.05514332,35.94690452,38.72364497,42.65779386,48.21926058,60.57238326,6,572100.6875,386962.3438,64017.37891,1487,389954.0938,1413298.5,1.478440166,0.420989156,0.003813269,3.59e-11,0.402754098,2.375358105,0.000763462,0.000163947,1.586924195,1.467097521,0.40479821,842,1.69e-08,0.000102806,2.76e-12,0.243788987,842,185.0,43.0,6.0,2.0,5508303.5,2695714.25,1311469.25,395859.9375,518155.375,6541.928223,14571.42871,30499.28516,65976.65625,259077.6875,0.489391029,0.486501575,0.301844627,1.308936119,4.551351547,4.302325726,7.166666508,3.0,25.396463,10.744284,55.465841,216.506056,35.851981,16.477877,19.374105,24.693599,25.220489,28.579781,23.129677,888.817316,258.047852,0.793609,97.609813,560.207341,5.966491,115.514914,90.523868,Arid,147827041.1,107228676.9,74716707.76,51375685.83,36591464.57,26972694.47,5127.34196,6669.091987,3802.856923,2801.004372,2177.24826,1766.342233,1.970453,360.825806,6.278768378,0.647867447,0.697016051,0.598718907,0.55180436,0.513825909,0.478081515,15478840.0,240.313451,Cropland,Vertisols,Metamorphics,15.9483,77.4264,Krishna,Andhra Pradesh,60630.0,64017.37891,5.586968349,1978,7,208,Monsoon
12.97,16.89743242772191,-3.927432427721909,3.927432427721909,INDOFLOODS-gauge-1085,12.97,7.179561724,53.32701244,104.5343785,112.7857131,113.74244509999998,115.0580889,120.6186679,124.71181570000002,152.8527989,177.5392758,5,463678.7188,330162.8125,21904.48242,1204,341410.3438,1098149.25,1.40439415,0.18792288,0.003526548,7.02e-11,0.228254899,5.321331978,0.000363339,0.000161826,2.107978106,1.358127356,0.422236532,315,1.82e-08,0.000112562,2.95e-12,0.1948383,315,67.0,13.0,3.0,1.0,1756620.375,817386.5,396399.9375,274903.0313,299401.1875,5576.572754,12199.79883,30492.30273,91634.34375,299401.1875,0.465317667,0.484960228,0.693499207,1.08911562,4.70149231,5.153846264,4.333333492,3.0,25.324364,11.317986,40.461182,493.632095,38.792319,10.797642,27.994677,27.586145,18.959131,31.029907,18.706263,1213.55461,306.451879,3.037624,115.792655,829.954574,26.053865,236.935106,34.614645,Tropical,193803869.7,139464558.5,95072538.82,76975155.1,55169759.77,46898096.51,2346.516734,3052.095218,1713.25437,1511.417903,1239.699602,1215.136213,7.762763,433.032258,42.26073014,0.508558694,0.547139028,0.469978406,0.433151714,0.403339676,0.375281258,15777280.0,722.63754,Cropland,Luvisols,Metamorphics,22.8381,87.9031,Ganga - Brahmaputra -Meghna/Barak,West Bengal,21310.0,21904.48242,2.789687565,2013,10,289,Post-Monsoon
313.01,309.09617212193166,3.913827878068332,3.913827878068332,INDOFLOODS-gauge-29,313.01,15.73579094,51.33889599,65.70768926,77.12786712,81.07143353,84.22857954,86.04296539,88.58378289,93.27156273,103.3304067,6,572100.6875,386962.3438,64017.37891,1487,389954.0938,1413298.5,1.478440166,0.420989156,0.003813269,3.59e-11,0.402754098,2.375358105,0.000763462,0.000163947,1.586924195,1.467097521,0.40479821,842,1.69e-08,0.000102806,2.76e-12,0.243788987,842,185.0,43.0,6.0,2.0,5508303.5,2695714.25,1311469.25,395859.9375,518155.375,6541.928223,14571.42871,30499.28516,65976.65625,259077.6875,0.489391029,0.486501575,0.301844627,1.308936119,4.551351547,4.302325726,7.166666508,3.0,25.396463,10.744284,55.465841,216.506056,35.851981,16.477877,19.374105,24.693599,25.220489,28.579781,23.129677,888.817316,258.047852,0.793609,97.609813,560.207341,5.966491,115.514914,90.523868,Arid,147827041.1,107228676.9,74716707.76,51375685.83,36591464.57,26972694.47,5127.34196,6669.091987,3802.856923,2801.004372,2177.24826,1766.342233,1.970453,360.825806,6.278768378,0.647867447,0.697016051,0.598718907,0.55180436,0.513825909,0.478081515,15478840.0,240.313451,Cropland,Vertisols,Metamorphics,15.9483,77.4264,Krishna,Andhra Pradesh,60630.0,64017.37891,5.586968349,1974,9,271,Monsoon
312.98,309.09617212193166,3.88382787806836,3.88382787806836,INDOFLOODS-gauge-29,312.98,4.031443377,10.27596507,20.63651466,26.21072447,30.36231983,33.78669434,36.18928318,38.86036865,44.83328281,47.55494819,6,572100.6875,386962.3438,64017.37891,1487,389954.0938,1413298.5,1.478440166,0.420989156,0.003813269,3.59e-11,0.402754098,2.375358105,0.000763462,0.000163947,1.586924195,1.467097521,0.40479821,842,1.69e-08,0.000102806,2.76e-12,0.243788987,842,185.0,43.0,6.0,2.0,5508303.5,2695714.25,1311469.25,395859.9375,518155.375,6541.928223,14571.42871,30499.28516,65976.65625,259077.6875,0.489391029,0.486501575,0.301844627,1.308936119,4.551351547,4.302325726,7.166666508,3.0,25.396463,10.744284,55.465841,216.506056,35.851981,16.477877,19.374105,24.693599,25.220489,28.579781,23.129677,888.817316,258.047852,0.793609,97.609813,560.207341,5.966491,115.514914,90.523868,Arid,147827041.1,107228676.9,74716707.76,51375685.83,36591464.57,26972694.47,5127.34196,6669.091987,3802.856923,2801.004372,2177.24826,1766.342233,1.970453,360.825806,6.278768378,0.647867447,0.697016051,0.598718907,0.55180436,0.513825909,0.478081515,15478840.0,240.313451,Cropland,Vertisols,Metamorphics,15.9483,77.4264,Krishna,Andhra Pradesh,60630.0,64017.37891,5.586968349,1980,7,207,Monsoon
50.38,54.26036652746363,-3.8803665274636288,3.8803665274636288,INDOFLOODS-gauge-727,50.38,45.01479769,82.2180743,104.6532921,124.15090659999998,143.8794327,164.6160991,190.2913038,215.312541,273.04726400000004,288.4780207,5,299233.9688,197610.7969,15817.27246,855,214999.8438,791043.3125,1.514259219,0.34218055,0.003976747,1.31e-10,0.317644209,2.922433853,0.000360284,0.000161105,1.786922455,1.391786933,0.3782776,221,1.8e-08,0.000111842,2.9e-12,0.137744978,221,49.0,11.0,3.0,1.0,1242388.0,627367.75,320452.1875,220217.875,137819.7344,5621.665039,12803.42383,29132.01758,73405.96094,137819.7344,0.504969239,0.510788441,0.687209785,0.625833571,4.510204315,4.454545498,3.666666746,3.0,25.485867,10.932116,41.317706,452.788941,38.112799,11.646607,26.466192,27.292398,19.496046,30.716512,19.417195,1325.628607,327.996338,2.541945,113.683523,892.827023,25.938827,277.608265,35.533086,Tropical,101800486.9,73265401.7,48370070.6,38351752.52,29301454.23,25161597.27,2234.119033,2905.900414,1586.975679,1347.608777,1148.777431,1112.978682,4.446749,247.128713,26.28990509,0.480844911,0.517322809,0.444367041,0.409547208,0.381359775,0.354830395,6980017.0,439.195862,Cropland,Luvisols,Metamorphics,22.2197,86.7167,Subarnarekha,Odisha,16000.0,15817.27246,1.142047125,2011,9,253,Monsoon
312.91,309.09617212193166,3.8138278780683663,3.8138278780683663,INDOFLOODS-gauge-29,312.91,5.186666292,13.37556963,28.31442021,50.37216,70.82631129,91.59566648,113.5258742,121.6444321,126.3794871,128.4749751,6,572100.6875,386962.3438,64017.37891,1487,389954.0938,1413298.5,1.478440166,0.420989156,0.003813269,3.59e-11,0.402754098,2.375358105,0.000763462,0.000163947,1.586924195,1.467097521,0.40479821,842,1.69e-08,0.000102806,2.76e-12,0.243788987,842,185.0,43.0,6.0,2.0,5508303.5,2695714.25,1311469.25,395859.9375,518155.375,6541.928223,14571.42871,30499.28516,65976.65625,259077.6875,0.489391029,0.486501575,0.301844627,1.308936119,4.551351547,4.302325726,7.166666508,3.0,25.396463,10.744284,55.465841,216.506056,35.851981,16.477877,19.374105,24.693599,25.220489,28.579781,23.129677,888.817316,258.047852,0.793609,97.609813,560.207341,5.966491,115.514914,90.523868,Arid,147827041.1,107228676.9,74716707.76,51375685.83,36591464.57,26972694.47,5127.34196,6669.091987,3802.856923,2801.004372,2177.24826,1766.342233,1.970453,360.825806,6.278768378,0.647867447,0.697016051,0.598718907,0.55180436,0.513825909,0.478081515,15478840.0,240.313451,Cropland,Vertisols,Metamorphics,15.9483,77.4264,Krishna,Andhra Pradesh,60630.0,64017.37891,5.586968349,1994,7,199,Monsoon
247.84,251.6069549161525,-3.7669549161524856,3.7669549161524856,INDOFLOODS-gauge-562,247.84,45.86179059,66.02632757,71.92182799,75.36462898,77.60140956,83.59470559,85.17188375,85.44957561,86.26069003,87.58887689,5,176802.8281,110943.6875,8086.739746,876,112618.3438,537532.3125,1.593626738,0.637610137,0.007778484,3.5e-10,0.351701468,1.568356514,0.000267891,0.000188917,1.698200941,1.569929242,0.328915715,100,1.78e-08,9.43e-05,3.36e-12,0.16549097,100,30.0,10.0,3.0,1.0,743131.4375,388686.7813,271471.0938,82725.88281,41704.44531,7431.314453,12956.22559,27147.10938,27575.29492,41704.44531,0.523039103,0.698431492,0.304731816,0.504128158,3.333333254,3.0,3.333333254,3.0,26.895902,12.97327,45.244165,424.326837,42.208971,13.542206,28.666765,26.430209,26.362461,32.838649,21.954322,857.720392,247.961176,5.181176,124.347622,618.163039,21.476961,151.119216,28.412549,Arid,265317938.8,191820327.1,131007921.2,88571291.54,75604739.54,52615017.97,6739.4337,8765.92635,4927.736971,3599.317474,3429.305784,2706.360197,2.108957,385.398058,5.935682518,0.701748745,0.754984911,0.648512714,0.597696408,0.556559369,0.517842189,2620181.0,320.350613,Cropland,Vertisols,Unconsolidated sediments,20.8742,76.9897,Tapi,Maharashtra,9500.0,8086.739745999999,14.87642373,1978,7,207,Monsoon
312.79,309.09617212193166,3.6938278780683618,3.6938278780683618,INDOFLOODS-gauge-29,312.79,3.079883258,11.03235053,17.57480801,36.89240771,51.35831141,67.07389522,95.88529313,96.92468366,98.4071537,99.5960093,6,572100.6875,386962.3438,64017.37891,1487,389954.0938,1413298.5,1.478440166,0.420989156,0.003813269,3.59e-11,0.402754098,2.375358105,0.000763462,0.000163947,1.586924195,1.467097521,0.40479821,842,1.69e-08,0.000102806,2.76e-12,0.243788987,842,185.0,43.0,6.0,2.0,5508303.5,2695714.25,1311469.25,395859.9375,518155.375,6541.928223,14571.42871,30499.28516,65976.65625,259077.6875,0.489391029,0.486501575,0.301844627,1.308936119,4.551351547,4.302325726,7.166666508,3.0,25.396463,10.744284,55.465841,216.506056,35.851981,16.477877,19.374105,24.693599,25.220489,28.579781,23.129677,888.817316,258.047852,0.793609,97.609813,560.207341,5.966491,115.514914,90.523868,Arid,147827041.1,107228676.9,74716707.76,51375685.83,36591464.57,26972694.47,5127.34196,6669.091987,3802.856923,2801.004372,2177.24826,1766.342233,1.970453,360.825806,6.278768378,0.647867447,0.697016051,0.598718907,0.55180436,0.513825909,0.478081515,15478840.0,240.313451,Cropland,Vertisols,Metamorphics,15.9483,77.4264,Krishna,Andhra Pradesh,60630.0,64017.37891,5.586968349,1980,9,271,Monsoon
247.93,251.6069549161525,-3.676954916152482,3.676954916152482,INDOFLOODS-gauge-562,247.93,16.58889717,50.13136893,57.89189043,66.18956007,87.17662718,149.18973459999995,173.8248764,231.2168835,255.0029074,258.6676631,5,176802.8281,110943.6875,8086.739746,876,112618.3438,537532.3125,1.593626738,0.637610137,0.007778484,3.5e-10,0.351701468,1.568356514,0.000267891,0.000188917,1.698200941,1.569929242,0.328915715,100,1.78e-08,9.43e-05,3.36e-12,0.16549097,100,30.0,10.0,3.0,1.0,743131.4375,388686.7813,271471.0938,82725.88281,41704.44531,7431.314453,12956.22559,27147.10938,27575.29492,41704.44531,0.523039103,0.698431492,0.304731816,0.504128158,3.333333254,3.0,3.333333254,3.0,26.895902,12.97327,45.244165,424.326837,42.208971,13.542206,28.666765,26.430209,26.362461,32.838649,21.954322,857.720392,247.961176,5.181176,124.347622,618.163039,21.476961,151.119216,28.412549,Arid,265317938.8,191820327.1,131007921.2,88571291.54,75604739.54,52615017.97,6739.4337,8765.92635,4927.736971,3599.317474,3429.305784,2706.360197,2.108957,385.398058,5.935682518,0.701748745,0.754984911,0.648512714,0.597696408,0.556559369,0.517842189,2620181.0,320.350613,Cropland,Vertisols,Unconsolidated sediments,20.8742,76.9897,Tapi,Maharashtra,9500.0,8086.739745999999,14.87642373,2005,8,214,Monsoon
248.0,251.6069549161525,-3.606954916152489,3.606954916152489,INDOFLOODS-gauge-562,248.0,19.43417466,19.53037517,20.2331321,20.61127353,23.09942841,24.9469008,27.48882712,32.86394554,39.07137446,70.72945759,5,176802.8281,110943.6875,8086.739746,876,112618.3438,537532.3125,1.593626738,0.637610137,0.007778484,3.5e-10,0.351701468,1.568356514,0.000267891,0.000188917,1.698200941,1.569929242,0.328915715,100,1.78e-08,9.43e-05,3.36e-12,0.16549097,100,30.0,10.0,3.0,1.0,743131.4375,388686.7813,271471.0938,82725.88281,41704.44531,7431.314453,12956.22559,27147.10938,27575.29492,41704.44531,0.523039103,0.698431492,0.304731816,0.504128158,3.333333254,3.0,3.333333254,3.0,26.895902,12.97327,45.244165,424.326837,42.208971,13.542206,28.666765,26.430209,26.362461,32.838649,21.954322,857.720392,247.961176,5.181176,124.347622,618.163039,21.476961,151.119216,28.412549,Arid,265317938.8,191820327.1,131007921.2,88571291.54,75604739.54,52615017.97,6739.4337,8765.92635,4927.736971,3599.317474,3429.305784,2706.360197,2.108957,385.398058,5.935682518,0.701748745,0.754984911,0.648512714,0.597696408,0.556559369,0.517842189,2620181.0,320.350613,Cropland,Vertisols,Unconsolidated sediments,20.8742,76.9897,Tapi,Maharashtra,9500.0,8086.739745999999,14.87642373,2006,10,274,Post-Monsoon
312.69,309.09617212193166,3.593827878068339,3.593827878068339,INDOFLOODS-gauge-29,312.69,11.82444637,23.5639732,32.59224381,52.1132849,63.61508073,65.8405997,72.44712575,82.31119721,93.85985176,101.3478782,6,572100.6875,386962.3438,64017.37891,1487,389954.0938,1413298.5,1.478440166,0.420989156,0.003813269,3.59e-11,0.402754098,2.375358105,0.000763462,0.000163947,1.586924195,1.467097521,0.40479821,842,1.69e-08,0.000102806,2.76e-12,0.243788987,842,185.0,43.0,6.0,2.0,5508303.5,2695714.25,1311469.25,395859.9375,518155.375,6541.928223,14571.42871,30499.28516,65976.65625,259077.6875,0.489391029,0.486501575,0.301844627,1.308936119,4.551351547,4.302325726,7.166666508,3.0,25.396463,10.744284,55.465841,216.506056,35.851981,16.477877,19.374105,24.693599,25.220489,28.579781,23.129677,888.817316,258.047852,0.793609,97.609813,560.207341,5.966491,115.514914,90.523868,Arid,147827041.1,107228676.9,74716707.76,51375685.83,36591464.57,26972694.47,5127.34196,6669.091987,3802.856923,2801.004372,2177.24826,1766.342233,1.970453,360.825806,6.278768378,0.647867447,0.697016051,0.598718907,0.55180436,0.513825909,0.478081515,15478840.0,240.313451,Cropland,Vertisols,Metamorphics,15.9483,77.4264,Krishna,Andhra Pradesh,60630.0,64017.37891,5.586968349,2010,8,237,Monsoon
248.05,251.6069549161525,-3.5569549161524776,3.5569549161524776,INDOFLOODS-gauge-562,248.05,18.63333699,40.61747511,78.12725195,83.40425677,89.3139512,94.20316216,101.82399759999998,105.7907174,120.0320202,130.57877779999998,5,176802.8281,110943.6875,8086.739746,876,112618.3438,537532.3125,1.593626738,0.637610137,0.007778484,3.5e-10,0.351701468,1.568356514,0.000267891,0.000188917,1.698200941,1.569929242,0.328915715,100,1.78e-08,9.43e-05,3.36e-12,0.16549097,100,30.0,10.0,3.0,1.0,743131.4375,388686.7813,271471.0938,82725.88281,41704.44531,7431.314453,12956.22559,27147.10938,27575.29492,41704.44531,0.523039103,0.698431492,0.304731816,0.504128158,3.333333254,3.0,3.333333254,3.0,26.895902,12.97327,45.244165,424.326837,42.208971,13.542206,28.666765,26.430209,26.362461,32.838649,21.954322,857.720392,247.961176,5.181176,124.347622,618.163039,21.476961,151.119216,28.412549,Arid,265317938.8,191820327.1,131007921.2,88571291.54,75604739.54,52615017.97,6739.4337,8765.92635,4927.736971,3599.317474,3429.305784,2706.360197,2.108957,385.398058,5.935682518,0.701748745,0.754984911,0.648512714,0.597696408,0.556559369,0.517842189,2620181.0,320.350613,Cropland,Vertisols,Unconsolidated sediments,20.8742,76.9897,Tapi,Maharashtra,9500.0,8086.739745999999,14.87642373,1990,8,229,Monsoon
50.72,54.26036652746363,-3.5403665274636325,3.5403665274636325,INDOFLOODS-gauge-727,50.72,49.11293385,67.90901851,73.97444232,83.70852251,92.25647185,99.82652384,107.58896409999998,114.1050533,124.0742857,158.0935159,5,299233.9688,197610.7969,15817.27246,855,214999.8438,791043.3125,1.514259219,0.34218055,0.003976747,1.31e-10,0.317644209,2.922433853,0.000360284,0.000161105,1.786922455,1.391786933,0.3782776,221,1.8e-08,0.000111842,2.9e-12,0.137744978,221,49.0,11.0,3.0,1.0,1242388.0,627367.75,320452.1875,220217.875,137819.7344,5621.665039,12803.42383,29132.01758,73405.96094,137819.7344,0.504969239,0.510788441,0.687209785,0.625833571,4.510204315,4.454545498,3.666666746,3.0,25.485867,10.932116,41.317706,452.788941,38.112799,11.646607,26.466192,27.292398,19.496046,30.716512,19.417195,1325.628607,327.996338,2.541945,113.683523,892.827023,25.938827,277.608265,35.533086,Tropical,101800486.9,73265401.7,48370070.6,38351752.52,29301454.23,25161597.27,2234.119033,2905.900414,1586.975679,1347.608777,1148.777431,1112.978682,4.446749,247.128713,26.28990509,0.480844911,0.517322809,0.444367041,0.409547208,0.381359775,0.354830395,6980017.0,439.195862,Cropland,Luvisols,Metamorphics,22.2197,86.7167,Subarnarekha,Odisha,16000.0,15817.27246,1.142047125,2006,7,211,Monsoon
312.56,309.09617212193166,3.463827878068344,3.463827878068344,INDOFLOODS-gauge-29,312.56,5.596257959,18.58597802,22.09019356,24.16556556,27.96620763,32.18081327,36.97632415,39.11834079,39.41009275,39.68817478,6,572100.6875,386962.3438,64017.37891,1487,389954.0938,1413298.5,1.478440166,0.420989156,0.003813269,3.59e-11,0.402754098,2.375358105,0.000763462,0.000163947,1.586924195,1.467097521,0.40479821,842,1.69e-08,0.000102806,2.76e-12,0.243788987,842,185.0,43.0,6.0,2.0,5508303.5,2695714.25,1311469.25,395859.9375,518155.375,6541.928223,14571.42871,30499.28516,65976.65625,259077.6875,0.489391029,0.486501575,0.301844627,1.308936119,4.551351547,4.302325726,7.166666508,3.0,25.396463,10.744284,55.465841,216.506056,35.851981,16.477877,19.374105,24.693599,25.220489,28.579781,23.129677,888.817316,258.047852,0.793609,97.609813,560.207341,5.966491,115.514914,90.523868,Arid,147827041.1,107228676.9,74716707.76,51375685.83,36591464.57,26972694.47,5127.34196,6669.091987,3802.856923,2801.004372,2177.24826,1766.342233,1.970453,360.825806,6.278768378,0.647867447,0.697016051,0.598718907,0.55180436,0.513825909,0.478081515,15478840.0,240.313451,Cropland,Vertisols,Metamorphics,15.9483,77.4264,Krishna,Andhra Pradesh,60630.0,64017.37891,5.586968349,1974,9,258,Monsoon
248.2,251.6069549161525,-3.4069549161525003,3.4069549161525003,INDOFLOODS-gauge-562,248.2,22.02032896,29.28110294,50.84075908,87.1357593,91.24882696,101.2278332,107.760108,111.0557858,120.5078111,130.64363970000002,5,176802.8281,110943.6875,8086.739746,876,112618.3438,537532.3125,1.593626738,0.637610137,0.007778484,3.5e-10,0.351701468,1.568356514,0.000267891,0.000188917,1.698200941,1.569929242,0.328915715,100,1.78e-08,9.43e-05,3.36e-12,0.16549097,100,30.0,10.0,3.0,1.0,743131.4375,388686.7813,271471.0938,82725.88281,41704.44531,7431.314453,12956.22559,27147.10938,27575.29492,41704.44531,0.523039103,0.698431492,0.304731816,0.504128158,3.333333254,3.0,3.333333254,3.0,26.895902,12.97327,45.244165,424.326837,42.208971,13.542206,28.666765,26.430209,26.362461,32.838649,21.954322,857.720392,247.961176,5.181176,124.347622,618.163039,21.476961,151.119216,28.412549,Arid,265317938.8,191820327.1,131007921.2,88571291.54,75604739.54,52615017.97,6739.4337,8765.92635,4927.736971,3599.317474,3429.305784,2706.360197,2.108957,385.398058,5.935682518,0.701748745,0.754984911,0.648512714,0.597696408,0.556559369,0.517842189,2620181.0,320.350613,Cropland,Vertisols,Unconsolidated sediments,20.8742,76.9897,Tapi,Maharashtra,9500.0,8086.739745999999,14.87642373,1988,7,204,Monsoon
312.41,309.09617212193166,3.3138278780683663,3.3138278780683663,INDOFLOODS-gauge-29,312.41,7.986482717,21.76734662,34.40537016,59.64233196,84.02408945,100.5154516,115.4229301,122.6109259,126.9847495,133.5605182,6,572100.6875,386962.3438,64017.37891,1487,389954.0938,1413298.5,1.478440166,0.420989156,0.003813269,3.59e-11,0.402754098,2.375358105,0.000763462,0.000163947,1.586924195,1.467097521,0.40479821,842,1.69e-08,0.000102806,2.76e-12,0.243788987,842,185.0,43.0,6.0,2.0,5508303.5,2695714.25,1311469.25,395859.9375,518155.375,6541.928223,14571.42871,30499.28516,65976.65625,259077.6875,0.489391029,0.486501575,0.301844627,1.308936119,4.551351547,4.302325726,7.166666508,3.0,25.396463,10.744284,55.465841,216.506056,35.851981,16.477877,19.374105,24.693599,25.220489,28.579781,23.129677,888.817316,258.047852,0.793609,97.609813,560.207341,5.966491,115.514914,90.523868,Arid,147827041.1,107228676.9,74716707.76,51375685.83,36591464.57,26972694.47,5127.34196,6669.091987,3802.856923,2801.004372,2177.24826,1766.342233,1.970453,360.825806,6.278768378,0.647867447,0.697016051,0.598718907,0.55180436,0.513825909,0.478081515,15478840.0,240.313451,Cropland,Vertisols,Metamorphics,15.9483,77.4264,Krishna,Andhra Pradesh,60630.0,64017.37891,5.586968349,2008,8,228,Monsoon
312.24,309.09617212193166,3.1438278780683504,3.1438278780683504,INDOFLOODS-gauge-29,312.24,36.44974723,58.61443232,60.87165359,68.22977896,82.97859899,91.99698804,95.43986657,104.2674582,130.50302659999997,132.12529569999998,6,572100.6875,386962.3438,64017.37891,1487,389954.0938,1413298.5,1.478440166,0.420989156,0.003813269,3.59e-11,0.402754098,2.375358105,0.000763462,0.000163947,1.586924195,1.467097521,0.40479821,842,1.69e-08,0.000102806,2.76e-12,0.243788987,842,185.0,43.0,6.0,2.0,5508303.5,2695714.25,1311469.25,395859.9375,518155.375,6541.928223,14571.42871,30499.28516,65976.65625,259077.6875,0.489391029,0.486501575,0.301844627,1.308936119,4.551351547,4.302325726,7.166666508,3.0,25.396463,10.744284,55.465841,216.506056,35.851981,16.477877,19.374105,24.693599,25.220489,28.579781,23.129677,888.817316,258.047852,0.793609,97.609813,560.207341,5.966491,115.514914,90.523868,Arid,147827041.1,107228676.9,74716707.76,51375685.83,36591464.57,26972694.47,5127.34196,6669.091987,3802.856923,2801.004372,2177.24826,1766.342233,1.970453,360.825806,6.278768378,0.647867447,0.697016051,0.598718907,0.55180436,0.513825909,0.478081515,15478840.0,240.313451,Cropland,Vertisols,Metamorphics,15.9483,77.4264,Krishna,Andhra Pradesh,60630.0,64017.37891,5.586968349,1996,10,277,Post-Monsoon
312.2,309.09617212193166,3.10382787806833,3.10382787806833,INDOFLOODS-gauge-29,312.2,16.75235914,21.0504124,21.88193375,21.91071912,22.27665851,22.948384,23.84199696,24.33633389,24.37221773,24.51137407,6,572100.6875,386962.3438,64017.37891,1487,389954.0938,1413298.5,1.478440166,0.420989156,0.003813269,3.59e-11,0.402754098,2.375358105,0.000763462,0.000163947,1.586924195,1.467097521,0.40479821,842,1.69e-08,0.000102806,2.76e-12,0.243788987,842,185.0,43.0,6.0,2.0,5508303.5,2695714.25,1311469.25,395859.9375,518155.375,6541.928223,14571.42871,30499.28516,65976.65625,259077.6875,0.489391029,0.486501575,0.301844627,1.308936119,4.551351547,4.302325726,7.166666508,3.0,25.396463,10.744284,55.465841,216.506056,35.851981,16.477877,19.374105,24.693599,25.220489,28.579781,23.129677,888.817316,258.047852,0.793609,97.609813,560.207341,5.966491,115.514914,90.523868,Arid,147827041.1,107228676.9,74716707.76,51375685.83,36591464.57,26972694.47,5127.34196,6669.091987,3802.856923,2801.004372,2177.24826,1766.342233,1.970453,360.825806,6.278768378,0.647867447,0.697016051,0.598718907,0.55180436,0.513825909,0.478081515,15478840.0,240.313451,Cropland,Vertisols,Metamorphics,15.9483,77.4264,Krishna,Andhra Pradesh,60630.0,64017.37891,5.586968349,1973,10,296,Post-Monsoon
312.11,309.09617212193166,3.013827878068355,3.013827878068355,INDOFLOODS-gauge-29,312.11,1.757658423,9.021990319,32.49996165,39.68329937,41.18248479,46.60674175,50.61714081,58.91789705,68.04360847,75.29962556,6,572100.6875,386962.3438,64017.37891,1487,389954.0938,1413298.5,1.478440166,0.420989156,0.003813269,3.59e-11,0.402754098,2.375358105,0.000763462,0.000163947,1.586924195,1.467097521,0.40479821,842,1.69e-08,0.000102806,2.76e-12,0.243788987,842,185.0,43.0,6.0,2.0,5508303.5,2695714.25,1311469.25,395859.9375,518155.375,6541.928223,14571.42871,30499.28516,65976.65625,259077.6875,0.489391029,0.486501575,0.301844627,1.308936119,4.551351547,4.302325726,7.166666508,3.0,25.396463,10.744284,55.465841,216.506056,35.851981,16.477877,19.374105,24.693599,25.220489,28.579781,23.129677,888.817316,258.047852,0.793609,97.609813,560.207341,5.966491,115.514914,90.523868,Arid,147827041.1,107228676.9,74716707.76,51375685.83,36591464.57,26972694.47,5127.34196,6669.091987,3802.856923,2801.004372,2177.24826,1766.342233,1.970453,360.825806,6.278768378,0.647867447,0.697016051,0.598718907,0.55180436,0.513825909,0.478081515,15478840.0,240.313451,Cropland,Vertisols,Metamorphics,15.9483,77.4264,Krishna,Andhra Pradesh,60630.0,64017.37891,5.586968349,1979,9,264,Monsoon
51.3,54.26036652746363,-2.960366527463634,2.960366527463634,INDOFLOODS-gauge-727,51.3,89.43233739,163.8136393,190.6926603,205.3832691,215.56049500000003,245.7550841,291.6146878,358.8156195,383.9997204,391.004717,5,299233.9688,197610.7969,15817.27246,855,214999.8438,791043.3125,1.514259219,0.34218055,0.003976747,1.31e-10,0.317644209,2.922433853,0.000360284,0.000161105,1.786922455,1.391786933,0.3782776,221,1.8e-08,0.000111842,2.9e-12,0.137744978,221,49.0,11.0,3.0,1.0,1242388.0,627367.75,320452.1875,220217.875,137819.7344,5621.665039,12803.42383,29132.01758,73405.96094,137819.7344,0.504969239,0.510788441,0.687209785,0.625833571,4.510204315,4.454545498,3.666666746,3.0,25.485867,10.932116,41.317706,452.788941,38.112799,11.646607,26.466192,27.292398,19.496046,30.716512,19.417195,1325.628607,327.996338,2.541945,113.683523,892.827023,25.938827,277.608265,35.533086,Tropical,101800486.9,73265401.7,48370070.6,38351752.52,29301454.23,25161597.27,2234.119033,2905.900414,1586.975679,1347.608777,1148.777431,1112.978682,4.446749,247.128713,26.28990509,0.480844911,0.517322809,0.444367041,0.409547208,0.381359775,0.354830395,6980017.0,439.195862,Cropland,Luvisols,Metamorphics,22.2197,86.7167,Subarnarekha,Odisha,16000.0,15817.27246,1.142047125,2007,8,232,Monsoon
51.3,54.26036652746363,-2.960366527463634,2.960366527463634,INDOFLOODS-gauge-727,51.3,67.20093169,92.38503262,99.39002916,102.6003875,106.9697592,115.1332074,125.0981205,141.94069840000003,149.0650322,151.4874846,5,299233.9688,197610.7969,15817.27246,855,214999.8438,791043.3125,1.514259219,0.34218055,0.003976747,1.31e-10,0.317644209,2.922433853,0.000360284,0.000161105,1.786922455,1.391786933,0.3782776,221,1.8e-08,0.000111842,2.9e-12,0.137744978,221,49.0,11.0,3.0,1.0,1242388.0,627367.75,320452.1875,220217.875,137819.7344,5621.665039,12803.42383,29132.01758,73405.96094,137819.7344,0.504969239,0.510788441,0.687209785,0.625833571,4.510204315,4.454545498,3.666666746,3.0,25.485867,10.932116,41.317706,452.788941,38.112799,11.646607,26.466192,27.292398,19.496046,30.716512,19.417195,1325.628607,327.996338,2.541945,113.683523,892.827023,25.938827,277.608265,35.533086,Tropical,101800486.9,73265401.7,48370070.6,38351752.52,29301454.23,25161597.27,2234.119033,2905.900414,1586.975679,1347.608777,1148.777431,1112.978682,4.446749,247.128713,26.28990509,0.480844911,0.517322809,0.444367041,0.409547208,0.381359775,0.354830395,6980017.0,439.195862,Cropland,Luvisols,Metamorphics,22.2197,86.7167,Subarnarekha,Odisha,16000.0,15817.27246,1.142047125,2007,8,225,Monsoon
51.3,54.26036652746363,-2.960366527463634,2.960366527463634,INDOFLOODS-gauge-727,51.3,65.47114427,135.9737029,182.1760892,211.5713518,274.9645077,293.0947986,311.4190844,324.7468976,334.1908164,343.7446238,5,299233.9688,197610.7969,15817.27246,855,214999.8438,791043.3125,1.514259219,0.34218055,0.003976747,1.31e-10,0.317644209,2.922433853,0.000360284,0.000161105,1.786922455,1.391786933,0.3782776,221,1.8e-08,0.000111842,2.9e-12,0.137744978,221,49.0,11.0,3.0,1.0,1242388.0,627367.75,320452.1875,220217.875,137819.7344,5621.665039,12803.42383,29132.01758,73405.96094,137819.7344,0.504969239,0.510788441,0.687209785,0.625833571,4.510204315,4.454545498,3.666666746,3.0,25.485867,10.932116,41.317706,452.788941,38.112799,11.646607,26.466192,27.292398,19.496046,30.716512,19.417195,1325.628607,327.996338,2.541945,113.683523,892.827023,25.938827,277.608265,35.533086,Tropical,101800486.9,73265401.7,48370070.6,38351752.52,29301454.23,25161597.27,2234.119033,2905.900414,1586.975679,1347.608777,1148.777431,1112.978682,4.446749,247.128713,26.28990509,0.480844911,0.517322809,0.444367041,0.409547208,0.381359775,0.354830395,6980017.0,439.195862,Cropland,Luvisols,Metamorphics,22.2197,86.7167,Subarnarekha,Odisha,16000.0,15817.27246,1.142047125,2011,8,225,Monsoon
248.65,251.6069549161525,-2.9569549161524837,2.9569549161524837,INDOFLOODS-gauge-562,248.65,2.190613374,7.335456351,20.69461329,30.30612031,61.01918377,79.43968585,92.34289631,97.1004093,106.2931695,117.3741191,5,176802.8281,110943.6875,8086.739746,876,112618.3438,537532.3125,1.593626738,0.637610137,0.007778484,3.5e-10,0.351701468,1.568356514,0.000267891,0.000188917,1.698200941,1.569929242,0.328915715,100,1.78e-08,9.43e-05,3.36e-12,0.16549097,100,30.0,10.0,3.0,1.0,743131.4375,388686.7813,271471.0938,82725.88281,41704.44531,7431.314453,12956.22559,27147.10938,27575.29492,41704.44531,0.523039103,0.698431492,0.304731816,0.504128158,3.333333254,3.0,3.333333254,3.0,26.895902,12.97327,45.244165,424.326837,42.208971,13.542206,28.666765,26.430209,26.362461,32.838649,21.954322,857.720392,247.961176,5.181176,124.347622,618.163039,21.476961,151.119216,28.412549,Arid,265317938.8,191820327.1,131007921.2,88571291.54,75604739.54,52615017.97,6739.4337,8765.92635,4927.736971,3599.317474,3429.305784,2706.360197,2.108957,385.398058,5.935682518,0.701748745,0.754984911,0.648512714,0.597696408,0.556559369,0.517842189,2620181.0,320.350613,Cropland,Vertisols,Unconsolidated sediments,20.8742,76.9897,Tapi,Maharashtra,9500.0,8086.739745999999,14.87642373,1992,8,235,Monsoon
312.04,309.09617212193166,2.9438278780683618,2.9438278780683618,INDOFLOODS-gauge-29,312.04,6.2383548110000016,13.98964356,27.60429758,32.56047699,35.51878001,37.55585949,40.75463411,42.33648245,43.8442458,48.45884037,6,572100.6875,386962.3438,64017.37891,1487,389954.0938,1413298.5,1.478440166,0.420989156,0.003813269,3.59e-11,0.402754098,2.375358105,0.000763462,0.000163947,1.586924195,1.467097521,0.40479821,842,1.69e-08,0.000102806,2.76e-12,0.243788987,842,185.0,43.0,6.0,2.0,5508303.5,2695714.25,1311469.25,395859.9375,518155.375,6541.928223,14571.42871,30499.28516,65976.65625,259077.6875,0.489391029,0.486501575,0.301844627,1.308936119,4.551351547,4.302325726,7.166666508,3.0,25.396463,10.744284,55.465841,216.506056,35.851981,16.477877,19.374105,24.693599,25.220489,28.579781,23.129677,888.817316,258.047852,0.793609,97.609813,560.207341,5.966491,115.514914,90.523868,Arid,147827041.1,107228676.9,74716707.76,51375685.83,36591464.57,26972694.47,5127.34196,6669.091987,3802.856923,2801.004372,2177.24826,1766.342233,1.970453,360.825806,6.278768378,0.647867447,0.697016051,0.598718907,0.55180436,0.513825909,0.478081515,15478840.0,240.313451,Cropland,Vertisols,Metamorphics,15.9483,77.4264,Krishna,Andhra Pradesh,60630.0,64017.37891,5.586968349,2006,8,226,Monsoon
312.01,309.09617212193166,2.913827878068332,2.913827878068332,INDOFLOODS-gauge-29,312.01,5.291503219,11.03444377,18.16562335,34.07875036,52.24057799,58.06190967,64.13567265,70.54701799,74.7555468,81.37099494,6,572100.6875,386962.3438,64017.37891,1487,389954.0938,1413298.5,1.478440166,0.420989156,0.003813269,3.59e-11,0.402754098,2.375358105,0.000763462,0.000163947,1.586924195,1.467097521,0.40479821,842,1.69e-08,0.000102806,2.76e-12,0.243788987,842,185.0,43.0,6.0,2.0,5508303.5,2695714.25,1311469.25,395859.9375,518155.375,6541.928223,14571.42871,30499.28516,65976.65625,259077.6875,0.489391029,0.486501575,0.301844627,1.308936119,4.551351547,4.302325726,7.166666508,3.0,25.396463,10.744284,55.465841,216.506056,35.851981,16.477877,19.374105,24.693599,25.220489,28.579781,23.129677,888.817316,258.047852,0.793609,97.609813,560.207341,5.966491,115.514914,90.523868,Arid,147827041.1,107228676.9,74716707.76,51375685.83,36591464.57,26972694.47,5127.34196,6669.091987,3802.856923,2801.004372,2177.24826,1766.342233,1.970453,360.825806,6.278768378,0.647867447,0.697016051,0.598718907,0.55180436,0.513825909,0.478081515,15478840.0,240.313451,Cropland,Vertisols,Metamorphics,15.9483,77.4264,Krishna,Andhra Pradesh,60630.0,64017.37891,5.586968349,2014,8,216,Monsoon
248.73,251.6069549161525,-2.876954916152499,2.876954916152499,INDOFLOODS-gauge-562,248.73,17.3821767,43.92296947,52.27447078,60.13337731,63.96301145,65.4752429,65.62128779,66.28027939,66.94308313,67.80023453,5,176802.8281,110943.6875,8086.739746,876,112618.3438,537532.3125,1.593626738,0.637610137,0.007778484,3.5e-10,0.351701468,1.568356514,0.000267891,0.000188917,1.698200941,1.569929242,0.328915715,100,1.78e-08,9.43e-05,3.36e-12,0.16549097,100,30.0,10.0,3.0,1.0,743131.4375,388686.7813,271471.0938,82725.88281,41704.44531,7431.314453,12956.22559,27147.10938,27575.29492,41704.44531,0.523039103,0.698431492,0.304731816,0.504128158,3.333333254,3.0,3.333333254,3.0,26.895902,12.97327,45.244165,424.326837,42.208971,13.542206,28.666765,26.430209,26.362461,32.838649,21.954322,857.720392,247.961176,5.181176,124.347622,618.163039,21.476961,151.119216,28.412549,Arid,265317938.8,191820327.1,131007921.2,88571291.54,75604739.54,52615017.97,6739.4337,8765.92635,4927.736971,3599.317474,3429.305784,2706.360197,2.108957,385.398058,5.935682518,0.701748745,0.754984911,0.648512714,0.597696408,0.556559369,0.517842189,2620181.0,320.350613,Cropland,Vertisols,Unconsolidated sediments,20.8742,76.9897,Tapi,Maharashtra,9500.0,8086.739745999999,14.87642373,1981,8,218,Monsoon
311.96,309.09617212193166,2.863827878068321,2.863827878068321,INDOFLOODS-gauge-29,311.96,5.677005932999999,21.25801423,30.44827652,36.98805291,39.29506754,40.25216078,40.78680707,41.48168372,45.84573943,54.41464873,6,572100.6875,386962.3438,64017.37891,1487,389954.0938,1413298.5,1.478440166,0.420989156,0.003813269,3.59e-11,0.402754098,2.375358105,0.000763462,0.000163947,1.586924195,1.467097521,0.40479821,842,1.69e-08,0.000102806,2.76e-12,0.243788987,842,185.0,43.0,6.0,2.0,5508303.5,2695714.25,1311469.25,395859.9375,518155.375,6541.928223,14571.42871,30499.28516,65976.65625,259077.6875,0.489391029,0.486501575,0.301844627,1.308936119,4.551351547,4.302325726,7.166666508,3.0,25.396463,10.744284,55.465841,216.506056,35.851981,16.477877,19.374105,24.693599,25.220489,28.579781,23.129677,888.817316,258.047852,0.793609,97.609813,560.207341,5.966491,115.514914,90.523868,Arid,147827041.1,107228676.9,74716707.76,51375685.83,36591464.57,26972694.47,5127.34196,6669.091987,3802.856923,2801.004372,2177.24826,1766.342233,1.970453,360.825806,6.278768378,0.647867447,0.697016051,0.598718907,0.55180436,0.513825909,0.478081515,15478840.0,240.313451,Cropland,Vertisols,Metamorphics,15.9483,77.4264,Krishna,Andhra Pradesh,60630.0,64017.37891,5.586968349,1978,11,313,Post-Monsoon
311.95,309.09617212193166,2.85382787806833,2.85382787806833,INDOFLOODS-gauge-29,311.95,10.49437358,13.36897873,19.0853616,29.57455558,37.69083689,40.81030034,42.51870276,44.8088624,44.88872925,44.97264261,6,572100.6875,386962.3438,64017.37891,1487,389954.0938,1413298.5,1.478440166,0.420989156,0.003813269,3.59e-11,0.402754098,2.375358105,0.000763462,0.000163947,1.586924195,1.467097521,0.40479821,842,1.69e-08,0.000102806,2.76e-12,0.243788987,842,185.0,43.0,6.0,2.0,5508303.5,2695714.25,1311469.25,395859.9375,518155.375,6541.928223,14571.42871,30499.28516,65976.65625,259077.6875,0.489391029,0.486501575,0.301844627,1.308936119,4.551351547,4.302325726,7.166666508,3.0,25.396463,10.744284,55.465841,216.506056,35.851981,16.477877,19.374105,24.693599,25.220489,28.579781,23.129677,888.817316,258.047852,0.793609,97.609813,560.207341,5.966491,115.514914,90.523868,Arid,147827041.1,107228676.9,74716707.76,51375685.83,36591464.57,26972694.47,5127.34196,6669.091987,3802.856923,2801.004372,2177.24826,1766.342233,1.970453,360.825806,6.278768378,0.647867447,0.697016051,0.598718907,0.55180436,0.513825909,0.478081515,15478840.0,240.313451,Cropland,Vertisols,Metamorphics,15.9483,77.4264,Krishna,Andhra Pradesh,60630.0,64017.37891,5.586968349,1977,10,275,Post-Monsoon
248.8,251.6069549161525,-2.8069549161524776,2.8069549161524776,INDOFLOODS-gauge-562,248.8,36.29500022,40.40806788,50.38707409,56.91934889,60.21502668,69.66705201,79.80288064,90.43557479,95.96907526,104.0151431,5,176802.8281,110943.6875,8086.739746,876,112618.3438,537532.3125,1.593626738,0.637610137,0.007778484,3.5e-10,0.351701468,1.568356514,0.000267891,0.000188917,1.698200941,1.569929242,0.328915715,100,1.78e-08,9.43e-05,3.36e-12,0.16549097,100,30.0,10.0,3.0,1.0,743131.4375,388686.7813,271471.0938,82725.88281,41704.44531,7431.314453,12956.22559,27147.10938,27575.29492,41704.44531,0.523039103,0.698431492,0.304731816,0.504128158,3.333333254,3.0,3.333333254,3.0,26.895902,12.97327,45.244165,424.326837,42.208971,13.542206,28.666765,26.430209,26.362461,32.838649,21.954322,857.720392,247.961176,5.181176,124.347622,618.163039,21.476961,151.119216,28.412549,Arid,265317938.8,191820327.1,131007921.2,88571291.54,75604739.54,52615017.97,6739.4337,8765.92635,4927.736971,3599.317474,3429.305784,2706.360197,2.108957,385.398058,5.935682518,0.701748745,0.754984911,0.648512714,0.597696408,0.556559369,0.517842189,2620181.0,320.350613,Cropland,Vertisols,Unconsolidated sediments,20.8742,76.9897,Tapi,Maharashtra,9500.0,8086.739745999999,14.87642373,1988,7,201,Monsoon
51.52,54.26036652746363,-2.740366527463628,2.740366527463628,INDOFLOODS-gauge-727,51.52,117.6236068,220.0501971,267.7854686,288.7533263,298.4181155,302.5957128,305.0987118000001,311.4685348000001,328.1352001,347.8318702,5,299233.9688,197610.7969,15817.27246,855,214999.8438,791043.3125,1.514259219,0.34218055,0.003976747,1.31e-10,0.317644209,2.922433853,0.000360284,0.000161105,1.786922455,1.391786933,0.3782776,221,1.8e-08,0.000111842,2.9e-12,0.137744978,221,49.0,11.0,3.0,1.0,1242388.0,627367.75,320452.1875,220217.875,137819.7344,5621.665039,12803.42383,29132.01758,73405.96094,137819.7344,0.504969239,0.510788441,0.687209785,0.625833571,4.510204315,4.454545498,3.666666746,3.0,25.485867,10.932116,41.317706,452.788941,38.112799,11.646607,26.466192,27.292398,19.496046,30.716512,19.417195,1325.628607,327.996338,2.541945,113.683523,892.827023,25.938827,277.608265,35.533086,Tropical,101800486.9,73265401.7,48370070.6,38351752.52,29301454.23,25161597.27,2234.119033,2905.900414,1586.975679,1347.608777,1148.777431,1112.978682,4.446749,247.128713,26.28990509,0.480844911,0.517322809,0.444367041,0.409547208,0.381359775,0.354830395,6980017.0,439.195862,Cropland,Luvisols,Metamorphics,22.2197,86.7167,Subarnarekha,Odisha,16000.0,15817.27246,1.142047125,2007,9,267,Monsoon
311.81,309.09617212193166,2.713827878068344,2.713827878068344,INDOFLOODS-gauge-29,311.81,7.524011016,11.10421046,13.82320536,15.38568596,16.21331507,16.35534976,16.59376325,16.9757462,17.44177354,17.73141142,6,572100.6875,386962.3438,64017.37891,1487,389954.0938,1413298.5,1.478440166,0.420989156,0.003813269,3.59e-11,0.402754098,2.375358105,0.000763462,0.000163947,1.586924195,1.467097521,0.40479821,842,1.69e-08,0.000102806,2.76e-12,0.243788987,842,185.0,43.0,6.0,2.0,5508303.5,2695714.25,1311469.25,395859.9375,518155.375,6541.928223,14571.42871,30499.28516,65976.65625,259077.6875,0.489391029,0.486501575,0.301844627,1.308936119,4.551351547,4.302325726,7.166666508,3.0,25.396463,10.744284,55.465841,216.506056,35.851981,16.477877,19.374105,24.693599,25.220489,28.579781,23.129677,888.817316,258.047852,0.793609,97.609813,560.207341,5.966491,115.514914,90.523868,Arid,147827041.1,107228676.9,74716707.76,51375685.83,36591464.57,26972694.47,5127.34196,6669.091987,3802.856923,2801.004372,2177.24826,1766.342233,1.970453,360.825806,6.278768378,0.647867447,0.697016051,0.598718907,0.55180436,0.513825909,0.478081515,15478840.0,240.313451,Cropland,Vertisols,Metamorphics,15.9483,77.4264,Krishna,Andhra Pradesh,60630.0,64017.37891,5.586968349,1973,8,214,Monsoon
311.81,309.09617212193166,2.713827878068344,2.713827878068344,INDOFLOODS-gauge-29,311.81,4.153273433,9.634790089,18.73880422,23.16394441,24.98979191,27.28562366,31.556094800000004,40.07665887,55.89034084,64.71478223,6,572100.6875,386962.3438,64017.37891,1487,389954.0938,1413298.5,1.478440166,0.420989156,0.003813269,3.59e-11,0.402754098,2.375358105,0.000763462,0.000163947,1.586924195,1.467097521,0.40479821,842,1.69e-08,0.000102806,2.76e-12,0.243788987,842,185.0,43.0,6.0,2.0,5508303.5,2695714.25,1311469.25,395859.9375,518155.375,6541.928223,14571.42871,30499.28516,65976.65625,259077.6875,0.489391029,0.486501575,0.301844627,1.308936119,4.551351547,4.302325726,7.166666508,3.0,25.396463,10.744284,55.465841,216.506056,35.851981,16.477877,19.374105,24.693599,25.220489,28.579781,23.129677,888.817316,258.047852,0.793609,97.609813,560.207341,5.966491,115.514914,90.523868,Arid,147827041.1,107228676.9,74716707.76,51375685.83,36591464.57,26972694.47,5127.34196,6669.091987,3802.856923,2801.004372,2177.24826,1766.342233,1.970453,360.825806,6.278768378,0.647867447,0.697016051,0.598718907,0.55180436,0.513825909,0.478081515,15478840.0,240.313451,Cropland,Vertisols,Metamorphics,15.9483,77.4264,Krishna,Andhra Pradesh,60630.0,64017.37891,5.586968349,1997,8,221,Monsoon
248.97,251.6069549161525,-2.63695491615249,2.63695491615249,INDOFLOODS-gauge-562,248.97,14.45642516,30.82465152,37.89773312,48.45942932,75.15980982,79.01755039,81.91885001,84.65145589,92.89217805,99.65320951,5,176802.8281,110943.6875,8086.739746,876,112618.3438,537532.3125,1.593626738,0.637610137,0.007778484,3.5e-10,0.351701468,1.568356514,0.000267891,0.000188917,1.698200941,1.569929242,0.328915715,100,1.78e-08,9.43e-05,3.36e-12,0.16549097,100,30.0,10.0,3.0,1.0,743131.4375,388686.7813,271471.0938,82725.88281,41704.44531,7431.314453,12956.22559,27147.10938,27575.29492,41704.44531,0.523039103,0.698431492,0.304731816,0.504128158,3.333333254,3.0,3.333333254,3.0,26.895902,12.97327,45.244165,424.326837,42.208971,13.542206,28.666765,26.430209,26.362461,32.838649,21.954322,857.720392,247.961176,5.181176,124.347622,618.163039,21.476961,151.119216,28.412549,Arid,265317938.8,191820327.1,131007921.2,88571291.54,75604739.54,52615017.97,6739.4337,8765.92635,4927.736971,3599.317474,3429.305784,2706.360197,2.108957,385.398058,5.935682518,0.701748745,0.754984911,0.648512714,0.597696408,0.556559369,0.517842189,2620181.0,320.350613,Cropland,Vertisols,Unconsolidated sediments,20.8742,76.9897,Tapi,Maharashtra,9500.0,8086.739745999999,14.87642373,1983,8,224,Monsoon
311.73,309.09617212193166,2.6338278780683595,2.6338278780683595,INDOFLOODS-gauge-29,311.73,30.42761874,51.71384379,68.36604009999999,79.00544906,81.49230437,85.48641639,120.3760476,122.06467990000002,122.94544779999998,124.7498173,6,572100.6875,386962.3438,64017.37891,1487,389954.0938,1413298.5,1.478440166,0.420989156,0.003813269,3.59e-11,0.402754098,2.375358105,0.000763462,0.000163947,1.586924195,1.467097521,0.40479821,842,1.69e-08,0.000102806,2.76e-12,0.243788987,842,185.0,43.0,6.0,2.0,5508303.5,2695714.25,1311469.25,395859.9375,518155.375,6541.928223,14571.42871,30499.28516,65976.65625,259077.6875,0.489391029,0.486501575,0.301844627,1.308936119,4.551351547,4.302325726,7.166666508,3.0,25.396463,10.744284,55.465841,216.506056,35.851981,16.477877,19.374105,24.693599,25.220489,28.579781,23.129677,888.817316,258.047852,0.793609,97.609813,560.207341,5.966491,115.514914,90.523868,Arid,147827041.1,107228676.9,74716707.76,51375685.83,36591464.57,26972694.47,5127.34196,6669.091987,3802.856923,2801.004372,2177.24826,1766.342233,1.970453,360.825806,6.278768378,0.647867447,0.697016051,0.598718907,0.55180436,0.513825909,0.478081515,15478840.0,240.313451,Cropland,Vertisols,Metamorphics,15.9483,77.4264,Krishna,Andhra Pradesh,60630.0,64017.37891,5.586968349,2005,10,288,Post-Monsoon
311.71,309.09617212193166,2.613827878068321,2.613827878068321,INDOFLOODS-gauge-29,311.71,10.18256639,23.72870806,33.55169188,39.14794984,52.13766989,55.64188543,57.71725744,61.51789951,65.73250515,70.52801602,6,572100.6875,386962.3438,64017.37891,1487,389954.0938,1413298.5,1.478440166,0.420989156,0.003813269,3.59e-11,0.402754098,2.375358105,0.000763462,0.000163947,1.586924195,1.467097521,0.40479821,842,1.69e-08,0.000102806,2.76e-12,0.243788987,842,185.0,43.0,6.0,2.0,5508303.5,2695714.25,1311469.25,395859.9375,518155.375,6541.928223,14571.42871,30499.28516,65976.65625,259077.6875,0.489391029,0.486501575,0.301844627,1.308936119,4.551351547,4.302325726,7.166666508,3.0,25.396463,10.744284,55.465841,216.506056,35.851981,16.477877,19.374105,24.693599,25.220489,28.579781,23.129677,888.817316,258.047852,0.793609,97.609813,560.207341,5.966491,115.514914,90.523868,Arid,147827041.1,107228676.9,74716707.76,51375685.83,36591464.57,26972694.47,5127.34196,6669.091987,3802.856923,2801.004372,2177.24826,1766.342233,1.970453,360.825806,6.278768378,0.647867447,0.697016051,0.598718907,0.55180436,0.513825909,0.478081515,15478840.0,240.313451,Cropland,Vertisols,Metamorphics,15.9483,77.4264,Krishna,Andhra Pradesh,60630.0,64017.37891,5.586968349,1974,9,261,Monsoon
51.66,54.26036652746363,-2.6003665274636347,2.6003665274636347,INDOFLOODS-gauge-727,51.66,33.01966504,51.2668825,61.61391376,77.57398748,106.47036570000002,122.3949962,132.584109,148.2595698,183.3490194,203.3862744,5,299233.9688,197610.7969,15817.27246,855,214999.8438,791043.3125,1.514259219,0.34218055,0.003976747,1.31e-10,0.317644209,2.922433853,0.000360284,0.000161105,1.786922455,1.391786933,0.3782776,221,1.8e-08,0.000111842,2.9e-12,0.137744978,221,49.0,11.0,3.0,1.0,1242388.0,627367.75,320452.1875,220217.875,137819.7344,5621.665039,12803.42383,29132.01758,73405.96094,137819.7344,0.504969239,0.510788441,0.687209785,0.625833571,4.510204315,4.454545498,3.666666746,3.0,25.485867,10.932116,41.317706,452.788941,38.112799,11.646607,26.466192,27.292398,19.496046,30.716512,19.417195,1325.628607,327.996338,2.541945,113.683523,892.827023,25.938827,277.608265,35.533086,Tropical,101800486.9,73265401.7,48370070.6,38351752.52,29301454.23,25161597.27,2234.119033,2905.900414,1586.975679,1347.608777,1148.777431,1112.978682,4.446749,247.128713,26.28990509,0.480844911,0.517322809,0.444367041,0.409547208,0.381359775,0.354830395,6980017.0,439.195862,Cropland,Luvisols,Metamorphics,22.2197,86.7167,Subarnarekha,Odisha,16000.0,15817.27246,1.142047125,2004,8,234,Monsoon
51.72,54.26036652746363,-2.5403665274636325,2.5403665274636325,INDOFLOODS-gauge-727,51.72,39.64157154,81.91338906,103.18562,113.31388590000002,128.6727913,149.7811801,176.9892677,222.6589461,249.7538894,250.9563281,5,299233.9688,197610.7969,15817.27246,855,214999.8438,791043.3125,1.514259219,0.34218055,0.003976747,1.31e-10,0.317644209,2.922433853,0.000360284,0.000161105,1.786922455,1.391786933,0.3782776,221,1.8e-08,0.000111842,2.9e-12,0.137744978,221,49.0,11.0,3.0,1.0,1242388.0,627367.75,320452.1875,220217.875,137819.7344,5621.665039,12803.42383,29132.01758,73405.96094,137819.7344,0.504969239,0.510788441,0.687209785,0.625833571,4.510204315,4.454545498,3.666666746,3.0,25.485867,10.932116,41.317706,452.788941,38.112799,11.646607,26.466192,27.292398,19.496046,30.716512,19.417195,1325.628607,327.996338,2.541945,113.683523,892.827023,25.938827,277.608265,35.533086,Tropical,101800486.9,73265401.7,48370070.6,38351752.52,29301454.23,25161597.27,2234.119033,2905.900414,1586.975679,1347.608777,1148.777431,1112.978682,4.446749,247.128713,26.28990509,0.480844911,0.517322809,0.444367041,0.409547208,0.381359775,0.354830395,6980017.0,439.195862,Cropland,Luvisols,Metamorphics,22.2197,86.7167,Subarnarekha,Odisha,16000.0,15817.27246,1.142047125,2011,9,266,Monsoon
311.63,309.09617212193166,2.5338278780683368,2.5338278780683368,INDOFLOODS-gauge-29,311.63,4.151817175,11.54743807,19.53120634,26.87409749,31.57239349,37.81074829999999,45.56203705,59.17669107,64.13287048,67.09117351,6,572100.6875,386962.3438,64017.37891,1487,389954.0938,1413298.5,1.478440166,0.420989156,0.003813269,3.59e-11,0.402754098,2.375358105,0.000763462,0.000163947,1.586924195,1.467097521,0.40479821,842,1.69e-08,0.000102806,2.76e-12,0.243788987,842,185.0,43.0,6.0,2.0,5508303.5,2695714.25,1311469.25,395859.9375,518155.375,6541.928223,14571.42871,30499.28516,65976.65625,259077.6875,0.489391029,0.486501575,0.301844627,1.308936119,4.551351547,4.302325726,7.166666508,3.0,25.396463,10.744284,55.465841,216.506056,35.851981,16.477877,19.374105,24.693599,25.220489,28.579781,23.129677,888.817316,258.047852,0.793609,97.609813,560.207341,5.966491,115.514914,90.523868,Arid,147827041.1,107228676.9,74716707.76,51375685.83,36591464.57,26972694.47,5127.34196,6669.091987,3802.856923,2801.004372,2177.24826,1766.342233,1.970453,360.825806,6.278768378,0.647867447,0.697016051,0.598718907,0.55180436,0.513825909,0.478081515,15478840.0,240.313451,Cropland,Vertisols,Metamorphics,15.9483,77.4264,Krishna,Andhra Pradesh,60630.0,64017.37891,5.586968349,2006,8,231,Monsoon
311.6,309.09617212193166,2.503827878068364,2.503827878068364,INDOFLOODS-gauge-29,311.6,8.000426282000001,17.6059475,30.32534179,39.77712012,50.75945439,61.25278539999999,69.35385034,87.00840276,107.28415459999998,130.6291831,6,572100.6875,386962.3438,64017.37891,1487,389954.0938,1413298.5,1.478440166,0.420989156,0.003813269,3.59e-11,0.402754098,2.375358105,0.000763462,0.000163947,1.586924195,1.467097521,0.40479821,842,1.69e-08,0.000102806,2.76e-12,0.243788987,842,185.0,43.0,6.0,2.0,5508303.5,2695714.25,1311469.25,395859.9375,518155.375,6541.928223,14571.42871,30499.28516,65976.65625,259077.6875,0.489391029,0.486501575,0.301844627,1.308936119,4.551351547,4.302325726,7.166666508,3.0,25.396463,10.744284,55.465841,216.506056,35.851981,16.477877,19.374105,24.693599,25.220489,28.579781,23.129677,888.817316,258.047852,0.793609,97.609813,560.207341,5.966491,115.514914,90.523868,Arid,147827041.1,107228676.9,74716707.76,51375685.83,36591464.57,26972694.47,5127.34196,6669.091987,3802.856923,2801.004372,2177.24826,1766.342233,1.970453,360.825806,6.278768378,0.647867447,0.697016051,0.598718907,0.55180436,0.513825909,0.478081515,15478840.0,240.313451,Cropland,Vertisols,Metamorphics,15.9483,77.4264,Krishna,Andhra Pradesh,60630.0,64017.37891,5.586968349,2005,8,216,Monsoon
11.73,9.236072075527984,2.4939279244720165,2.4939279244720165,INDOFLOODS-gauge-429,11.73,0.020020678,0.020020678,0.020020678,0.020020678,0.020020678,0.034154514,0.034167975,0.035961278,0.134690938,0.381308286,3,71464.60938,57389.75391,813.0768433,1737,59878.34375,179882.2656,1.245250344,0.226773366,0.029008819,2.08e-09,0.31576556,4.40968895,8.34e-05,0.000140846,1.792230129,1.193496704,0.397285461,12,1.84e-08,0.000130983,2.6e-12,0.244649813,12,2.0,1.0,,,39029.13281,26071.5332,49418.10547,,,3252.427734,13035.7666,49418.10547,,,0.668001831,1.895481348,,,6.0,2.0,,,25.9632,7.673909,66.263042,103.314341,31.850515,20.265773,11.584742,25.615808,25.580189,27.495567,24.874742,2200.758763,381.073196,31.23299,61.751439,957.151546,144.071134,405.985567,331.583505,Tropical,243670159.1,178374575.0,122525667.4,80005322.33,51122901.3,36064275.01,6329.4634,8232.682,4635.839,3245.9465,2198.1104,1649.214,3.822601,412.777778,23.02158273,0.9958371,1.0,0.9202909,0.8481785,0.7898019,0.7348591,320795.9252,389.294534,No dominant class,Acrisols,Acid plutonic rocks,9.22,76.71,West Flowing Rivers From Tadri to Kanyakumari,Kerala,810.0,813.0768433,0.3798571979999999,2018,1,1,Winter
311.54,309.09617212193166,2.4438278780683618,2.4438278780683618,INDOFLOODS-gauge-29,311.54,5.579894623,10.21371671,18.77357702,26.18201018,36.46897484,56.53906632,68.45432056,73.60791957,77.16757793,86.40459479,6,572100.6875,386962.3438,64017.37891,1487,389954.0938,1413298.5,1.478440166,0.420989156,0.003813269,3.59e-11,0.402754098,2.375358105,0.000763462,0.000163947,1.586924195,1.467097521,0.40479821,842,1.69e-08,0.000102806,2.76e-12,0.243788987,842,185.0,43.0,6.0,2.0,5508303.5,2695714.25,1311469.25,395859.9375,518155.375,6541.928223,14571.42871,30499.28516,65976.65625,259077.6875,0.489391029,0.486501575,0.301844627,1.308936119,4.551351547,4.302325726,7.166666508,3.0,25.396463,10.744284,55.465841,216.506056,35.851981,16.477877,19.374105,24.693599,25.220489,28.579781,23.129677,888.817316,258.047852,0.793609,97.609813,560.207341,5.966491,115.514914,90.523868,Arid,147827041.1,107228676.9,74716707.76,51375685.83,36591464.57,26972694.47,5127.34196,6669.091987,3802.856923,2801.004372,2177.24826,1766.342233,1.970453,360.825806,6.278768378,0.647867447,0.697016051,0.598718907,0.55180436,0.513825909,0.478081515,15478840.0,240.313451,Cropland,Vertisols,Metamorphics,15.9483,77.4264,Krishna,Andhra Pradesh,60630.0,64017.37891,5.586968349,1992,8,230,Monsoon
311.54,309.09617212193166,2.4438278780683618,2.4438278780683618,INDOFLOODS-gauge-29,311.54,7.765918387,24.22608192,34.97602019,41.56672141,50.768494,72.46216377,78.81938364,82.81897811,90.58914804,96.07244615,6,572100.6875,386962.3438,64017.37891,1487,389954.0938,1413298.5,1.478440166,0.420989156,0.003813269,3.59e-11,0.402754098,2.375358105,0.000763462,0.000163947,1.586924195,1.467097521,0.40479821,842,1.69e-08,0.000102806,2.76e-12,0.243788987,842,185.0,43.0,6.0,2.0,5508303.5,2695714.25,1311469.25,395859.9375,518155.375,6541.928223,14571.42871,30499.28516,65976.65625,259077.6875,0.489391029,0.486501575,0.301844627,1.308936119,4.551351547,4.302325726,7.166666508,3.0,25.396463,10.744284,55.465841,216.506056,35.851981,16.477877,19.374105,24.693599,25.220489,28.579781,23.129677,888.817316,258.047852,0.793609,97.609813,560.207341,5.966491,115.514914,90.523868,Arid,147827041.1,107228676.9,74716707.76,51375685.83,36591464.57,26972694.47,5127.34196,6669.091987,3802.856923,2801.004372,2177.24826,1766.342233,1.970453,360.825806,6.278768378,0.647867447,0.697016051,0.598718907,0.55180436,0.513825909,0.478081515,15478840.0,240.313451,Cropland,Vertisols,Metamorphics,15.9483,77.4264,Krishna,Andhra Pradesh,60630.0,64017.37891,5.586968349,1998,10,285,Post-Monsoon
311.54,309.09617212193166,2.4438278780683618,2.4438278780683618,INDOFLOODS-gauge-29,311.54,10.17675138,12.7911221,18.7224883,24.86772144,26.56991407,27.88401898,29.68477818,33.75858937,49.49438031,85.09748536,6,572100.6875,386962.3438,64017.37891,1487,389954.0938,1413298.5,1.478440166,0.420989156,0.003813269,3.59e-11,0.402754098,2.375358105,0.000763462,0.000163947,1.586924195,1.467097521,0.40479821,842,1.69e-08,0.000102806,2.76e-12,0.243788987,842,185.0,43.0,6.0,2.0,5508303.5,2695714.25,1311469.25,395859.9375,518155.375,6541.928223,14571.42871,30499.28516,65976.65625,259077.6875,0.489391029,0.486501575,0.301844627,1.308936119,4.551351547,4.302325726,7.166666508,3.0,25.396463,10.744284,55.465841,216.506056,35.851981,16.477877,19.374105,24.693599,25.220489,28.579781,23.129677,888.817316,258.047852,0.793609,97.609813,560.207341,5.966491,115.514914,90.523868,Arid,147827041.1,107228676.9,74716707.76,51375685.83,36591464.57,26972694.47,5127.34196,6669.091987,3802.856923,2801.004372,2177.24826,1766.342233,1.970453,360.825806,6.278768378,0.647867447,0.697016051,0.598718907,0.55180436,0.513825909,0.478081515,15478840.0,240.313451,Cropland,Vertisols,Metamorphics,15.9483,77.4264,Krishna,Andhra Pradesh,60630.0,64017.37891,5.586968349,1974,10,279,Post-Monsoon
249.19,251.6069549161525,-2.4169549161524917,2.4169549161524917,INDOFLOODS-gauge-562,249.19,20.64710832,66.22559532,83.86279315,90.24859711,107.1739632,113.2804026,127.1619503,143.5294907,151.4565041,169.5215065,5,176802.8281,110943.6875,8086.739746,876,112618.3438,537532.3125,1.593626738,0.637610137,0.007778484,3.5e-10,0.351701468,1.568356514,0.000267891,0.000188917,1.698200941,1.569929242,0.328915715,100,1.78e-08,9.43e-05,3.36e-12,0.16549097,100,30.0,10.0,3.0,1.0,743131.4375,388686.7813,271471.0938,82725.88281,41704.44531,7431.314453,12956.22559,27147.10938,27575.29492,41704.44531,0.523039103,0.698431492,0.304731816,0.504128158,3.333333254,3.0,3.333333254,3.0,26.895902,12.97327,45.244165,424.326837,42.208971,13.542206,28.666765,26.430209,26.362461,32.838649,21.954322,857.720392,247.961176,5.181176,124.347622,618.163039,21.476961,151.119216,28.412549,Arid,265317938.8,191820327.1,131007921.2,88571291.54,75604739.54,52615017.97,6739.4337,8765.92635,4927.736971,3599.317474,3429.305784,2706.360197,2.108957,385.398058,5.935682518,0.701748745,0.754984911,0.648512714,0.597696408,0.556559369,0.517842189,2620181.0,320.350613,Cropland,Vertisols,Unconsolidated sediments,20.8742,76.9897,Tapi,Maharashtra,9500.0,8086.739745999999,14.87642373,2013,8,214,Monsoon
311.45,309.09617212193166,2.35382787806833,2.35382787806833,INDOFLOODS-gauge-29,311.45,9.125711427,16.38172852,36.52486105,43.27569545,47.42447070000001,47.56422050000001,47.62497033,47.77533038,48.60687585,49.86410621,6,572100.6875,386962.3438,64017.37891,1487,389954.0938,1413298.5,1.478440166,0.420989156,0.003813269,3.59e-11,0.402754098,2.375358105,0.000763462,0.000163947,1.586924195,1.467097521,0.40479821,842,1.69e-08,0.000102806,2.76e-12,0.243788987,842,185.0,43.0,6.0,2.0,5508303.5,2695714.25,1311469.25,395859.9375,518155.375,6541.928223,14571.42871,30499.28516,65976.65625,259077.6875,0.489391029,0.486501575,0.301844627,1.308936119,4.551351547,4.302325726,7.166666508,3.0,25.396463,10.744284,55.465841,216.506056,35.851981,16.477877,19.374105,24.693599,25.220489,28.579781,23.129677,888.817316,258.047852,0.793609,97.609813,560.207341,5.966491,115.514914,90.523868,Arid,147827041.1,107228676.9,74716707.76,51375685.83,36591464.57,26972694.47,5127.34196,6669.091987,3802.856923,2801.004372,2177.24826,1766.342233,1.970453,360.825806,6.278768378,0.647867447,0.697016051,0.598718907,0.55180436,0.513825909,0.478081515,15478840.0,240.313451,Cropland,Vertisols,Metamorphics,15.9483,77.4264,Krishna,Andhra Pradesh,60630.0,64017.37891,5.586968349,1979,9,256,Monsoon
311.45,309.09617212193166,2.35382787806833,2.35382787806833,INDOFLOODS-gauge-29,311.45,12.275233300000002,25.48131649,39.63216202,49.93736854,55.15554411,62.63251067,70.28257068,78.19553887,87.13310178,97.60041497,6,572100.6875,386962.3438,64017.37891,1487,389954.0938,1413298.5,1.478440166,0.420989156,0.003813269,3.59e-11,0.402754098,2.375358105,0.000763462,0.000163947,1.586924195,1.467097521,0.40479821,842,1.69e-08,0.000102806,2.76e-12,0.243788987,842,185.0,43.0,6.0,2.0,5508303.5,2695714.25,1311469.25,395859.9375,518155.375,6541.928223,14571.42871,30499.28516,65976.65625,259077.6875,0.489391029,0.486501575,0.301844627,1.308936119,4.551351547,4.302325726,7.166666508,3.0,25.396463,10.744284,55.465841,216.506056,35.851981,16.477877,19.374105,24.693599,25.220489,28.579781,23.129677,888.817316,258.047852,0.793609,97.609813,560.207341,5.966491,115.514914,90.523868,Arid,147827041.1,107228676.9,74716707.76,51375685.83,36591464.57,26972694.47,5127.34196,6669.091987,3802.856923,2801.004372,2177.24826,1766.342233,1.970453,360.825806,6.278768378,0.647867447,0.697016051,0.598718907,0.55180436,0.513825909,0.478081515,15478840.0,240.313451,Cropland,Vertisols,Metamorphics,15.9483,77.4264,Krishna,Andhra Pradesh,60630.0,64017.37891,5.586968349,1991,7,211,Monsoon
249.28,251.6069549161525,-2.326954916152488,2.326954916152488,INDOFLOODS-gauge-562,249.28,27.95486797,46.96932581,50.63614252,56.90835504,61.790455,64.97861607,80.16991159,100.0491886,105.1711241,111.9948909,5,176802.8281,110943.6875,8086.739746,876,112618.3438,537532.3125,1.593626738,0.637610137,0.007778484,3.5e-10,0.351701468,1.568356514,0.000267891,0.000188917,1.698200941,1.569929242,0.328915715,100,1.78e-08,9.43e-05,3.36e-12,0.16549097,100,30.0,10.0,3.0,1.0,743131.4375,388686.7813,271471.0938,82725.88281,41704.44531,7431.314453,12956.22559,27147.10938,27575.29492,41704.44531,0.523039103,0.698431492,0.304731816,0.504128158,3.333333254,3.0,3.333333254,3.0,26.895902,12.97327,45.244165,424.326837,42.208971,13.542206,28.666765,26.430209,26.362461,32.838649,21.954322,857.720392,247.961176,5.181176,124.347622,618.163039,21.476961,151.119216,28.412549,Arid,265317938.8,191820327.1,131007921.2,88571291.54,75604739.54,52615017.97,6739.4337,8765.92635,4927.736971,3599.317474,3429.305784,2706.360197,2.108957,385.398058,5.935682518,0.701748745,0.754984911,0.648512714,0.597696408,0.556559369,0.517842189,2620181.0,320.350613,Cropland,Vertisols,Unconsolidated sediments,20.8742,76.9897,Tapi,Maharashtra,9500.0,8086.739745999999,14.87642373,1999,8,222,Monsoon
311.39,309.09617212193166,2.293827878068328,2.293827878068328,INDOFLOODS-gauge-29,311.39,17.17632789,36.19442815,52.65830434,66.25660625,79.94407217,92.08602429,101.971319,106.0331178,111.3247317,115.9121408,6,572100.6875,386962.3438,64017.37891,1487,389954.0938,1413298.5,1.478440166,0.420989156,0.003813269,3.59e-11,0.402754098,2.375358105,0.000763462,0.000163947,1.586924195,1.467097521,0.40479821,842,1.69e-08,0.000102806,2.76e-12,0.243788987,842,185.0,43.0,6.0,2.0,5508303.5,2695714.25,1311469.25,395859.9375,518155.375,6541.928223,14571.42871,30499.28516,65976.65625,259077.6875,0.489391029,0.486501575,0.301844627,1.308936119,4.551351547,4.302325726,7.166666508,3.0,25.396463,10.744284,55.465841,216.506056,35.851981,16.477877,19.374105,24.693599,25.220489,28.579781,23.129677,888.817316,258.047852,0.793609,97.609813,560.207341,5.966491,115.514914,90.523868,Arid,147827041.1,107228676.9,74716707.76,51375685.83,36591464.57,26972694.47,5127.34196,6669.091987,3802.856923,2801.004372,2177.24826,1766.342233,1.970453,360.825806,6.278768378,0.647867447,0.697016051,0.598718907,0.55180436,0.513825909,0.478081515,15478840.0,240.313451,Cropland,Vertisols,Metamorphics,15.9483,77.4264,Krishna,Andhra Pradesh,60630.0,64017.37891,5.586968349,2013,7,206,Monsoon
311.38,309.09617212193166,2.2838278780683368,2.2838278780683368,INDOFLOODS-gauge-29,311.38,20.29145002,39.43371444,43.43539706,52.11903443,58.18750355,58.47850119,58.80840913,60.11824875,62.42918936,74.94870626,6,572100.6875,386962.3438,64017.37891,1487,389954.0938,1413298.5,1.478440166,0.420989156,0.003813269,3.59e-11,0.402754098,2.375358105,0.000763462,0.000163947,1.586924195,1.467097521,0.40479821,842,1.69e-08,0.000102806,2.76e-12,0.243788987,842,185.0,43.0,6.0,2.0,5508303.5,2695714.25,1311469.25,395859.9375,518155.375,6541.928223,14571.42871,30499.28516,65976.65625,259077.6875,0.489391029,0.486501575,0.301844627,1.308936119,4.551351547,4.302325726,7.166666508,3.0,25.396463,10.744284,55.465841,216.506056,35.851981,16.477877,19.374105,24.693599,25.220489,28.579781,23.129677,888.817316,258.047852,0.793609,97.609813,560.207341,5.966491,115.514914,90.523868,Arid,147827041.1,107228676.9,74716707.76,51375685.83,36591464.57,26972694.47,5127.34196,6669.091987,3802.856923,2801.004372,2177.24826,1766.342233,1.970453,360.825806,6.278768378,0.647867447,0.697016051,0.598718907,0.55180436,0.513825909,0.478081515,15478840.0,240.313451,Cropland,Vertisols,Metamorphics,15.9483,77.4264,Krishna,Andhra Pradesh,60630.0,64017.37891,5.586968349,1996,9,250,Monsoon
311.38,309.09617212193166,2.2838278780683368,2.2838278780683368,INDOFLOODS-gauge-29,311.38,11.91407484,38.13859153,47.10578203,54.06537914,57.76898248,64.29690247,69.47945988,76.66372592,104.510591,123.82352790000002,6,572100.6875,386962.3438,64017.37891,1487,389954.0938,1413298.5,1.478440166,0.420989156,0.003813269,3.59e-11,0.402754098,2.375358105,0.000763462,0.000163947,1.586924195,1.467097521,0.40479821,842,1.69e-08,0.000102806,2.76e-12,0.243788987,842,185.0,43.0,6.0,2.0,5508303.5,2695714.25,1311469.25,395859.9375,518155.375,6541.928223,14571.42871,30499.28516,65976.65625,259077.6875,0.489391029,0.486501575,0.301844627,1.308936119,4.551351547,4.302325726,7.166666508,3.0,25.396463,10.744284,55.465841,216.506056,35.851981,16.477877,19.374105,24.693599,25.220489,28.579781,23.129677,888.817316,258.047852,0.793609,97.609813,560.207341,5.966491,115.514914,90.523868,Arid,147827041.1,107228676.9,74716707.76,51375685.83,36591464.57,26972694.47,5127.34196,6669.091987,3802.856923,2801.004372,2177.24826,1766.342233,1.970453,360.825806,6.278768378,0.647867447,0.697016051,0.598718907,0.55180436,0.513825909,0.478081515,15478840.0,240.313451,Cropland,Vertisols,Metamorphics,15.9483,77.4264,Krishna,Andhra Pradesh,60630.0,64017.37891,5.586968349,1993,10,292,Post-Monsoon
311.33,309.09617212193166,2.2338278780683254,2.2338278780683254,INDOFLOODS-gauge-29,311.33,19.49800396,40.54782522,44.94166786,45.1901918,45.3402504,46.00401743,48.39606287,54.15523760000001,69.78150341,85.09041574,6,572100.6875,386962.3438,64017.37891,1487,389954.0938,1413298.5,1.478440166,0.420989156,0.003813269,3.59e-11,0.402754098,2.375358105,0.000763462,0.000163947,1.586924195,1.467097521,0.40479821,842,1.69e-08,0.000102806,2.76e-12,0.243788987,842,185.0,43.0,6.0,2.0,5508303.5,2695714.25,1311469.25,395859.9375,518155.375,6541.928223,14571.42871,30499.28516,65976.65625,259077.6875,0.489391029,0.486501575,0.301844627,1.308936119,4.551351547,4.302325726,7.166666508,3.0,25.396463,10.744284,55.465841,216.506056,35.851981,16.477877,19.374105,24.693599,25.220489,28.579781,23.129677,888.817316,258.047852,0.793609,97.609813,560.207341,5.966491,115.514914,90.523868,Arid,147827041.1,107228676.9,74716707.76,51375685.83,36591464.57,26972694.47,5127.34196,6669.091987,3802.856923,2801.004372,2177.24826,1766.342233,1.970453,360.825806,6.278768378,0.647867447,0.697016051,0.598718907,0.55180436,0.513825909,0.478081515,15478840.0,240.313451,Cropland,Vertisols,Metamorphics,15.9483,77.4264,Krishna,Andhra Pradesh,60630.0,64017.37891,5.586968349,2001,10,281,Post-Monsoon
311.29,309.09617212193166,2.1938278780683618,2.1938278780683618,INDOFLOODS-gauge-29,311.29,5.561466721,17.91458939,30.36836225,41.53214066,50.62054546,63.11645771,77.60026278,88.1529184,94.09152265,98.74053646,6,572100.6875,386962.3438,64017.37891,1487,389954.0938,1413298.5,1.478440166,0.420989156,0.003813269,3.59e-11,0.402754098,2.375358105,0.000763462,0.000163947,1.586924195,1.467097521,0.40479821,842,1.69e-08,0.000102806,2.76e-12,0.243788987,842,185.0,43.0,6.0,2.0,5508303.5,2695714.25,1311469.25,395859.9375,518155.375,6541.928223,14571.42871,30499.28516,65976.65625,259077.6875,0.489391029,0.486501575,0.301844627,1.308936119,4.551351547,4.302325726,7.166666508,3.0,25.396463,10.744284,55.465841,216.506056,35.851981,16.477877,19.374105,24.693599,25.220489,28.579781,23.129677,888.817316,258.047852,0.793609,97.609813,560.207341,5.966491,115.514914,90.523868,Arid,147827041.1,107228676.9,74716707.76,51375685.83,36591464.57,26972694.47,5127.34196,6669.091987,3802.856923,2801.004372,2177.24826,1766.342233,1.970453,360.825806,6.278768378,0.647867447,0.697016051,0.598718907,0.55180436,0.513825909,0.478081515,15478840.0,240.313451,Cropland,Vertisols,Metamorphics,15.9483,77.4264,Krishna,Andhra Pradesh,60630.0,64017.37891,5.586968349,1978,7,200,Monsoon
311.25,309.09617212193166,2.1538278780683413,2.1538278780683413,INDOFLOODS-gauge-29,311.25,19.31293689,40.15624294,44.75484493,46.31222631,48.92070284,72.07795392,96.94518982,109.0868108,115.9811233,128.0676071,6,572100.6875,386962.3438,64017.37891,1487,389954.0938,1413298.5,1.478440166,0.420989156,0.003813269,3.59e-11,0.402754098,2.375358105,0.000763462,0.000163947,1.586924195,1.467097521,0.40479821,842,1.69e-08,0.000102806,2.76e-12,0.243788987,842,185.0,43.0,6.0,2.0,5508303.5,2695714.25,1311469.25,395859.9375,518155.375,6541.928223,14571.42871,30499.28516,65976.65625,259077.6875,0.489391029,0.486501575,0.301844627,1.308936119,4.551351547,4.302325726,7.166666508,3.0,25.396463,10.744284,55.465841,216.506056,35.851981,16.477877,19.374105,24.693599,25.220489,28.579781,23.129677,888.817316,258.047852,0.793609,97.609813,560.207341,5.966491,115.514914,90.523868,Arid,147827041.1,107228676.9,74716707.76,51375685.83,36591464.57,26972694.47,5127.34196,6669.091987,3802.856923,2801.004372,2177.24826,1766.342233,1.970453,360.825806,6.278768378,0.647867447,0.697016051,0.598718907,0.55180436,0.513825909,0.478081515,15478840.0,240.313451,Cropland,Vertisols,Metamorphics,15.9483,77.4264,Krishna,Andhra Pradesh,60630.0,64017.37891,5.586968349,1993,10,283,Post-Monsoon
12.44,10.321809412763274,2.1181905872367253,2.1181905872367253,INDOFLOODS-gauge-1085,12.44,6.1197656810000005,36.5610334,96.84848836,118.05542859999998,136.63207869999997,142.58185690000005,151.71140309999996,175.5630873,190.7179426,215.5902568,5,463678.7188,330162.8125,21904.48242,1204,341410.3438,1098149.25,1.40439415,0.18792288,0.003526548,7.02e-11,0.228254899,5.321331978,0.000363339,0.000161826,2.107978106,1.358127356,0.422236532,315,1.82e-08,0.000112562,2.95e-12,0.1948383,315,67.0,13.0,3.0,1.0,1756620.375,817386.5,396399.9375,274903.0313,299401.1875,5576.572754,12199.79883,30492.30273,91634.34375,299401.1875,0.465317667,0.484960228,0.693499207,1.08911562,4.70149231,5.153846264,4.333333492,3.0,25.324364,11.317986,40.461182,493.632095,38.792319,10.797642,27.994677,27.586145,18.959131,31.029907,18.706263,1213.55461,306.451879,3.037624,115.792655,829.954574,26.053865,236.935106,34.614645,Tropical,193803869.7,139464558.5,95072538.82,76975155.1,55169759.77,46898096.51,2346.516734,3052.095218,1713.25437,1511.417903,1239.699602,1215.136213,7.762763,433.032258,42.26073014,0.508558694,0.547139028,0.469978406,0.433151714,0.403339676,0.375281258,15777280.0,722.63754,Cropland,Luvisols,Metamorphics,22.8381,87.9031,Ganga - Brahmaputra -Meghna/Barak,West Bengal,21310.0,21904.48242,2.789687565,2015,8,216,Monsoon
249.5,251.6069549161525,-2.106954916152489,2.106954916152489,INDOFLOODS-gauge-562,249.5,14.32721693,37.34449947,44.18266825,47.84614202,59.68104690000001,83.06974955,89.34200467,92.5631089,93.06982186,94.02764357,5,176802.8281,110943.6875,8086.739746,876,112618.3438,537532.3125,1.593626738,0.637610137,0.007778484,3.5e-10,0.351701468,1.568356514,0.000267891,0.000188917,1.698200941,1.569929242,0.328915715,100,1.78e-08,9.43e-05,3.36e-12,0.16549097,100,30.0,10.0,3.0,1.0,743131.4375,388686.7813,271471.0938,82725.88281,41704.44531,7431.314453,12956.22559,27147.10938,27575.29492,41704.44531,0.523039103,0.698431492,0.304731816,0.504128158,3.333333254,3.0,3.333333254,3.0,26.895902,12.97327,45.244165,424.326837,42.208971,13.542206,28.666765,26.430209,26.362461,32.838649,21.954322,857.720392,247.961176,5.181176,124.347622,618.163039,21.476961,151.119216,28.412549,Arid,265317938.8,191820327.1,131007921.2,88571291.54,75604739.54,52615017.97,6739.4337,8765.92635,4927.736971,3599.317474,3429.305784,2706.360197,2.108957,385.398058,5.935682518,0.701748745,0.754984911,0.648512714,0.597696408,0.556559369,0.517842189,2620181.0,320.350613,Cropland,Vertisols,Unconsolidated sediments,20.8742,76.9897,Tapi,Maharashtra,9500.0,8086.739745999999,14.87642373,1994,9,244,Monsoon
311.18,309.09617212193166,2.083827878068348,2.083827878068348,INDOFLOODS-gauge-29,311.18,6.873001666,17.66729451,42.65387711,60.56796436,66.29782236,67.86764052,71.32644268,73.02096966,78.62435106,79.30719812,6,572100.6875,386962.3438,64017.37891,1487,389954.0938,1413298.5,1.478440166,0.420989156,0.003813269,3.59e-11,0.402754098,2.375358105,0.000763462,0.000163947,1.586924195,1.467097521,0.40479821,842,1.69e-08,0.000102806,2.76e-12,0.243788987,842,185.0,43.0,6.0,2.0,5508303.5,2695714.25,1311469.25,395859.9375,518155.375,6541.928223,14571.42871,30499.28516,65976.65625,259077.6875,0.489391029,0.486501575,0.301844627,1.308936119,4.551351547,4.302325726,7.166666508,3.0,25.396463,10.744284,55.465841,216.506056,35.851981,16.477877,19.374105,24.693599,25.220489,28.579781,23.129677,888.817316,258.047852,0.793609,97.609813,560.207341,5.966491,115.514914,90.523868,Arid,147827041.1,107228676.9,74716707.76,51375685.83,36591464.57,26972694.47,5127.34196,6669.091987,3802.856923,2801.004372,2177.24826,1766.342233,1.970453,360.825806,6.278768378,0.647867447,0.697016051,0.598718907,0.55180436,0.513825909,0.478081515,15478840.0,240.313451,Cropland,Vertisols,Metamorphics,15.9483,77.4264,Krishna,Andhra Pradesh,60630.0,64017.37891,5.586968349,1998,9,272,Monsoon
249.55,251.6069549161525,-2.0569549161524776,2.0569549161524776,INDOFLOODS-gauge-562,249.55,79.25515541,86.57422845,103.3508177,109.7400521,110.3764709,115.4612709,118.5094749,125.2191452,128.64656770000002,134.8981915,5,176802.8281,110943.6875,8086.739746,876,112618.3438,537532.3125,1.593626738,0.637610137,0.007778484,3.5e-10,0.351701468,1.568356514,0.000267891,0.000188917,1.698200941,1.569929242,0.328915715,100,1.78e-08,9.43e-05,3.36e-12,0.16549097,100,30.0,10.0,3.0,1.0,743131.4375,388686.7813,271471.0938,82725.88281,41704.44531,7431.314453,12956.22559,27147.10938,27575.29492,41704.44531,0.523039103,0.698431492,0.304731816,0.504128158,3.333333254,3.0,3.333333254,3.0,26.895902,12.97327,45.244165,424.326837,42.208971,13.542206,28.666765,26.430209,26.362461,32.838649,21.954322,857.720392,247.961176,5.181176,124.347622,618.163039,21.476961,151.119216,28.412549,Arid,265317938.8,191820327.1,131007921.2,88571291.54,75604739.54,52615017.97,6739.4337,8765.92635,4927.736971,3599.317474,3429.305784,2706.360197,2.108957,385.398058,5.935682518,0.701748745,0.754984911,0.648512714,0.597696408,0.556559369,0.517842189,2620181.0,320.350613,Cropland,Vertisols,Unconsolidated sediments,20.8742,76.9897,Tapi,Maharashtra,9500.0,8086.739745999999,14.87642373,2007,7,182,Monsoon
311.11,309.09617212193166,2.013827878068355,2.013827878068355,INDOFLOODS-gauge-29,311.11,8.912421647,12.83399772,20.1918612,27.93316367,33.5546569,35.94143204,37.86651808,40.3655149,46.69403578,51.2282271,6,572100.6875,386962.3438,64017.37891,1487,389954.0938,1413298.5,1.478440166,0.420989156,0.003813269,3.59e-11,0.402754098,2.375358105,0.000763462,0.000163947,1.586924195,1.467097521,0.40479821,842,1.69e-08,0.000102806,2.76e-12,0.243788987,842,185.0,43.0,6.0,2.0,5508303.5,2695714.25,1311469.25,395859.9375,518155.375,6541.928223,14571.42871,30499.28516,65976.65625,259077.6875,0.489391029,0.486501575,0.301844627,1.308936119,4.551351547,4.302325726,7.166666508,3.0,25.396463,10.744284,55.465841,216.506056,35.851981,16.477877,19.374105,24.693599,25.220489,28.579781,23.129677,888.817316,258.047852,0.793609,97.609813,560.207341,5.966491,115.514914,90.523868,Arid,147827041.1,107228676.9,74716707.76,51375685.83,36591464.57,26972694.47,5127.34196,6669.091987,3802.856923,2801.004372,2177.24826,1766.342233,1.970453,360.825806,6.278768378,0.647867447,0.697016051,0.598718907,0.55180436,0.513825909,0.478081515,15478840.0,240.313451,Cropland,Vertisols,Metamorphics,15.9483,77.4264,Krishna,Andhra Pradesh,60630.0,64017.37891,5.586968349,1991,8,229,Monsoon
12.3,10.321809412763274,1.9781905872367265,1.9781905872367265,INDOFLOODS-gauge-1085,12.3,6.461946218,27.12380382,58.33032097,58.86179333,66.44367373,112.0714288,155.3846028,173.9452542,185.0049227,196.427226,5,463678.7188,330162.8125,21904.48242,1204,341410.3438,1098149.25,1.40439415,0.18792288,0.003526548,7.02e-11,0.228254899,5.321331978,0.000363339,0.000161826,2.107978106,1.358127356,0.422236532,315,1.82e-08,0.000112562,2.95e-12,0.1948383,315,67.0,13.0,3.0,1.0,1756620.375,817386.5,396399.9375,274903.0313,299401.1875,5576.572754,12199.79883,30492.30273,91634.34375,299401.1875,0.465317667,0.484960228,0.693499207,1.08911562,4.70149231,5.153846264,4.333333492,3.0,25.324364,11.317986,40.461182,493.632095,38.792319,10.797642,27.994677,27.586145,18.959131,31.029907,18.706263,1213.55461,306.451879,3.037624,115.792655,829.954574,26.053865,236.935106,34.614645,Tropical,193803869.7,139464558.5,95072538.82,76975155.1,55169759.77,46898096.51,2346.516734,3052.095218,1713.25437,1511.417903,1239.699602,1215.136213,7.762763,433.032258,42.26073014,0.508558694,0.547139028,0.469978406,0.433151714,0.403339676,0.375281258,15777280.0,722.63754,Cropland,Luvisols,Metamorphics,22.8381,87.9031,Ganga - Brahmaputra -Meghna/Barak,West Bengal,21310.0,21904.48242,2.789687565,2016,8,237,Monsoon
249.67,251.6069549161525,-1.9369549161525013,1.9369549161525013,INDOFLOODS-gauge-562,249.67,33.38333660000001,69.37050841,83.46960278,90.10095343,99.48581647,109.7480145,121.6051626,134.86601409999997,141.7870764,149.5614429,5,176802.8281,110943.6875,8086.739746,876,112618.3438,537532.3125,1.593626738,0.637610137,0.007778484,3.5e-10,0.351701468,1.568356514,0.000267891,0.000188917,1.698200941,1.569929242,0.328915715,100,1.78e-08,9.43e-05,3.36e-12,0.16549097,100,30.0,10.0,3.0,1.0,743131.4375,388686.7813,271471.0938,82725.88281,41704.44531,7431.314453,12956.22559,27147.10938,27575.29492,41704.44531,0.523039103,0.698431492,0.304731816,0.504128158,3.333333254,3.0,3.333333254,3.0,26.895902,12.97327,45.244165,424.326837,42.208971,13.542206,28.666765,26.430209,26.362461,32.838649,21.954322,857.720392,247.961176,5.181176,124.347622,618.163039,21.476961,151.119216,28.412549,Arid,265317938.8,191820327.1,131007921.2,88571291.54,75604739.54,52615017.97,6739.4337,8765.92635,4927.736971,3599.317474,3429.305784,2706.360197,2.108957,385.398058,5.935682518,0.701748745,0.754984911,0.648512714,0.597696408,0.556559369,0.517842189,2620181.0,320.350613,Cropland,Vertisols,Unconsolidated sediments,20.8742,76.9897,Tapi,Maharashtra,9500.0,8086.739745999999,14.87642373,1979,8,217,Monsoon
311.03,309.09617212193166,1.933827878068314,1.933827878068314,INDOFLOODS-gauge-29,311.03,7.573617585,17.47593557,32.21948975,54.93916853,63.92116175,81.42909461,85.83044245,89.7649983,92.52199864,94.12025108,6,572100.6875,386962.3438,64017.37891,1487,389954.0938,1413298.5,1.478440166,0.420989156,0.003813269,3.59e-11,0.402754098,2.375358105,0.000763462,0.000163947,1.586924195,1.467097521,0.40479821,842,1.69e-08,0.000102806,2.76e-12,0.243788987,842,185.0,43.0,6.0,2.0,5508303.5,2695714.25,1311469.25,395859.9375,518155.375,6541.928223,14571.42871,30499.28516,65976.65625,259077.6875,0.489391029,0.486501575,0.301844627,1.308936119,4.551351547,4.302325726,7.166666508,3.0,25.396463,10.744284,55.465841,216.506056,35.851981,16.477877,19.374105,24.693599,25.220489,28.579781,23.129677,888.817316,258.047852,0.793609,97.609813,560.207341,5.966491,115.514914,90.523868,Arid,147827041.1,107228676.9,74716707.76,51375685.83,36591464.57,26972694.47,5127.34196,6669.091987,3802.856923,2801.004372,2177.24826,1766.342233,1.970453,360.825806,6.278768378,0.647867447,0.697016051,0.598718907,0.55180436,0.513825909,0.478081515,15478840.0,240.313451,Cropland,Vertisols,Metamorphics,15.9483,77.4264,Krishna,Andhra Pradesh,60630.0,64017.37891,5.586968349,2011,9,247,Monsoon
249.68,251.6069549161525,-1.9269549161524824,1.9269549161524824,INDOFLOODS-gauge-562,249.68,37.88239451,48.35569824,50.95677564,55.5807473,72.96292399,99.50371677,107.8552181,115.7141246,119.5437587,121.0559902,5,176802.8281,110943.6875,8086.739746,876,112618.3438,537532.3125,1.593626738,0.637610137,0.007778484,3.5e-10,0.351701468,1.568356514,0.000267891,0.000188917,1.698200941,1.569929242,0.328915715,100,1.78e-08,9.43e-05,3.36e-12,0.16549097,100,30.0,10.0,3.0,1.0,743131.4375,388686.7813,271471.0938,82725.88281,41704.44531,7431.314453,12956.22559,27147.10938,27575.29492,41704.44531,0.523039103,0.698431492,0.304731816,0.504128158,3.333333254,3.0,3.333333254,3.0,26.895902,12.97327,45.244165,424.326837,42.208971,13.542206,28.666765,26.430209,26.362461,32.838649,21.954322,857.720392,247.961176,5.181176,124.347622,618.163039,21.476961,151.119216,28.412549,Arid,265317938.8,191820327.1,131007921.2,88571291.54,75604739.54,52615017.97,6739.4337,8765.92635,4927.736971,3599.317474,3429.305784,2706.360197,2.108957,385.398058,5.935682518,0.701748745,0.754984911,0.648512714,0.597696408,0.556559369,0.517842189,2620181.0,320.350613,Cropland,Vertisols,Unconsolidated sediments,20.8742,76.9897,Tapi,Maharashtra,9500.0,8086.739745999999,14.87642373,1981,8,222,Monsoon
310.98,309.09617212193166,1.8838278780683595,1.8838278780683595,INDOFLOODS-gauge-29,310.98,3.959907054,10.44469788,18.50196353,26.5286439,35.98711805,45.92822482,64.60943375,86.76095004,98.58748976,109.4796953,6,572100.6875,386962.3438,64017.37891,1487,389954.0938,1413298.5,1.478440166,0.420989156,0.003813269,3.59e-11,0.402754098,2.375358105,0.000763462,0.000163947,1.586924195,1.467097521,0.40479821,842,1.69e-08,0.000102806,2.76e-12,0.243788987,842,185.0,43.0,6.0,2.0,5508303.5,2695714.25,1311469.25,395859.9375,518155.375,6541.928223,14571.42871,30499.28516,65976.65625,259077.6875,0.489391029,0.486501575,0.301844627,1.308936119,4.551351547,4.302325726,7.166666508,3.0,25.396463,10.744284,55.465841,216.506056,35.851981,16.477877,19.374105,24.693599,25.220489,28.579781,23.129677,888.817316,258.047852,0.793609,97.609813,560.207341,5.966491,115.514914,90.523868,Arid,147827041.1,107228676.9,74716707.76,51375685.83,36591464.57,26972694.47,5127.34196,6669.091987,3802.856923,2801.004372,2177.24826,1766.342233,1.970453,360.825806,6.278768378,0.647867447,0.697016051,0.598718907,0.55180436,0.513825909,0.478081515,15478840.0,240.313451,Cropland,Vertisols,Metamorphics,15.9483,77.4264,Krishna,Andhra Pradesh,60630.0,64017.37891,5.586968349,1999,7,211,Monsoon
310.98,309.09617212193166,1.8838278780683595,1.8838278780683595,INDOFLOODS-gauge-29,310.98,15.83450385,32.54139029,49.54955559,67.77242972,75.44395993,97.65003734,136.976877,163.4471265,173.50465060000005,178.93117080000005,6,572100.6875,386962.3438,64017.37891,1487,389954.0938,1413298.5,1.478440166,0.420989156,0.003813269,3.59e-11,0.402754098,2.375358105,0.000763462,0.000163947,1.586924195,1.467097521,0.40479821,842,1.69e-08,0.000102806,2.76e-12,0.243788987,842,185.0,43.0,6.0,2.0,5508303.5,2695714.25,1311469.25,395859.9375,518155.375,6541.928223,14571.42871,30499.28516,65976.65625,259077.6875,0.489391029,0.486501575,0.301844627,1.308936119,4.551351547,4.302325726,7.166666508,3.0,25.396463,10.744284,55.465841,216.506056,35.851981,16.477877,19.374105,24.693599,25.220489,28.579781,23.129677,888.817316,258.047852,0.793609,97.609813,560.207341,5.966491,115.514914,90.523868,Arid,147827041.1,107228676.9,74716707.76,51375685.83,36591464.57,26972694.47,5127.34196,6669.091987,3802.856923,2801.004372,2177.24826,1766.342233,1.970453,360.825806,6.278768378,0.647867447,0.697016051,0.598718907,0.55180436,0.513825909,0.478081515,15478840.0,240.313451,Cropland,Vertisols,Metamorphics,15.9483,77.4264,Krishna,Andhra Pradesh,60630.0,64017.37891,5.586968349,1990,8,229,Monsoon
310.96,309.09617212193166,1.8638278780683208,1.8638278780683208,INDOFLOODS-gauge-29,310.96,11.08610725,27.43316745,31.3578019,31.67906416,31.82640452,32.1724229,32.58438103,33.04971096,33.35452232,34.50890271,6,572100.6875,386962.3438,64017.37891,1487,389954.0938,1413298.5,1.478440166,0.420989156,0.003813269,3.59e-11,0.402754098,2.375358105,0.000763462,0.000163947,1.586924195,1.467097521,0.40479821,842,1.69e-08,0.000102806,2.76e-12,0.243788987,842,185.0,43.0,6.0,2.0,5508303.5,2695714.25,1311469.25,395859.9375,518155.375,6541.928223,14571.42871,30499.28516,65976.65625,259077.6875,0.489391029,0.486501575,0.301844627,1.308936119,4.551351547,4.302325726,7.166666508,3.0,25.396463,10.744284,55.465841,216.506056,35.851981,16.477877,19.374105,24.693599,25.220489,28.579781,23.129677,888.817316,258.047852,0.793609,97.609813,560.207341,5.966491,115.514914,90.523868,Arid,147827041.1,107228676.9,74716707.76,51375685.83,36591464.57,26972694.47,5127.34196,6669.091987,3802.856923,2801.004372,2177.24826,1766.342233,1.970453,360.825806,6.278768378,0.647867447,0.697016051,0.598718907,0.55180436,0.513825909,0.478081515,15478840.0,240.313451,Cropland,Vertisols,Metamorphics,15.9483,77.4264,Krishna,Andhra Pradesh,60630.0,64017.37891,5.586968349,1973,9,261,Monsoon
310.91,309.09617212193166,1.8138278780683663,1.8138278780683663,INDOFLOODS-gauge-29,310.91,7.418865761,18.68760131,33.23700178,42.0580564,45.22846861,50.72868071,56.94555085,61.84592934,67.03366934,73.160389,6,572100.6875,386962.3438,64017.37891,1487,389954.0938,1413298.5,1.478440166,0.420989156,0.003813269,3.59e-11,0.402754098,2.375358105,0.000763462,0.000163947,1.586924195,1.467097521,0.40479821,842,1.69e-08,0.000102806,2.76e-12,0.243788987,842,185.0,43.0,6.0,2.0,5508303.5,2695714.25,1311469.25,395859.9375,518155.375,6541.928223,14571.42871,30499.28516,65976.65625,259077.6875,0.489391029,0.486501575,0.301844627,1.308936119,4.551351547,4.302325726,7.166666508,3.0,25.396463,10.744284,55.465841,216.506056,35.851981,16.477877,19.374105,24.693599,25.220489,28.579781,23.129677,888.817316,258.047852,0.793609,97.609813,560.207341,5.966491,115.514914,90.523868,Arid,147827041.1,107228676.9,74716707.76,51375685.83,36591464.57,26972694.47,5127.34196,6669.091987,3802.856923,2801.004372,2177.24826,1766.342233,1.970453,360.825806,6.278768378,0.647867447,0.697016051,0.598718907,0.55180436,0.513825909,0.478081515,15478840.0,240.313451,Cropland,Vertisols,Metamorphics,15.9483,77.4264,Krishna,Andhra Pradesh,60630.0,64017.37891,5.586968349,1994,7,212,Monsoon
310.87,309.09617212193166,1.773827878068346,1.773827878068346,INDOFLOODS-gauge-29,310.87,17.07968341,23.72260213,25.10239231,25.66242001,25.79994879,26.46833005,27.41308455,27.91301963,28.53554387,29.88541571,6,572100.6875,386962.3438,64017.37891,1487,389954.0938,1413298.5,1.478440166,0.420989156,0.003813269,3.59e-11,0.402754098,2.375358105,0.000763462,0.000163947,1.586924195,1.467097521,0.40479821,842,1.69e-08,0.000102806,2.76e-12,0.243788987,842,185.0,43.0,6.0,2.0,5508303.5,2695714.25,1311469.25,395859.9375,518155.375,6541.928223,14571.42871,30499.28516,65976.65625,259077.6875,0.489391029,0.486501575,0.301844627,1.308936119,4.551351547,4.302325726,7.166666508,3.0,25.396463,10.744284,55.465841,216.506056,35.851981,16.477877,19.374105,24.693599,25.220489,28.579781,23.129677,888.817316,258.047852,0.793609,97.609813,560.207341,5.966491,115.514914,90.523868,Arid,147827041.1,107228676.9,74716707.76,51375685.83,36591464.57,26972694.47,5127.34196,6669.091987,3802.856923,2801.004372,2177.24826,1766.342233,1.970453,360.825806,6.278768378,0.647867447,0.697016051,0.598718907,0.55180436,0.513825909,0.478081515,15478840.0,240.313451,Cropland,Vertisols,Metamorphics,15.9483,77.4264,Krishna,Andhra Pradesh,60630.0,64017.37891,5.586968349,1974,10,295,Post-Monsoon
310.86,309.09617212193166,1.763827878068355,1.763827878068355,INDOFLOODS-gauge-29,310.86,10.40103214,15.73200095,17.854517899999994,19.64019595,20.84137646,21.7286237,22.74885494,23.47256146,25.22988117,26.52386621,6,572100.6875,386962.3438,64017.37891,1487,389954.0938,1413298.5,1.478440166,0.420989156,0.003813269,3.59e-11,0.402754098,2.375358105,0.000763462,0.000163947,1.586924195,1.467097521,0.40479821,842,1.69e-08,0.000102806,2.76e-12,0.243788987,842,185.0,43.0,6.0,2.0,5508303.5,2695714.25,1311469.25,395859.9375,518155.375,6541.928223,14571.42871,30499.28516,65976.65625,259077.6875,0.489391029,0.486501575,0.301844627,1.308936119,4.551351547,4.302325726,7.166666508,3.0,25.396463,10.744284,55.465841,216.506056,35.851981,16.477877,19.374105,24.693599,25.220489,28.579781,23.129677,888.817316,258.047852,0.793609,97.609813,560.207341,5.966491,115.514914,90.523868,Arid,147827041.1,107228676.9,74716707.76,51375685.83,36591464.57,26972694.47,5127.34196,6669.091987,3802.856923,2801.004372,2177.24826,1766.342233,1.970453,360.825806,6.278768378,0.647867447,0.697016051,0.598718907,0.55180436,0.513825909,0.478081515,15478840.0,240.313451,Cropland,Vertisols,Metamorphics,15.9483,77.4264,Krishna,Andhra Pradesh,60630.0,64017.37891,5.586968349,1993,8,241,Monsoon
310.81,309.09617212193166,1.7138278780683436,1.7138278780683436,INDOFLOODS-gauge-29,310.81,8.683637365,14.75210648,15.04310412,15.37301207,16.68285168,18.99379230000001,31.5133092,50.60935529,62.96832294,75.83295827,6,572100.6875,386962.3438,64017.37891,1487,389954.0938,1413298.5,1.478440166,0.420989156,0.003813269,3.59e-11,0.402754098,2.375358105,0.000763462,0.000163947,1.586924195,1.467097521,0.40479821,842,1.69e-08,0.000102806,2.76e-12,0.243788987,842,185.0,43.0,6.0,2.0,5508303.5,2695714.25,1311469.25,395859.9375,518155.375,6541.928223,14571.42871,30499.28516,65976.65625,259077.6875,0.489391029,0.486501575,0.301844627,1.308936119,4.551351547,4.302325726,7.166666508,3.0,25.396463,10.744284,55.465841,216.506056,35.851981,16.477877,19.374105,24.693599,25.220489,28.579781,23.129677,888.817316,258.047852,0.793609,97.609813,560.207341,5.966491,115.514914,90.523868,Arid,147827041.1,107228676.9,74716707.76,51375685.83,36591464.57,26972694.47,5127.34196,6669.091987,3802.856923,2801.004372,2177.24826,1766.342233,1.970453,360.825806,6.278768378,0.647867447,0.697016051,0.598718907,0.55180436,0.513825909,0.478081515,15478840.0,240.313451,Cropland,Vertisols,Metamorphics,15.9483,77.4264,Krishna,Andhra Pradesh,60630.0,64017.37891,5.586968349,1996,9,247,Monsoon
310.8,309.09617212193166,1.703827878068353,1.703827878068353,INDOFLOODS-gauge-29,310.8,26.22111576,38.07086497,39.19202019,40.15213209,41.41291642,43.33954036,48.84135133,63.80794366,88.77228775,101.1263058,6,572100.6875,386962.3438,64017.37891,1487,389954.0938,1413298.5,1.478440166,0.420989156,0.003813269,3.59e-11,0.402754098,2.375358105,0.000763462,0.000163947,1.586924195,1.467097521,0.40479821,842,1.69e-08,0.000102806,2.76e-12,0.243788987,842,185.0,43.0,6.0,2.0,5508303.5,2695714.25,1311469.25,395859.9375,518155.375,6541.928223,14571.42871,30499.28516,65976.65625,259077.6875,0.489391029,0.486501575,0.301844627,1.308936119,4.551351547,4.302325726,7.166666508,3.0,25.396463,10.744284,55.465841,216.506056,35.851981,16.477877,19.374105,24.693599,25.220489,28.579781,23.129677,888.817316,258.047852,0.793609,97.609813,560.207341,5.966491,115.514914,90.523868,Arid,147827041.1,107228676.9,74716707.76,51375685.83,36591464.57,26972694.47,5127.34196,6669.091987,3802.856923,2801.004372,2177.24826,1766.342233,1.970453,360.825806,6.278768378,0.647867447,0.697016051,0.598718907,0.55180436,0.513825909,0.478081515,15478840.0,240.313451,Cropland,Vertisols,Metamorphics,15.9483,77.4264,Krishna,Andhra Pradesh,60630.0,64017.37891,5.586968349,2009,9,245,Monsoon
310.8,309.09617212193166,1.703827878068353,1.703827878068353,INDOFLOODS-gauge-29,310.8,3.604532789,9.465765225,13.86813128,17.55727833,20.85749486,27.06666246,37.8265748,45.05599324,50.54401928,56.82137494,6,572100.6875,386962.3438,64017.37891,1487,389954.0938,1413298.5,1.478440166,0.420989156,0.003813269,3.59e-11,0.402754098,2.375358105,0.000763462,0.000163947,1.586924195,1.467097521,0.40479821,842,1.69e-08,0.000102806,2.76e-12,0.243788987,842,185.0,43.0,6.0,2.0,5508303.5,2695714.25,1311469.25,395859.9375,518155.375,6541.928223,14571.42871,30499.28516,65976.65625,259077.6875,0.489391029,0.486501575,0.301844627,1.308936119,4.551351547,4.302325726,7.166666508,3.0,25.396463,10.744284,55.465841,216.506056,35.851981,16.477877,19.374105,24.693599,25.220489,28.579781,23.129677,888.817316,258.047852,0.793609,97.609813,560.207341,5.966491,115.514914,90.523868,Arid,147827041.1,107228676.9,74716707.76,51375685.83,36591464.57,26972694.47,5127.34196,6669.091987,3802.856923,2801.004372,2177.24826,1766.342233,1.970453,360.825806,6.278768378,0.647867447,0.697016051,0.598718907,0.55180436,0.513825909,0.478081515,15478840.0,240.313451,Cropland,Vertisols,Metamorphics,15.9483,77.4264,Krishna,Andhra Pradesh,60630.0,64017.37891,5.586968349,1974,8,230,Monsoon
26.6,28.293345632833905,-1.6933456328339034,1.6933456328339034,INDOFLOODS-gauge-1085,26.6,31.08503215,41.56356318,62.30096656,100.2822131,122.02139950000002,138.88859419999997,155.54397959999997,163.2817479,168.4583152,171.624393,5,463678.7188,330162.8125,21904.48242,1204,341410.3438,1098149.25,1.40439415,0.18792288,0.003526548,7.02e-11,0.228254899,5.321331978,0.000363339,0.000161826,2.107978106,1.358127356,0.422236532,315,1.82e-08,0.000112562,2.95e-12,0.1948383,315,67.0,13.0,3.0,1.0,1756620.375,817386.5,396399.9375,274903.0313,299401.1875,5576.572754,12199.79883,30492.30273,91634.34375,299401.1875,0.465317667,0.484960228,0.693499207,1.08911562,4.70149231,5.153846264,4.333333492,3.0,25.324364,11.317986,40.461182,493.632095,38.792319,10.797642,27.994677,27.586145,18.959131,31.029907,18.706263,1213.55461,306.451879,3.037624,115.792655,829.954574,26.053865,236.935106,34.614645,Tropical,193803869.7,139464558.5,95072538.82,76975155.1,55169759.77,46898096.51,2346.516734,3052.095218,1713.25437,1511.417903,1239.699602,1215.136213,7.762763,433.032258,42.26073014,0.508558694,0.547139028,0.469978406,0.433151714,0.403339676,0.375281258,15777280.0,722.63754,Cropland,Luvisols,Metamorphics,22.8381,87.9031,Ganga - Brahmaputra -Meghna/Barak,West Bengal,21310.0,21904.48242,2.789687565,2012,8,230,Monsoon
310.78,309.09617212193166,1.683827878068314,1.683827878068314,INDOFLOODS-gauge-29,310.78,13.27822611,36.79472057,55.33775638,69.4936117,99.14598891,103.7704646,103.9115469,104.9864812,122.26607690000002,125.4369152,6,572100.6875,386962.3438,64017.37891,1487,389954.0938,1413298.5,1.478440166,0.420989156,0.003813269,3.59e-11,0.402754098,2.375358105,0.000763462,0.000163947,1.586924195,1.467097521,0.40479821,842,1.69e-08,0.000102806,2.76e-12,0.243788987,842,185.0,43.0,6.0,2.0,5508303.5,2695714.25,1311469.25,395859.9375,518155.375,6541.928223,14571.42871,30499.28516,65976.65625,259077.6875,0.489391029,0.486501575,0.301844627,1.308936119,4.551351547,4.302325726,7.166666508,3.0,25.396463,10.744284,55.465841,216.506056,35.851981,16.477877,19.374105,24.693599,25.220489,28.579781,23.129677,888.817316,258.047852,0.793609,97.609813,560.207341,5.966491,115.514914,90.523868,Arid,147827041.1,107228676.9,74716707.76,51375685.83,36591464.57,26972694.47,5127.34196,6669.091987,3802.856923,2801.004372,2177.24826,1766.342233,1.970453,360.825806,6.278768378,0.647867447,0.697016051,0.598718907,0.55180436,0.513825909,0.478081515,15478840.0,240.313451,Cropland,Vertisols,Metamorphics,15.9483,77.4264,Krishna,Andhra Pradesh,60630.0,64017.37891,5.586968349,1984,10,284,Post-Monsoon
310.76,309.09617212193166,1.6638278780683322,1.6638278780683322,INDOFLOODS-gauge-29,310.76,20.71968338,26.08503526,26.39440384,26.56759204,27.01268528,27.51815443,27.92444893,28.54263543,29.53208012,32.51757692,6,572100.6875,386962.3438,64017.37891,1487,389954.0938,1413298.5,1.478440166,0.420989156,0.003813269,3.59e-11,0.402754098,2.375358105,0.000763462,0.000163947,1.586924195,1.467097521,0.40479821,842,1.69e-08,0.000102806,2.76e-12,0.243788987,842,185.0,43.0,6.0,2.0,5508303.5,2695714.25,1311469.25,395859.9375,518155.375,6541.928223,14571.42871,30499.28516,65976.65625,259077.6875,0.489391029,0.486501575,0.301844627,1.308936119,4.551351547,4.302325726,7.166666508,3.0,25.396463,10.744284,55.465841,216.506056,35.851981,16.477877,19.374105,24.693599,25.220489,28.579781,23.129677,888.817316,258.047852,0.793609,97.609813,560.207341,5.966491,115.514914,90.523868,Arid,147827041.1,107228676.9,74716707.76,51375685.83,36591464.57,26972694.47,5127.34196,6669.091987,3802.856923,2801.004372,2177.24826,1766.342233,1.970453,360.825806,6.278768378,0.647867447,0.697016051,0.598718907,0.55180436,0.513825909,0.478081515,15478840.0,240.313451,Cropland,Vertisols,Metamorphics,15.9483,77.4264,Krishna,Andhra Pradesh,60630.0,64017.37891,5.586968349,1973,10,274,Post-Monsoon
249.96,251.6069549161525,-1.646954916152481,1.646954916152481,INDOFLOODS-gauge-562,249.96,87.35288184,161.3191041,178.2688385,180.73940990000003,182.8024364,204.8860314,226.9181194,233.6456776,240.3363483,256.4629669,5,176802.8281,110943.6875,8086.739746,876,112618.3438,537532.3125,1.593626738,0.637610137,0.007778484,3.5e-10,0.351701468,1.568356514,0.000267891,0.000188917,1.698200941,1.569929242,0.328915715,100,1.78e-08,9.43e-05,3.36e-12,0.16549097,100,30.0,10.0,3.0,1.0,743131.4375,388686.7813,271471.0938,82725.88281,41704.44531,7431.314453,12956.22559,27147.10938,27575.29492,41704.44531,0.523039103,0.698431492,0.304731816,0.504128158,3.333333254,3.0,3.333333254,3.0,26.895902,12.97327,45.244165,424.326837,42.208971,13.542206,28.666765,26.430209,26.362461,32.838649,21.954322,857.720392,247.961176,5.181176,124.347622,618.163039,21.476961,151.119216,28.412549,Arid,265317938.8,191820327.1,131007921.2,88571291.54,75604739.54,52615017.97,6739.4337,8765.92635,4927.736971,3599.317474,3429.305784,2706.360197,2.108957,385.398058,5.935682518,0.701748745,0.754984911,0.648512714,0.597696408,0.556559369,0.517842189,2620181.0,320.350613,Cropland,Vertisols,Unconsolidated sediments,20.8742,76.9897,Tapi,Maharashtra,9500.0,8086.739745999999,14.87642373,1998,9,258,Monsoon
250.0,251.6069549161525,-1.606954916152489,1.606954916152489,INDOFLOODS-gauge-562,250.0,192.0163246,213.9561296,253.3830124,265.3448858,281.6164066,291.2463939,298.7917995,304.5605934,305.5724335,308.1817466,5,176802.8281,110943.6875,8086.739746,876,112618.3438,537532.3125,1.593626738,0.637610137,0.007778484,3.5e-10,0.351701468,1.568356514,0.000267891,0.000188917,1.698200941,1.569929242,0.328915715,100,1.78e-08,9.43e-05,3.36e-12,0.16549097,100,30.0,10.0,3.0,1.0,743131.4375,388686.7813,271471.0938,82725.88281,41704.44531,7431.314453,12956.22559,27147.10938,27575.29492,41704.44531,0.523039103,0.698431492,0.304731816,0.504128158,3.333333254,3.0,3.333333254,3.0,26.895902,12.97327,45.244165,424.326837,42.208971,13.542206,28.666765,26.430209,26.362461,32.838649,21.954322,857.720392,247.961176,5.181176,124.347622,618.163039,21.476961,151.119216,28.412549,Arid,265317938.8,191820327.1,131007921.2,88571291.54,75604739.54,52615017.97,6739.4337,8765.92635,4927.736971,3599.317474,3429.305784,2706.360197,2.108957,385.398058,5.935682518,0.701748745,0.754984911,0.648512714,0.597696408,0.556559369,0.517842189,2620181.0,320.350613,Cropland,Vertisols,Unconsolidated sediments,20.8742,76.9897,Tapi,Maharashtra,9500.0,8086.739745999999,14.87642373,2012,9,250,Monsoon
310.69,309.09617212193166,1.593827878068339,1.593827878068339,INDOFLOODS-gauge-29,310.69,2.956713373,10.58026487,22.80858725,39.34075928,48.51165621,56.80471356,71.78061549,93.07997272,108.4932141,119.9188874,6,572100.6875,386962.3438,64017.37891,1487,389954.0938,1413298.5,1.478440166,0.420989156,0.003813269,3.59e-11,0.402754098,2.375358105,0.000763462,0.000163947,1.586924195,1.467097521,0.40479821,842,1.69e-08,0.000102806,2.76e-12,0.243788987,842,185.0,43.0,6.0,2.0,5508303.5,2695714.25,1311469.25,395859.9375,518155.375,6541.928223,14571.42871,30499.28516,65976.65625,259077.6875,0.489391029,0.486501575,0.301844627,1.308936119,4.551351547,4.302325726,7.166666508,3.0,25.396463,10.744284,55.465841,216.506056,35.851981,16.477877,19.374105,24.693599,25.220489,28.579781,23.129677,888.817316,258.047852,0.793609,97.609813,560.207341,5.966491,115.514914,90.523868,Arid,147827041.1,107228676.9,74716707.76,51375685.83,36591464.57,26972694.47,5127.34196,6669.091987,3802.856923,2801.004372,2177.24826,1766.342233,1.970453,360.825806,6.278768378,0.647867447,0.697016051,0.598718907,0.55180436,0.513825909,0.478081515,15478840.0,240.313451,Cropland,Vertisols,Metamorphics,15.9483,77.4264,Krishna,Andhra Pradesh,60630.0,64017.37891,5.586968349,1986,8,227,Monsoon
310.69,309.09617212193166,1.593827878068339,1.593827878068339,INDOFLOODS-gauge-29,310.69,4.173092375,9.053751024,11.72289714,14.62594143,16.08766987,19.31801211,21.50401329,21.94255628,22.79150025,24.25665208,6,572100.6875,386962.3438,64017.37891,1487,389954.0938,1413298.5,1.478440166,0.420989156,0.003813269,3.59e-11,0.402754098,2.375358105,0.000763462,0.000163947,1.586924195,1.467097521,0.40479821,842,1.69e-08,0.000102806,2.76e-12,0.243788987,842,185.0,43.0,6.0,2.0,5508303.5,2695714.25,1311469.25,395859.9375,518155.375,6541.928223,14571.42871,30499.28516,65976.65625,259077.6875,0.489391029,0.486501575,0.301844627,1.308936119,4.551351547,4.302325726,7.166666508,3.0,25.396463,10.744284,55.465841,216.506056,35.851981,16.477877,19.374105,24.693599,25.220489,28.579781,23.129677,888.817316,258.047852,0.793609,97.609813,560.207341,5.966491,115.514914,90.523868,Arid,147827041.1,107228676.9,74716707.76,51375685.83,36591464.57,26972694.47,5127.34196,6669.091987,3802.856923,2801.004372,2177.24826,1766.342233,1.970453,360.825806,6.278768378,0.647867447,0.697016051,0.598718907,0.55180436,0.513825909,0.478081515,15478840.0,240.313451,Cropland,Vertisols,Metamorphics,15.9483,77.4264,Krishna,Andhra Pradesh,60630.0,64017.37891,5.586968349,1998,9,249,Monsoon
310.65,309.09617212193166,1.5538278780683186,1.5538278780683186,INDOFLOODS-gauge-29,310.65,17.33340158,29.09410432,43.9647561,47.74796484,48.76766718,49.89098314,52.57703575,55.62936801,61.14127577,74.44233352,6,572100.6875,386962.3438,64017.37891,1487,389954.0938,1413298.5,1.478440166,0.420989156,0.003813269,3.59e-11,0.402754098,2.375358105,0.000763462,0.000163947,1.586924195,1.467097521,0.40479821,842,1.69e-08,0.000102806,2.76e-12,0.243788987,842,185.0,43.0,6.0,2.0,5508303.5,2695714.25,1311469.25,395859.9375,518155.375,6541.928223,14571.42871,30499.28516,65976.65625,259077.6875,0.489391029,0.486501575,0.301844627,1.308936119,4.551351547,4.302325726,7.166666508,3.0,25.396463,10.744284,55.465841,216.506056,35.851981,16.477877,19.374105,24.693599,25.220489,28.579781,23.129677,888.817316,258.047852,0.793609,97.609813,560.207341,5.966491,115.514914,90.523868,Arid,147827041.1,107228676.9,74716707.76,51375685.83,36591464.57,26972694.47,5127.34196,6669.091987,3802.856923,2801.004372,2177.24826,1766.342233,1.970453,360.825806,6.278768378,0.647867447,0.697016051,0.598718907,0.55180436,0.513825909,0.478081515,15478840.0,240.313451,Cropland,Vertisols,Metamorphics,15.9483,77.4264,Krishna,Andhra Pradesh,60630.0,64017.37891,5.586968349,1972,9,262,Monsoon
250.09,251.6069549161525,-1.5169549161524856,1.5169549161524856,INDOFLOODS-gauge-562,250.09,40.7524863,97.01976332,114.1442451,118.696367,145.8311032,153.50861650000004,154.8881519,159.3011834,214.65968450000005,229.6579687,5,176802.8281,110943.6875,8086.739746,876,112618.3438,537532.3125,1.593626738,0.637610137,0.007778484,3.5e-10,0.351701468,1.568356514,0.000267891,0.000188917,1.698200941,1.569929242,0.328915715,100,1.78e-08,9.43e-05,3.36e-12,0.16549097,100,30.0,10.0,3.0,1.0,743131.4375,388686.7813,271471.0938,82725.88281,41704.44531,7431.314453,12956.22559,27147.10938,27575.29492,41704.44531,0.523039103,0.698431492,0.304731816,0.504128158,3.333333254,3.0,3.333333254,3.0,26.895902,12.97327,45.244165,424.326837,42.208971,13.542206,28.666765,26.430209,26.362461,32.838649,21.954322,857.720392,247.961176,5.181176,124.347622,618.163039,21.476961,151.119216,28.412549,Arid,265317938.8,191820327.1,131007921.2,88571291.54,75604739.54,52615017.97,6739.4337,8765.92635,4927.736971,3599.317474,3429.305784,2706.360197,2.108957,385.398058,5.935682518,0.701748745,0.754984911,0.648512714,0.597696408,0.556559369,0.517842189,2620181.0,320.350613,Cropland,Vertisols,Unconsolidated sediments,20.8742,76.9897,Tapi,Maharashtra,9500.0,8086.739745999999,14.87642373,2014,7,205,Monsoon
250.09,251.6069549161525,-1.5169549161524856,1.5169549161524856,INDOFLOODS-gauge-562,250.09,37.74940606,47.47478837,55.66908616,61.01070881,76.21689381,86.71587329,95.09338804,99.99103368,103.5161782,113.16089440000002,5,176802.8281,110943.6875,8086.739746,876,112618.3438,537532.3125,1.593626738,0.637610137,0.007778484,3.5e-10,0.351701468,1.568356514,0.000267891,0.000188917,1.698200941,1.569929242,0.328915715,100,1.78e-08,9.43e-05,3.36e-12,0.16549097,100,30.0,10.0,3.0,1.0,743131.4375,388686.7813,271471.0938,82725.88281,41704.44531,7431.314453,12956.22559,27147.10938,27575.29492,41704.44531,0.523039103,0.698431492,0.304731816,0.504128158,3.333333254,3.0,3.333333254,3.0,26.895902,12.97327,45.244165,424.326837,42.208971,13.542206,28.666765,26.430209,26.362461,32.838649,21.954322,857.720392,247.961176,5.181176,124.347622,618.163039,21.476961,151.119216,28.412549,Arid,265317938.8,191820327.1,131007921.2,88571291.54,75604739.54,52615017.97,6739.4337,8765.92635,4927.736971,3599.317474,3429.305784,2706.360197,2.108957,385.398058,5.935682518,0.701748745,0.754984911,0.648512714,0.597696408,0.556559369,0.517842189,2620181.0,320.350613,Cropland,Vertisols,Unconsolidated sediments,20.8742,76.9897,Tapi,Maharashtra,9500.0,8086.739745999999,14.87642373,2007,8,220,Monsoon
310.58,309.09617212193166,1.4838278780683254,1.4838278780683254,INDOFLOODS-gauge-29,310.58,10.50766596,26.96585554,36.1511256,61.53149358,71.96656601,75.19126131,79.36483942,85.85849454,100.4090269,113.1088283,6,572100.6875,386962.3438,64017.37891,1487,389954.0938,1413298.5,1.478440166,0.420989156,0.003813269,3.59e-11,0.402754098,2.375358105,0.000763462,0.000163947,1.586924195,1.467097521,0.40479821,842,1.69e-08,0.000102806,2.76e-12,0.243788987,842,185.0,43.0,6.0,2.0,5508303.5,2695714.25,1311469.25,395859.9375,518155.375,6541.928223,14571.42871,30499.28516,65976.65625,259077.6875,0.489391029,0.486501575,0.301844627,1.308936119,4.551351547,4.302325726,7.166666508,3.0,25.396463,10.744284,55.465841,216.506056,35.851981,16.477877,19.374105,24.693599,25.220489,28.579781,23.129677,888.817316,258.047852,0.793609,97.609813,560.207341,5.966491,115.514914,90.523868,Arid,147827041.1,107228676.9,74716707.76,51375685.83,36591464.57,26972694.47,5127.34196,6669.091987,3802.856923,2801.004372,2177.24826,1766.342233,1.970453,360.825806,6.278768378,0.647867447,0.697016051,0.598718907,0.55180436,0.513825909,0.478081515,15478840.0,240.313451,Cropland,Vertisols,Metamorphics,15.9483,77.4264,Krishna,Andhra Pradesh,60630.0,64017.37891,5.586968349,2000,10,284,Post-Monsoon
310.58,309.09617212193166,1.4838278780683254,1.4838278780683254,INDOFLOODS-gauge-29,310.58,6.398387937000001,21.0427331,27.91573477,38.71002761,63.69661021,81.61069746,87.34055546,88.91037363,92.36917579,94.06370276,6,572100.6875,386962.3438,64017.37891,1487,389954.0938,1413298.5,1.478440166,0.420989156,0.003813269,3.59e-11,0.402754098,2.375358105,0.000763462,0.000163947,1.586924195,1.467097521,0.40479821,842,1.69e-08,0.000102806,2.76e-12,0.243788987,842,185.0,43.0,6.0,2.0,5508303.5,2695714.25,1311469.25,395859.9375,518155.375,6541.928223,14571.42871,30499.28516,65976.65625,259077.6875,0.489391029,0.486501575,0.301844627,1.308936119,4.551351547,4.302325726,7.166666508,3.0,25.396463,10.744284,55.465841,216.506056,35.851981,16.477877,19.374105,24.693599,25.220489,28.579781,23.129677,888.817316,258.047852,0.793609,97.609813,560.207341,5.966491,115.514914,90.523868,Arid,147827041.1,107228676.9,74716707.76,51375685.83,36591464.57,26972694.47,5127.34196,6669.091987,3802.856923,2801.004372,2177.24826,1766.342233,1.970453,360.825806,6.278768378,0.647867447,0.697016051,0.598718907,0.55180436,0.513825909,0.478081515,15478840.0,240.313451,Cropland,Vertisols,Metamorphics,15.9483,77.4264,Krishna,Andhra Pradesh,60630.0,64017.37891,5.586968349,1998,10,274,Post-Monsoon
310.56,309.09617212193166,1.4638278780683436,1.4638278780683436,INDOFLOODS-gauge-29,310.56,17.03781911,32.58861025,51.16455708,62.29881042,84.32132104,99.77140754,116.6343813,133.42036000000002,139.4481043,145.1917284,6,572100.6875,386962.3438,64017.37891,1487,389954.0938,1413298.5,1.478440166,0.420989156,0.003813269,3.59e-11,0.402754098,2.375358105,0.000763462,0.000163947,1.586924195,1.467097521,0.40479821,842,1.69e-08,0.000102806,2.76e-12,0.243788987,842,185.0,43.0,6.0,2.0,5508303.5,2695714.25,1311469.25,395859.9375,518155.375,6541.928223,14571.42871,30499.28516,65976.65625,259077.6875,0.489391029,0.486501575,0.301844627,1.308936119,4.551351547,4.302325726,7.166666508,3.0,25.396463,10.744284,55.465841,216.506056,35.851981,16.477877,19.374105,24.693599,25.220489,28.579781,23.129677,888.817316,258.047852,0.793609,97.609813,560.207341,5.966491,115.514914,90.523868,Arid,147827041.1,107228676.9,74716707.76,51375685.83,36591464.57,26972694.47,5127.34196,6669.091987,3802.856923,2801.004372,2177.24826,1766.342233,1.970453,360.825806,6.278768378,0.647867447,0.697016051,0.598718907,0.55180436,0.513825909,0.478081515,15478840.0,240.313451,Cropland,Vertisols,Metamorphics,15.9483,77.4264,Krishna,Andhra Pradesh,60630.0,64017.37891,5.586968349,1983,8,228,Monsoon
310.53,309.09617212193166,1.433827878068314,1.433827878068314,INDOFLOODS-gauge-29,310.53,12.63470093,30.48933718,37.58321715,44.2412078,49.1117739,54.20537084,58.01860299,59.8641086,60.75246689,62.69078002,6,572100.6875,386962.3438,64017.37891,1487,389954.0938,1413298.5,1.478440166,0.420989156,0.003813269,3.59e-11,0.402754098,2.375358105,0.000763462,0.000163947,1.586924195,1.467097521,0.40479821,842,1.69e-08,0.000102806,2.76e-12,0.243788987,842,185.0,43.0,6.0,2.0,5508303.5,2695714.25,1311469.25,395859.9375,518155.375,6541.928223,14571.42871,30499.28516,65976.65625,259077.6875,0.489391029,0.486501575,0.301844627,1.308936119,4.551351547,4.302325726,7.166666508,3.0,25.396463,10.744284,55.465841,216.506056,35.851981,16.477877,19.374105,24.693599,25.220489,28.579781,23.129677,888.817316,258.047852,0.793609,97.609813,560.207341,5.966491,115.514914,90.523868,Arid,147827041.1,107228676.9,74716707.76,51375685.83,36591464.57,26972694.47,5127.34196,6669.091987,3802.856923,2801.004372,2177.24826,1766.342233,1.970453,360.825806,6.278768378,0.647867447,0.697016051,0.598718907,0.55180436,0.513825909,0.478081515,15478840.0,240.313451,Cropland,Vertisols,Metamorphics,15.9483,77.4264,Krishna,Andhra Pradesh,60630.0,64017.37891,5.586968349,1982,8,226,Monsoon
310.53,309.09617212193166,1.433827878068314,1.433827878068314,INDOFLOODS-gauge-29,310.53,16.99872979,28.85645279,40.71270771,55.11252553,69.55240028,84.83563609999999,93.50551421,99.77846529,106.2834665,116.4205865,6,572100.6875,386962.3438,64017.37891,1487,389954.0938,1413298.5,1.478440166,0.420989156,0.003813269,3.59e-11,0.402754098,2.375358105,0.000763462,0.000163947,1.586924195,1.467097521,0.40479821,842,1.69e-08,0.000102806,2.76e-12,0.243788987,842,185.0,43.0,6.0,2.0,5508303.5,2695714.25,1311469.25,395859.9375,518155.375,6541.928223,14571.42871,30499.28516,65976.65625,259077.6875,0.489391029,0.486501575,0.301844627,1.308936119,4.551351547,4.302325726,7.166666508,3.0,25.396463,10.744284,55.465841,216.506056,35.851981,16.477877,19.374105,24.693599,25.220489,28.579781,23.129677,888.817316,258.047852,0.793609,97.609813,560.207341,5.966491,115.514914,90.523868,Arid,147827041.1,107228676.9,74716707.76,51375685.83,36591464.57,26972694.47,5127.34196,6669.091987,3802.856923,2801.004372,2177.24826,1766.342233,1.970453,360.825806,6.278768378,0.647867447,0.697016051,0.598718907,0.55180436,0.513825909,0.478081515,15478840.0,240.313451,Cropland,Vertisols,Metamorphics,15.9483,77.4264,Krishna,Andhra Pradesh,60630.0,64017.37891,5.586968349,2008,9,249,Monsoon
310.5,309.09617212193166,1.4038278780683413,1.4038278780683413,INDOFLOODS-gauge-29,310.5,18.27891459,32.89036072,43.98070778,50.43481581,54.36192864,55.32736652,56.7232686,58.2908539,63.91420103,68.63667829,6,572100.6875,386962.3438,64017.37891,1487,389954.0938,1413298.5,1.478440166,0.420989156,0.003813269,3.59e-11,0.402754098,2.375358105,0.000763462,0.000163947,1.586924195,1.467097521,0.40479821,842,1.69e-08,0.000102806,2.76e-12,0.243788987,842,185.0,43.0,6.0,2.0,5508303.5,2695714.25,1311469.25,395859.9375,518155.375,6541.928223,14571.42871,30499.28516,65976.65625,259077.6875,0.489391029,0.486501575,0.301844627,1.308936119,4.551351547,4.302325726,7.166666508,3.0,25.396463,10.744284,55.465841,216.506056,35.851981,16.477877,19.374105,24.693599,25.220489,28.579781,23.129677,888.817316,258.047852,0.793609,97.609813,560.207341,5.966491,115.514914,90.523868,Arid,147827041.1,107228676.9,74716707.76,51375685.83,36591464.57,26972694.47,5127.34196,6669.091987,3802.856923,2801.004372,2177.24826,1766.342233,1.970453,360.825806,6.278768378,0.647867447,0.697016051,0.598718907,0.55180436,0.513825909,0.478081515,15478840.0,240.313451,Cropland,Vertisols,Metamorphics,15.9483,77.4264,Krishna,Andhra Pradesh,60630.0,64017.37891,5.586968349,1988,8,242,Monsoon
310.5,309.09617212193166,1.4038278780683413,1.4038278780683413,INDOFLOODS-gauge-29,310.5,2.802088832,8.675664900000001,13.61755664,17.29237999,19.21530934,20.80855172,25.65529846,31.65081874,34.49823831,36.26846142,6,572100.6875,386962.3438,64017.37891,1487,389954.0938,1413298.5,1.478440166,0.420989156,0.003813269,3.59e-11,0.402754098,2.375358105,0.000763462,0.000163947,1.586924195,1.467097521,0.40479821,842,1.69e-08,0.000102806,2.76e-12,0.243788987,842,185.0,43.0,6.0,2.0,5508303.5,2695714.25,1311469.25,395859.9375,518155.375,6541.928223,14571.42871,30499.28516,65976.65625,259077.6875,0.489391029,0.486501575,0.301844627,1.308936119,4.551351547,4.302325726,7.166666508,3.0,25.396463,10.744284,55.465841,216.506056,35.851981,16.477877,19.374105,24.693599,25.220489,28.579781,23.129677,888.817316,258.047852,0.793609,97.609813,560.207341,5.966491,115.514914,90.523868,Arid,147827041.1,107228676.9,74716707.76,51375685.83,36591464.57,26972694.47,5127.34196,6669.091987,3802.856923,2801.004372,2177.24826,1766.342233,1.970453,360.825806,6.278768378,0.647867447,0.697016051,0.598718907,0.55180436,0.513825909,0.478081515,15478840.0,240.313451,Cropland,Vertisols,Metamorphics,15.9483,77.4264,Krishna,Andhra Pradesh,60630.0,64017.37891,5.586968349,1997,8,237,Monsoon
310.47,309.09617212193166,1.3738278780683686,1.3738278780683686,INDOFLOODS-gauge-29,310.47,12.49591225,26.97971732,37.53237294,43.47097718,48.11999099,57.32770753,64.74370768,74.43098416,78.27549109,82.41136363,6,572100.6875,386962.3438,64017.37891,1487,389954.0938,1413298.5,1.478440166,0.420989156,0.003813269,3.59e-11,0.402754098,2.375358105,0.000763462,0.000163947,1.586924195,1.467097521,0.40479821,842,1.69e-08,0.000102806,2.76e-12,0.243788987,842,185.0,43.0,6.0,2.0,5508303.5,2695714.25,1311469.25,395859.9375,518155.375,6541.928223,14571.42871,30499.28516,65976.65625,259077.6875,0.489391029,0.486501575,0.301844627,1.308936119,4.551351547,4.302325726,7.166666508,3.0,25.396463,10.744284,55.465841,216.506056,35.851981,16.477877,19.374105,24.693599,25.220489,28.579781,23.129677,888.817316,258.047852,0.793609,97.609813,560.207341,5.966491,115.514914,90.523868,Arid,147827041.1,107228676.9,74716707.76,51375685.83,36591464.57,26972694.47,5127.34196,6669.091987,3802.856923,2801.004372,2177.24826,1766.342233,1.970453,360.825806,6.278768378,0.647867447,0.697016051,0.598718907,0.55180436,0.513825909,0.478081515,15478840.0,240.313451,Cropland,Vertisols,Metamorphics,15.9483,77.4264,Krishna,Andhra Pradesh,60630.0,64017.37891,5.586968349,1978,7,195,Monsoon
250.24,251.6069549161525,-1.36695491615248,1.36695491615248,INDOFLOODS-gauge-562,250.24,2.47474208,14.35812653,47.80268207,50.31444226,50.55176237,50.6760547,50.77039443,50.88258938,51.21140085,53.35399351,5,176802.8281,110943.6875,8086.739746,876,112618.3438,537532.3125,1.593626738,0.637610137,0.007778484,3.5e-10,0.351701468,1.568356514,0.000267891,0.000188917,1.698200941,1.569929242,0.328915715,100,1.78e-08,9.43e-05,3.36e-12,0.16549097,100,30.0,10.0,3.0,1.0,743131.4375,388686.7813,271471.0938,82725.88281,41704.44531,7431.314453,12956.22559,27147.10938,27575.29492,41704.44531,0.523039103,0.698431492,0.304731816,0.504128158,3.333333254,3.0,3.333333254,3.0,26.895902,12.97327,45.244165,424.326837,42.208971,13.542206,28.666765,26.430209,26.362461,32.838649,21.954322,857.720392,247.961176,5.181176,124.347622,618.163039,21.476961,151.119216,28.412549,Arid,265317938.8,191820327.1,131007921.2,88571291.54,75604739.54,52615017.97,6739.4337,8765.92635,4927.736971,3599.317474,3429.305784,2706.360197,2.108957,385.398058,5.935682518,0.701748745,0.754984911,0.648512714,0.597696408,0.556559369,0.517842189,2620181.0,320.350613,Cropland,Vertisols,Unconsolidated sediments,20.8742,76.9897,Tapi,Maharashtra,9500.0,8086.739745999999,14.87642373,1988,8,234,Monsoon
310.45,309.09617212193166,1.35382787806833,1.35382787806833,INDOFLOODS-gauge-29,310.45,2.125279732,25.01978942,49.24592562,49.93491453,50.23148353,50.425252,50.53110455,50.71749876,50.81148902,51.06680986,6,572100.6875,386962.3438,64017.37891,1487,389954.0938,1413298.5,1.478440166,0.420989156,0.003813269,3.59e-11,0.402754098,2.375358105,0.000763462,0.000163947,1.586924195,1.467097521,0.40479821,842,1.69e-08,0.000102806,2.76e-12,0.243788987,842,185.0,43.0,6.0,2.0,5508303.5,2695714.25,1311469.25,395859.9375,518155.375,6541.928223,14571.42871,30499.28516,65976.65625,259077.6875,0.489391029,0.486501575,0.301844627,1.308936119,4.551351547,4.302325726,7.166666508,3.0,25.396463,10.744284,55.465841,216.506056,35.851981,16.477877,19.374105,24.693599,25.220489,28.579781,23.129677,888.817316,258.047852,0.793609,97.609813,560.207341,5.966491,115.514914,90.523868,Arid,147827041.1,107228676.9,74716707.76,51375685.83,36591464.57,26972694.47,5127.34196,6669.091987,3802.856923,2801.004372,2177.24826,1766.342233,1.970453,360.825806,6.278768378,0.647867447,0.697016051,0.598718907,0.55180436,0.513825909,0.478081515,15478840.0,240.313451,Cropland,Vertisols,Metamorphics,15.9483,77.4264,Krishna,Andhra Pradesh,60630.0,64017.37891,5.586968349,1979,8,243,Monsoon
310.44,309.09617212193166,1.343827878068339,1.343827878068339,INDOFLOODS-gauge-29,310.44,8.454728465,25.61751684,42.76292537,57.23878621,57.57402162,58.34610878,60.46757713,68.57166665,69.38202302,69.89788748,6,572100.6875,386962.3438,64017.37891,1487,389954.0938,1413298.5,1.478440166,0.420989156,0.003813269,3.59e-11,0.402754098,2.375358105,0.000763462,0.000163947,1.586924195,1.467097521,0.40479821,842,1.69e-08,0.000102806,2.76e-12,0.243788987,842,185.0,43.0,6.0,2.0,5508303.5,2695714.25,1311469.25,395859.9375,518155.375,6541.928223,14571.42871,30499.28516,65976.65625,259077.6875,0.489391029,0.486501575,0.301844627,1.308936119,4.551351547,4.302325726,7.166666508,3.0,25.396463,10.744284,55.465841,216.506056,35.851981,16.477877,19.374105,24.693599,25.220489,28.579781,23.129677,888.817316,258.047852,0.793609,97.609813,560.207341,5.966491,115.514914,90.523868,Arid,147827041.1,107228676.9,74716707.76,51375685.83,36591464.57,26972694.47,5127.34196,6669.091987,3802.856923,2801.004372,2177.24826,1766.342233,1.970453,360.825806,6.278768378,0.647867447,0.697016051,0.598718907,0.55180436,0.513825909,0.478081515,15478840.0,240.313451,Cropland,Vertisols,Metamorphics,15.9483,77.4264,Krishna,Andhra Pradesh,60630.0,64017.37891,5.586968349,1994,10,278,Post-Monsoon
310.44,309.09617212193166,1.343827878068339,1.343827878068339,INDOFLOODS-gauge-29,310.44,13.65392111,33.26135734,48.42856889,53.22237921,61.57343552,67.54843535,76.61464846,79.59020043,84.47817906,89.21394086,6,572100.6875,386962.3438,64017.37891,1487,389954.0938,1413298.5,1.478440166,0.420989156,0.003813269,3.59e-11,0.402754098,2.375358105,0.000763462,0.000163947,1.586924195,1.467097521,0.40479821,842,1.69e-08,0.000102806,2.76e-12,0.243788987,842,185.0,43.0,6.0,2.0,5508303.5,2695714.25,1311469.25,395859.9375,518155.375,6541.928223,14571.42871,30499.28516,65976.65625,259077.6875,0.489391029,0.486501575,0.301844627,1.308936119,4.551351547,4.302325726,7.166666508,3.0,25.396463,10.744284,55.465841,216.506056,35.851981,16.477877,19.374105,24.693599,25.220489,28.579781,23.129677,888.817316,258.047852,0.793609,97.609813,560.207341,5.966491,115.514914,90.523868,Arid,147827041.1,107228676.9,74716707.76,51375685.83,36591464.57,26972694.47,5127.34196,6669.091987,3802.856923,2801.004372,2177.24826,1766.342233,1.970453,360.825806,6.278768378,0.647867447,0.697016051,0.598718907,0.55180436,0.513825909,0.478081515,15478840.0,240.313451,Cropland,Vertisols,Metamorphics,15.9483,77.4264,Krishna,Andhra Pradesh,60630.0,64017.37891,5.586968349,2009,9,266,Monsoon
310.39,309.09617212193166,1.2938278780683277,1.2938278780683277,INDOFLOODS-gauge-29,310.39,29.53667834,36.50020973,44.84963078,51.6052414,57.90179722,60.18697651,65.05822686,67.31757329,69.6394366,77.03189368,6,572100.6875,386962.3438,64017.37891,1487,389954.0938,1413298.5,1.478440166,0.420989156,0.003813269,3.59e-11,0.402754098,2.375358105,0.000763462,0.000163947,1.586924195,1.467097521,0.40479821,842,1.69e-08,0.000102806,2.76e-12,0.243788987,842,185.0,43.0,6.0,2.0,5508303.5,2695714.25,1311469.25,395859.9375,518155.375,6541.928223,14571.42871,30499.28516,65976.65625,259077.6875,0.489391029,0.486501575,0.301844627,1.308936119,4.551351547,4.302325726,7.166666508,3.0,25.396463,10.744284,55.465841,216.506056,35.851981,16.477877,19.374105,24.693599,25.220489,28.579781,23.129677,888.817316,258.047852,0.793609,97.609813,560.207341,5.966491,115.514914,90.523868,Arid,147827041.1,107228676.9,74716707.76,51375685.83,36591464.57,26972694.47,5127.34196,6669.091987,3802.856923,2801.004372,2177.24826,1766.342233,1.970453,360.825806,6.278768378,0.647867447,0.697016051,0.598718907,0.55180436,0.513825909,0.478081515,15478840.0,240.313451,Cropland,Vertisols,Metamorphics,15.9483,77.4264,Krishna,Andhra Pradesh,60630.0,64017.37891,5.586968349,2007,6,174,Monsoon
310.38,309.09617212193166,1.2838278780683368,1.2838278780683368,INDOFLOODS-gauge-29,310.38,18.75530091,37.75455607,49.57187637,58.78433579,65.49598243,68.50325767,71.13141188,72.64840242,74.50778395,77.27362974,6,572100.6875,386962.3438,64017.37891,1487,389954.0938,1413298.5,1.478440166,0.420989156,0.003813269,3.59e-11,0.402754098,2.375358105,0.000763462,0.000163947,1.586924195,1.467097521,0.40479821,842,1.69e-08,0.000102806,2.76e-12,0.243788987,842,185.0,43.0,6.0,2.0,5508303.5,2695714.25,1311469.25,395859.9375,518155.375,6541.928223,14571.42871,30499.28516,65976.65625,259077.6875,0.489391029,0.486501575,0.301844627,1.308936119,4.551351547,4.302325726,7.166666508,3.0,25.396463,10.744284,55.465841,216.506056,35.851981,16.477877,19.374105,24.693599,25.220489,28.579781,23.129677,888.817316,258.047852,0.793609,97.609813,560.207341,5.966491,115.514914,90.523868,Arid,147827041.1,107228676.9,74716707.76,51375685.83,36591464.57,26972694.47,5127.34196,6669.091987,3802.856923,2801.004372,2177.24826,1766.342233,1.970453,360.825806,6.278768378,0.647867447,0.697016051,0.598718907,0.55180436,0.513825909,0.478081515,15478840.0,240.313451,Cropland,Vertisols,Metamorphics,15.9483,77.4264,Krishna,Andhra Pradesh,60630.0,64017.37891,5.586968349,2000,8,238,Monsoon
250.33,251.6069549161525,-1.2769549161524765,1.2769549161524765,INDOFLOODS-gauge-562,250.33,24.28294454,31.95292144,41.06330477,105.6666772,126.5308775,128.8242886,129.8009878,131.7026308,137.5327656,137.9323562,5,176802.8281,110943.6875,8086.739746,876,112618.3438,537532.3125,1.593626738,0.637610137,0.007778484,3.5e-10,0.351701468,1.568356514,0.000267891,0.000188917,1.698200941,1.569929242,0.328915715,100,1.78e-08,9.43e-05,3.36e-12,0.16549097,100,30.0,10.0,3.0,1.0,743131.4375,388686.7813,271471.0938,82725.88281,41704.44531,7431.314453,12956.22559,27147.10938,27575.29492,41704.44531,0.523039103,0.698431492,0.304731816,0.504128158,3.333333254,3.0,3.333333254,3.0,26.895902,12.97327,45.244165,424.326837,42.208971,13.542206,28.666765,26.430209,26.362461,32.838649,21.954322,857.720392,247.961176,5.181176,124.347622,618.163039,21.476961,151.119216,28.412549,Arid,265317938.8,191820327.1,131007921.2,88571291.54,75604739.54,52615017.97,6739.4337,8765.92635,4927.736971,3599.317474,3429.305784,2706.360197,2.108957,385.398058,5.935682518,0.701748745,0.754984911,0.648512714,0.597696408,0.556559369,0.517842189,2620181.0,320.350613,Cropland,Vertisols,Unconsolidated sediments,20.8742,76.9897,Tapi,Maharashtra,9500.0,8086.739745999999,14.87642373,1978,8,241,Monsoon
310.37,309.09617212193166,1.273827878068346,1.273827878068346,INDOFLOODS-gauge-29,310.37,12.36432125,29.28294276,35.94291077,43.85616724,59.00887275,69.81800041,72.7499712,74.54090925,75.46708382,77.23949773,6,572100.6875,386962.3438,64017.37891,1487,389954.0938,1413298.5,1.478440166,0.420989156,0.003813269,3.59e-11,0.402754098,2.375358105,0.000763462,0.000163947,1.586924195,1.467097521,0.40479821,842,1.69e-08,0.000102806,2.76e-12,0.243788987,842,185.0,43.0,6.0,2.0,5508303.5,2695714.25,1311469.25,395859.9375,518155.375,6541.928223,14571.42871,30499.28516,65976.65625,259077.6875,0.489391029,0.486501575,0.301844627,1.308936119,4.551351547,4.302325726,7.166666508,3.0,25.396463,10.744284,55.465841,216.506056,35.851981,16.477877,19.374105,24.693599,25.220489,28.579781,23.129677,888.817316,258.047852,0.793609,97.609813,560.207341,5.966491,115.514914,90.523868,Arid,147827041.1,107228676.9,74716707.76,51375685.83,36591464.57,26972694.47,5127.34196,6669.091987,3802.856923,2801.004372,2177.24826,1766.342233,1.970453,360.825806,6.278768378,0.647867447,0.697016051,0.598718907,0.55180436,0.513825909,0.478081515,15478840.0,240.313451,Cropland,Vertisols,Metamorphics,15.9483,77.4264,Krishna,Andhra Pradesh,60630.0,64017.37891,5.586968349,1988,9,260,Monsoon
310.36,309.09617212193166,1.263827878068355,1.263827878068355,INDOFLOODS-gauge-29,310.36,8.057265649,16.08394602,25.54242017,35.48352694,54.16473587,76.31625216,88.14279188,99.03499743,108.5237297,124.7298884,6,572100.6875,386962.3438,64017.37891,1487,389954.0938,1413298.5,1.478440166,0.420989156,0.003813269,3.59e-11,0.402754098,2.375358105,0.000763462,0.000163947,1.586924195,1.467097521,0.40479821,842,1.69e-08,0.000102806,2.76e-12,0.243788987,842,185.0,43.0,6.0,2.0,5508303.5,2695714.25,1311469.25,395859.9375,518155.375,6541.928223,14571.42871,30499.28516,65976.65625,259077.6875,0.489391029,0.486501575,0.301844627,1.308936119,4.551351547,4.302325726,7.166666508,3.0,25.396463,10.744284,55.465841,216.506056,35.851981,16.477877,19.374105,24.693599,25.220489,28.579781,23.129677,888.817316,258.047852,0.793609,97.609813,560.207341,5.966491,115.514914,90.523868,Arid,147827041.1,107228676.9,74716707.76,51375685.83,36591464.57,26972694.47,5127.34196,6669.091987,3802.856923,2801.004372,2177.24826,1766.342233,1.970453,360.825806,6.278768378,0.647867447,0.697016051,0.598718907,0.55180436,0.513825909,0.478081515,15478840.0,240.313451,Cropland,Vertisols,Metamorphics,15.9483,77.4264,Krishna,Andhra Pradesh,60630.0,64017.37891,5.586968349,1999,7,209,Monsoon
310.33,309.09617212193166,1.2338278780683254,1.2338278780683254,INDOFLOODS-gauge-29,310.33,5.876461677000001,16.94338869,27.86222532,39.03884671,46.23791734,48.9184994,58.95391824,63.24557623,71.05535277,84.36280651,6,572100.6875,386962.3438,64017.37891,1487,389954.0938,1413298.5,1.478440166,0.420989156,0.003813269,3.59e-11,0.402754098,2.375358105,0.000763462,0.000163947,1.586924195,1.467097521,0.40479821,842,1.69e-08,0.000102806,2.76e-12,0.243788987,842,185.0,43.0,6.0,2.0,5508303.5,2695714.25,1311469.25,395859.9375,518155.375,6541.928223,14571.42871,30499.28516,65976.65625,259077.6875,0.489391029,0.486501575,0.301844627,1.308936119,4.551351547,4.302325726,7.166666508,3.0,25.396463,10.744284,55.465841,216.506056,35.851981,16.477877,19.374105,24.693599,25.220489,28.579781,23.129677,888.817316,258.047852,0.793609,97.609813,560.207341,5.966491,115.514914,90.523868,Arid,147827041.1,107228676.9,74716707.76,51375685.83,36591464.57,26972694.47,5127.34196,6669.091987,3802.856923,2801.004372,2177.24826,1766.342233,1.970453,360.825806,6.278768378,0.647867447,0.697016051,0.598718907,0.55180436,0.513825909,0.478081515,15478840.0,240.313451,Cropland,Vertisols,Metamorphics,15.9483,77.4264,Krishna,Andhra Pradesh,60630.0,64017.37891,5.586968349,2000,9,274,Monsoon
310.32,309.09617212193166,1.2238278780683345,1.2238278780683345,INDOFLOODS-gauge-29,310.32,5.487755186,11.99586684,22.76932329,42.75070191,53.96472084,67.79681348,80.03356751,82.39560983,82.71194172,83.37867901,6,572100.6875,386962.3438,64017.37891,1487,389954.0938,1413298.5,1.478440166,0.420989156,0.003813269,3.59e-11,0.402754098,2.375358105,0.000763462,0.000163947,1.586924195,1.467097521,0.40479821,842,1.69e-08,0.000102806,2.76e-12,0.243788987,842,185.0,43.0,6.0,2.0,5508303.5,2695714.25,1311469.25,395859.9375,518155.375,6541.928223,14571.42871,30499.28516,65976.65625,259077.6875,0.489391029,0.486501575,0.301844627,1.308936119,4.551351547,4.302325726,7.166666508,3.0,25.396463,10.744284,55.465841,216.506056,35.851981,16.477877,19.374105,24.693599,25.220489,28.579781,23.129677,888.817316,258.047852,0.793609,97.609813,560.207341,5.966491,115.514914,90.523868,Arid,147827041.1,107228676.9,74716707.76,51375685.83,36591464.57,26972694.47,5127.34196,6669.091987,3802.856923,2801.004372,2177.24826,1766.342233,1.970453,360.825806,6.278768378,0.647867447,0.697016051,0.598718907,0.55180436,0.513825909,0.478081515,15478840.0,240.313451,Cropland,Vertisols,Metamorphics,15.9483,77.4264,Krishna,Andhra Pradesh,60630.0,64017.37891,5.586968349,2014,8,237,Monsoon
310.32,309.09617212193166,1.2238278780683345,1.2238278780683345,INDOFLOODS-gauge-29,310.32,4.755185624,10.15163212,15.47411721,20.31201877,23.82283433,27.38387074,36.26837522,52.10287907,68.80976551,85.81793082,6,572100.6875,386962.3438,64017.37891,1487,389954.0938,1413298.5,1.478440166,0.420989156,0.003813269,3.59e-11,0.402754098,2.375358105,0.000763462,0.000163947,1.586924195,1.467097521,0.40479821,842,1.69e-08,0.000102806,2.76e-12,0.243788987,842,185.0,43.0,6.0,2.0,5508303.5,2695714.25,1311469.25,395859.9375,518155.375,6541.928223,14571.42871,30499.28516,65976.65625,259077.6875,0.489391029,0.486501575,0.301844627,1.308936119,4.551351547,4.302325726,7.166666508,3.0,25.396463,10.744284,55.465841,216.506056,35.851981,16.477877,19.374105,24.693599,25.220489,28.579781,23.129677,888.817316,258.047852,0.793609,97.609813,560.207341,5.966491,115.514914,90.523868,Arid,147827041.1,107228676.9,74716707.76,51375685.83,36591464.57,26972694.47,5127.34196,6669.091987,3802.856923,2801.004372,2177.24826,1766.342233,1.970453,360.825806,6.278768378,0.647867447,0.697016051,0.598718907,0.55180436,0.513825909,0.478081515,15478840.0,240.313451,Cropland,Vertisols,Metamorphics,15.9483,77.4264,Krishna,Andhra Pradesh,60630.0,64017.37891,5.586968349,1990,8,236,Monsoon
310.3,309.09617212193166,1.203827878068353,1.203827878068353,INDOFLOODS-gauge-29,310.3,8.027130545,18.37591705,33.06105427,36.35695694,37.81913392,43.24990393,51.61180428,68.38853521,78.20377929,79.86947685,6,572100.6875,386962.3438,64017.37891,1487,389954.0938,1413298.5,1.478440166,0.420989156,0.003813269,3.59e-11,0.402754098,2.375358105,0.000763462,0.000163947,1.586924195,1.467097521,0.40479821,842,1.69e-08,0.000102806,2.76e-12,0.243788987,842,185.0,43.0,6.0,2.0,5508303.5,2695714.25,1311469.25,395859.9375,518155.375,6541.928223,14571.42871,30499.28516,65976.65625,259077.6875,0.489391029,0.486501575,0.301844627,1.308936119,4.551351547,4.302325726,7.166666508,3.0,25.396463,10.744284,55.465841,216.506056,35.851981,16.477877,19.374105,24.693599,25.220489,28.579781,23.129677,888.817316,258.047852,0.793609,97.609813,560.207341,5.966491,115.514914,90.523868,Arid,147827041.1,107228676.9,74716707.76,51375685.83,36591464.57,26972694.47,5127.34196,6669.091987,3802.856923,2801.004372,2177.24826,1766.342233,1.970453,360.825806,6.278768378,0.647867447,0.697016051,0.598718907,0.55180436,0.513825909,0.478081515,15478840.0,240.313451,Cropland,Vertisols,Metamorphics,15.9483,77.4264,Krishna,Andhra Pradesh,60630.0,64017.37891,5.586968349,1972,10,282,Post-Monsoon
310.29,309.09617212193166,1.1938278780683618,1.1938278780683618,INDOFLOODS-gauge-29,310.29,5.309770318,14.04470007,25.30694946,34.43493651,50.23945955,81.95407447,96.65751789,101.7668014,107.5494606,108.3308005,6,572100.6875,386962.3438,64017.37891,1487,389954.0938,1413298.5,1.478440166,0.420989156,0.003813269,3.59e-11,0.402754098,2.375358105,0.000763462,0.000163947,1.586924195,1.467097521,0.40479821,842,1.69e-08,0.000102806,2.76e-12,0.243788987,842,185.0,43.0,6.0,2.0,5508303.5,2695714.25,1311469.25,395859.9375,518155.375,6541.928223,14571.42871,30499.28516,65976.65625,259077.6875,0.489391029,0.486501575,0.301844627,1.308936119,4.551351547,4.302325726,7.166666508,3.0,25.396463,10.744284,55.465841,216.506056,35.851981,16.477877,19.374105,24.693599,25.220489,28.579781,23.129677,888.817316,258.047852,0.793609,97.609813,560.207341,5.966491,115.514914,90.523868,Arid,147827041.1,107228676.9,74716707.76,51375685.83,36591464.57,26972694.47,5127.34196,6669.091987,3802.856923,2801.004372,2177.24826,1766.342233,1.970453,360.825806,6.278768378,0.647867447,0.697016051,0.598718907,0.55180436,0.513825909,0.478081515,15478840.0,240.313451,Cropland,Vertisols,Metamorphics,15.9483,77.4264,Krishna,Andhra Pradesh,60630.0,64017.37891,5.586968349,1989,9,268,Monsoon
310.22,309.09617212193166,1.1238278780683686,1.1238278780683686,INDOFLOODS-gauge-29,310.22,7.062347779,20.6588673,30.412771600000006,31.73375398,32.01346599,32.77852441,35.10739111,35.69332018,38.77091923,39.70493753,6,572100.6875,386962.3438,64017.37891,1487,389954.0938,1413298.5,1.478440166,0.420989156,0.003813269,3.59e-11,0.402754098,2.375358105,0.000763462,0.000163947,1.586924195,1.467097521,0.40479821,842,1.69e-08,0.000102806,2.76e-12,0.243788987,842,185.0,43.0,6.0,2.0,5508303.5,2695714.25,1311469.25,395859.9375,518155.375,6541.928223,14571.42871,30499.28516,65976.65625,259077.6875,0.489391029,0.486501575,0.301844627,1.308936119,4.551351547,4.302325726,7.166666508,3.0,25.396463,10.744284,55.465841,216.506056,35.851981,16.477877,19.374105,24.693599,25.220489,28.579781,23.129677,888.817316,258.047852,0.793609,97.609813,560.207341,5.966491,115.514914,90.523868,Arid,147827041.1,107228676.9,74716707.76,51375685.83,36591464.57,26972694.47,5127.34196,6669.091987,3802.856923,2801.004372,2177.24826,1766.342233,1.970453,360.825806,6.278768378,0.647867447,0.697016051,0.598718907,0.55180436,0.513825909,0.478081515,15478840.0,240.313451,Cropland,Vertisols,Metamorphics,15.9483,77.4264,Krishna,Andhra Pradesh,60630.0,64017.37891,5.586968349,1977,6,168,Monsoon
29.4,28.293345632833905,1.1066543671660938,1.1066543671660938,INDOFLOODS-gauge-1085,29.4,13.37005297,22.51200601,29.67700505,46.70226723,62.48560337,73.21579408,107.8824793,127.2266518,146.6619905,163.03905519999995,5,463678.7188,330162.8125,21904.48242,1204,341410.3438,1098149.25,1.40439415,0.18792288,0.003526548,7.02e-11,0.228254899,5.321331978,0.000363339,0.000161826,2.107978106,1.358127356,0.422236532,315,1.82e-08,0.000112562,2.95e-12,0.1948383,315,67.0,13.0,3.0,1.0,1756620.375,817386.5,396399.9375,274903.0313,299401.1875,5576.572754,12199.79883,30492.30273,91634.34375,299401.1875,0.465317667,0.484960228,0.693499207,1.08911562,4.70149231,5.153846264,4.333333492,3.0,25.324364,11.317986,40.461182,493.632095,38.792319,10.797642,27.994677,27.586145,18.959131,31.029907,18.706263,1213.55461,306.451879,3.037624,115.792655,829.954574,26.053865,236.935106,34.614645,Tropical,193803869.7,139464558.5,95072538.82,76975155.1,55169759.77,46898096.51,2346.516734,3052.095218,1713.25437,1511.417903,1239.699602,1215.136213,7.762763,433.032258,42.26073014,0.508558694,0.547139028,0.469978406,0.433151714,0.403339676,0.375281258,15777280.0,722.63754,Cropland,Luvisols,Metamorphics,22.8381,87.9031,Ganga - Brahmaputra -Meghna/Barak,West Bengal,21310.0,21904.48242,2.789687565,2012,9,257,Monsoon
310.19,309.09617212193166,1.093827878068339,1.093827878068339,INDOFLOODS-gauge-29,310.19,3.0523322630000003,8.564240023,21.86529778,23.21674626,23.9436361,24.12750191,24.17989749,24.34148024,24.45707802,24.80719674,6,572100.6875,386962.3438,64017.37891,1487,389954.0938,1413298.5,1.478440166,0.420989156,0.003813269,3.59e-11,0.402754098,2.375358105,0.000763462,0.000163947,1.586924195,1.467097521,0.40479821,842,1.69e-08,0.000102806,2.76e-12,0.243788987,842,185.0,43.0,6.0,2.0,5508303.5,2695714.25,1311469.25,395859.9375,518155.375,6541.928223,14571.42871,30499.28516,65976.65625,259077.6875,0.489391029,0.486501575,0.301844627,1.308936119,4.551351547,4.302325726,7.166666508,3.0,25.396463,10.744284,55.465841,216.506056,35.851981,16.477877,19.374105,24.693599,25.220489,28.579781,23.129677,888.817316,258.047852,0.793609,97.609813,560.207341,5.966491,115.514914,90.523868,Arid,147827041.1,107228676.9,74716707.76,51375685.83,36591464.57,26972694.47,5127.34196,6669.091987,3802.856923,2801.004372,2177.24826,1766.342233,1.970453,360.825806,6.278768378,0.647867447,0.697016051,0.598718907,0.55180436,0.513825909,0.478081515,15478840.0,240.313451,Cropland,Vertisols,Metamorphics,15.9483,77.4264,Krishna,Andhra Pradesh,60630.0,64017.37891,5.586968349,1972,9,255,Monsoon
310.19,309.09617212193166,1.093827878068339,1.093827878068339,INDOFLOODS-gauge-29,310.19,7.778781417,13.15032796,14.41355226,20.57045541,31.21179533,35.34098483,52.26484191,53.78456357,54.98529093,60.27711462,6,572100.6875,386962.3438,64017.37891,1487,389954.0938,1413298.5,1.478440166,0.420989156,0.003813269,3.59e-11,0.402754098,2.375358105,0.000763462,0.000163947,1.586924195,1.467097521,0.40479821,842,1.69e-08,0.000102806,2.76e-12,0.243788987,842,185.0,43.0,6.0,2.0,5508303.5,2695714.25,1311469.25,395859.9375,518155.375,6541.928223,14571.42871,30499.28516,65976.65625,259077.6875,0.489391029,0.486501575,0.301844627,1.308936119,4.551351547,4.302325726,7.166666508,3.0,25.396463,10.744284,55.465841,216.506056,35.851981,16.477877,19.374105,24.693599,25.220489,28.579781,23.129677,888.817316,258.047852,0.793609,97.609813,560.207341,5.966491,115.514914,90.523868,Arid,147827041.1,107228676.9,74716707.76,51375685.83,36591464.57,26972694.47,5127.34196,6669.091987,3802.856923,2801.004372,2177.24826,1766.342233,1.970453,360.825806,6.278768378,0.647867447,0.697016051,0.598718907,0.55180436,0.513825909,0.478081515,15478840.0,240.313451,Cropland,Vertisols,Metamorphics,15.9483,77.4264,Krishna,Andhra Pradesh,60630.0,64017.37891,5.586968349,1981,11,307,Post-Monsoon
310.16,309.09617212193166,1.0638278780683663,1.0638278780683663,INDOFLOODS-gauge-29,310.16,8.133642751,36.58784883,47.83517068,72.89155841,82.60680872,92.62060748,107.7609004,116.309771,129.75569879999998,132.9210839,6,572100.6875,386962.3438,64017.37891,1487,389954.0938,1413298.5,1.478440166,0.420989156,0.003813269,3.59e-11,0.402754098,2.375358105,0.000763462,0.000163947,1.586924195,1.467097521,0.40479821,842,1.69e-08,0.000102806,2.76e-12,0.243788987,842,185.0,43.0,6.0,2.0,5508303.5,2695714.25,1311469.25,395859.9375,518155.375,6541.928223,14571.42871,30499.28516,65976.65625,259077.6875,0.489391029,0.486501575,0.301844627,1.308936119,4.551351547,4.302325726,7.166666508,3.0,25.396463,10.744284,55.465841,216.506056,35.851981,16.477877,19.374105,24.693599,25.220489,28.579781,23.129677,888.817316,258.047852,0.793609,97.609813,560.207341,5.966491,115.514914,90.523868,Arid,147827041.1,107228676.9,74716707.76,51375685.83,36591464.57,26972694.47,5127.34196,6669.091987,3802.856923,2801.004372,2177.24826,1766.342233,1.970453,360.825806,6.278768378,0.647867447,0.697016051,0.598718907,0.55180436,0.513825909,0.478081515,15478840.0,240.313451,Cropland,Vertisols,Metamorphics,15.9483,77.4264,Krishna,Andhra Pradesh,60630.0,64017.37891,5.586968349,2005,9,249,Monsoon
310.12,309.09617212193166,1.023827878068346,1.023827878068346,INDOFLOODS-gauge-29,310.12,7.329510892999999,11.74200559,19.55886648,23.76828096,26.00993189,30.18067881,35.12794572,37.92790903,39.63762485,41.02034919,6,572100.6875,386962.3438,64017.37891,1487,389954.0938,1413298.5,1.478440166,0.420989156,0.003813269,3.59e-11,0.402754098,2.375358105,0.000763462,0.000163947,1.586924195,1.467097521,0.40479821,842,1.69e-08,0.000102806,2.76e-12,0.243788987,842,185.0,43.0,6.0,2.0,5508303.5,2695714.25,1311469.25,395859.9375,518155.375,6541.928223,14571.42871,30499.28516,65976.65625,259077.6875,0.489391029,0.486501575,0.301844627,1.308936119,4.551351547,4.302325726,7.166666508,3.0,25.396463,10.744284,55.465841,216.506056,35.851981,16.477877,19.374105,24.693599,25.220489,28.579781,23.129677,888.817316,258.047852,0.793609,97.609813,560.207341,5.966491,115.514914,90.523868,Arid,147827041.1,107228676.9,74716707.76,51375685.83,36591464.57,26972694.47,5127.34196,6669.091987,3802.856923,2801.004372,2177.24826,1766.342233,1.970453,360.825806,6.278768378,0.647867447,0.697016051,0.598718907,0.55180436,0.513825909,0.478081515,15478840.0,240.313451,Cropland,Vertisols,Metamorphics,15.9483,77.4264,Krishna,Andhra Pradesh,60630.0,64017.37891,5.586968349,1981,6,172,Monsoon
310.12,309.09617212193166,1.023827878068346,1.023827878068346,INDOFLOODS-gauge-29,310.12,4.731813475,8.733583373,12.89749109,16.38821276,28.31981438,35.82140734,39.66773737,43.14537135,49.32190444,60.49412275,6,572100.6875,386962.3438,64017.37891,1487,389954.0938,1413298.5,1.478440166,0.420989156,0.003813269,3.59e-11,0.402754098,2.375358105,0.000763462,0.000163947,1.586924195,1.467097521,0.40479821,842,1.69e-08,0.000102806,2.76e-12,0.243788987,842,185.0,43.0,6.0,2.0,5508303.5,2695714.25,1311469.25,395859.9375,518155.375,6541.928223,14571.42871,30499.28516,65976.65625,259077.6875,0.489391029,0.486501575,0.301844627,1.308936119,4.551351547,4.302325726,7.166666508,3.0,25.396463,10.744284,55.465841,216.506056,35.851981,16.477877,19.374105,24.693599,25.220489,28.579781,23.129677,888.817316,258.047852,0.793609,97.609813,560.207341,5.966491,115.514914,90.523868,Arid,147827041.1,107228676.9,74716707.76,51375685.83,36591464.57,26972694.47,5127.34196,6669.091987,3802.856923,2801.004372,2177.24826,1766.342233,1.970453,360.825806,6.278768378,0.647867447,0.697016051,0.598718907,0.55180436,0.513825909,0.478081515,15478840.0,240.313451,Cropland,Vertisols,Metamorphics,15.9483,77.4264,Krishna,Andhra Pradesh,60630.0,64017.37891,5.586968349,1994,9,245,Monsoon
310.1,309.09617212193166,1.003827878068364,1.003827878068364,INDOFLOODS-gauge-29,310.1,6.658989527,13.01691669,16.80215449,18.69391569,21.47065614,25.40480503,30.96627175,43.31939443,55.77316728,66.93694569,6,572100.6875,386962.3438,64017.37891,1487,389954.0938,1413298.5,1.478440166,0.420989156,0.003813269,3.59e-11,0.402754098,2.375358105,0.000763462,0.000163947,1.586924195,1.467097521,0.40479821,842,1.69e-08,0.000102806,2.76e-12,0.243788987,842,185.0,43.0,6.0,2.0,5508303.5,2695714.25,1311469.25,395859.9375,518155.375,6541.928223,14571.42871,30499.28516,65976.65625,259077.6875,0.489391029,0.486501575,0.301844627,1.308936119,4.551351547,4.302325726,7.166666508,3.0,25.396463,10.744284,55.465841,216.506056,35.851981,16.477877,19.374105,24.693599,25.220489,28.579781,23.129677,888.817316,258.047852,0.793609,97.609813,560.207341,5.966491,115.514914,90.523868,Arid,147827041.1,107228676.9,74716707.76,51375685.83,36591464.57,26972694.47,5127.34196,6669.091987,3802.856923,2801.004372,2177.24826,1766.342233,1.970453,360.825806,6.278768378,0.647867447,0.697016051,0.598718907,0.55180436,0.513825909,0.478081515,15478840.0,240.313451,Cropland,Vertisols,Metamorphics,15.9483,77.4264,Krishna,Andhra Pradesh,60630.0,64017.37891,5.586968349,1978,7,206,Monsoon
310.1,309.09617212193166,1.003827878068364,1.003827878068364,INDOFLOODS-gauge-29,310.1,3.584896791,12.23897388,28.33269523,35.02831074,40.27148594,54.09574769,75.0915496,91.26398608,117.4252461,137.6364645,6,572100.6875,386962.3438,64017.37891,1487,389954.0938,1413298.5,1.478440166,0.420989156,0.003813269,3.59e-11,0.402754098,2.375358105,0.000763462,0.000163947,1.586924195,1.467097521,0.40479821,842,1.69e-08,0.000102806,2.76e-12,0.243788987,842,185.0,43.0,6.0,2.0,5508303.5,2695714.25,1311469.25,395859.9375,518155.375,6541.928223,14571.42871,30499.28516,65976.65625,259077.6875,0.489391029,0.486501575,0.301844627,1.308936119,4.551351547,4.302325726,7.166666508,3.0,25.396463,10.744284,55.465841,216.506056,35.851981,16.477877,19.374105,24.693599,25.220489,28.579781,23.129677,888.817316,258.047852,0.793609,97.609813,560.207341,5.966491,115.514914,90.523868,Arid,147827041.1,107228676.9,74716707.76,51375685.83,36591464.57,26972694.47,5127.34196,6669.091987,3802.856923,2801.004372,2177.24826,1766.342233,1.970453,360.825806,6.278768378,0.647867447,0.697016051,0.598718907,0.55180436,0.513825909,0.478081515,15478840.0,240.313451,Cropland,Vertisols,Metamorphics,15.9483,77.4264,Krishna,Andhra Pradesh,60630.0,64017.37891,5.586968349,2017,9,259,Monsoon
310.09,309.09617212193166,0.9938278780683164,0.9938278780683164,INDOFLOODS-gauge-29,310.09,19.76448744,42.91083094,45.23583156,55.35276999999999,56.68816665,57.18330886,58.16139929,58.49699935,60.58963489999999,61.68453356,6,572100.6875,386962.3438,64017.37891,1487,389954.0938,1413298.5,1.478440166,0.420989156,0.003813269,3.59e-11,0.402754098,2.375358105,0.000763462,0.000163947,1.586924195,1.467097521,0.40479821,842,1.69e-08,0.000102806,2.76e-12,0.243788987,842,185.0,43.0,6.0,2.0,5508303.5,2695714.25,1311469.25,395859.9375,518155.375,6541.928223,14571.42871,30499.28516,65976.65625,259077.6875,0.489391029,0.486501575,0.301844627,1.308936119,4.551351547,4.302325726,7.166666508,3.0,25.396463,10.744284,55.465841,216.506056,35.851981,16.477877,19.374105,24.693599,25.220489,28.579781,23.129677,888.817316,258.047852,0.793609,97.609813,560.207341,5.966491,115.514914,90.523868,Arid,147827041.1,107228676.9,74716707.76,51375685.83,36591464.57,26972694.47,5127.34196,6669.091987,3802.856923,2801.004372,2177.24826,1766.342233,1.970453,360.825806,6.278768378,0.647867447,0.697016051,0.598718907,0.55180436,0.513825909,0.478081515,15478840.0,240.313451,Cropland,Vertisols,Metamorphics,15.9483,77.4264,Krishna,Andhra Pradesh,60630.0,64017.37891,5.586968349,2015,9,251,Monsoon
310.08,309.09617212193166,0.9838278780683254,0.9838278780683254,INDOFLOODS-gauge-29,310.08,10.77345645,30.75483507,41.968854,55.80094664,68.03770067,70.39974299,70.71607488,71.38281217,72.51260449,73.66250905,6,572100.6875,386962.3438,64017.37891,1487,389954.0938,1413298.5,1.478440166,0.420989156,0.003813269,3.59e-11,0.402754098,2.375358105,0.000763462,0.000163947,1.586924195,1.467097521,0.40479821,842,1.69e-08,0.000102806,2.76e-12,0.243788987,842,185.0,43.0,6.0,2.0,5508303.5,2695714.25,1311469.25,395859.9375,518155.375,6541.928223,14571.42871,30499.28516,65976.65625,259077.6875,0.489391029,0.486501575,0.301844627,1.308936119,4.551351547,4.302325726,7.166666508,3.0,25.396463,10.744284,55.465841,216.506056,35.851981,16.477877,19.374105,24.693599,25.220489,28.579781,23.129677,888.817316,258.047852,0.793609,97.609813,560.207341,5.966491,115.514914,90.523868,Arid,147827041.1,107228676.9,74716707.76,51375685.83,36591464.57,26972694.47,5127.34196,6669.091987,3802.856923,2801.004372,2177.24826,1766.342233,1.970453,360.825806,6.278768378,0.647867447,0.697016051,0.598718907,0.55180436,0.513825909,0.478081515,15478840.0,240.313451,Cropland,Vertisols,Metamorphics,15.9483,77.4264,Krishna,Andhra Pradesh,60630.0,64017.37891,5.586968349,2014,8,235,Monsoon
310.07,309.09617212193166,0.9738278780683344,0.9738278780683344,INDOFLOODS-gauge-29,310.07,2.294253429,13.03857878,27.08695171,35.13276144,43.42814816,50.62004922,56.63489879,61.22069789,65.86555489,72.82630476,6,572100.6875,386962.3438,64017.37891,1487,389954.0938,1413298.5,1.478440166,0.420989156,0.003813269,3.59e-11,0.402754098,2.375358105,0.000763462,0.000163947,1.586924195,1.467097521,0.40479821,842,1.69e-08,0.000102806,2.76e-12,0.243788987,842,185.0,43.0,6.0,2.0,5508303.5,2695714.25,1311469.25,395859.9375,518155.375,6541.928223,14571.42871,30499.28516,65976.65625,259077.6875,0.489391029,0.486501575,0.301844627,1.308936119,4.551351547,4.302325726,7.166666508,3.0,25.396463,10.744284,55.465841,216.506056,35.851981,16.477877,19.374105,24.693599,25.220489,28.579781,23.129677,888.817316,258.047852,0.793609,97.609813,560.207341,5.966491,115.514914,90.523868,Arid,147827041.1,107228676.9,74716707.76,51375685.83,36591464.57,26972694.47,5127.34196,6669.091987,3802.856923,2801.004372,2177.24826,1766.342233,1.970453,360.825806,6.278768378,0.647867447,0.697016051,0.598718907,0.55180436,0.513825909,0.478081515,15478840.0,240.313451,Cropland,Vertisols,Metamorphics,15.9483,77.4264,Krishna,Andhra Pradesh,60630.0,64017.37891,5.586968349,2007,7,200,Monsoon
310.06,309.09617212193166,0.9638278780683436,0.9638278780683436,INDOFLOODS-gauge-29,310.06,8.555090943,21.74871974,22.74163557,23.38397355,24.67477989,27.92607026,32.57648162,45.73957499,55.02317411,60.09022613,6,572100.6875,386962.3438,64017.37891,1487,389954.0938,1413298.5,1.478440166,0.420989156,0.003813269,3.59e-11,0.402754098,2.375358105,0.000763462,0.000163947,1.586924195,1.467097521,0.40479821,842,1.69e-08,0.000102806,2.76e-12,0.243788987,842,185.0,43.0,6.0,2.0,5508303.5,2695714.25,1311469.25,395859.9375,518155.375,6541.928223,14571.42871,30499.28516,65976.65625,259077.6875,0.489391029,0.486501575,0.301844627,1.308936119,4.551351547,4.302325726,7.166666508,3.0,25.396463,10.744284,55.465841,216.506056,35.851981,16.477877,19.374105,24.693599,25.220489,28.579781,23.129677,888.817316,258.047852,0.793609,97.609813,560.207341,5.966491,115.514914,90.523868,Arid,147827041.1,107228676.9,74716707.76,51375685.83,36591464.57,26972694.47,5127.34196,6669.091987,3802.856923,2801.004372,2177.24826,1766.342233,1.970453,360.825806,6.278768378,0.647867447,0.697016051,0.598718907,0.55180436,0.513825909,0.478081515,15478840.0,240.313451,Cropland,Vertisols,Metamorphics,15.9483,77.4264,Krishna,Andhra Pradesh,60630.0,64017.37891,5.586968349,1983,9,267,Monsoon
310.02,309.09617212193166,0.9238278780683232,0.9238278780683232,INDOFLOODS-gauge-29,310.02,2.9267740680000003,12.10501489,13.10572486,13.58388672,17.14007136,24.0288938,24.36949139,24.75233598,26.90975144,28.31813089,6,572100.6875,386962.3438,64017.37891,1487,389954.0938,1413298.5,1.478440166,0.420989156,0.003813269,3.59e-11,0.402754098,2.375358105,0.000763462,0.000163947,1.586924195,1.467097521,0.40479821,842,1.69e-08,0.000102806,2.76e-12,0.243788987,842,185.0,43.0,6.0,2.0,5508303.5,2695714.25,1311469.25,395859.9375,518155.375,6541.928223,14571.42871,30499.28516,65976.65625,259077.6875,0.489391029,0.486501575,0.301844627,1.308936119,4.551351547,4.302325726,7.166666508,3.0,25.396463,10.744284,55.465841,216.506056,35.851981,16.477877,19.374105,24.693599,25.220489,28.579781,23.129677,888.817316,258.047852,0.793609,97.609813,560.207341,5.966491,115.514914,90.523868,Arid,147827041.1,107228676.9,74716707.76,51375685.83,36591464.57,26972694.47,5127.34196,6669.091987,3802.856923,2801.004372,2177.24826,1766.342233,1.970453,360.825806,6.278768378,0.647867447,0.697016051,0.598718907,0.55180436,0.513825909,0.478081515,15478840.0,240.313451,Cropland,Vertisols,Metamorphics,15.9483,77.4264,Krishna,Andhra Pradesh,60630.0,64017.37891,5.586968349,1983,10,278,Post-Monsoon
250.69,251.6069549161525,-0.9169549161524913,0.9169549161524913,INDOFLOODS-gauge-562,250.69,76.31136617,80.98295034,86.37357229,106.05572990000002,125.7708858,140.09810269999997,163.1153853,169.9535541,173.61702780000005,185.4519327,5,176802.8281,110943.6875,8086.739746,876,112618.3438,537532.3125,1.593626738,0.637610137,0.007778484,3.5e-10,0.351701468,1.568356514,0.000267891,0.000188917,1.698200941,1.569929242,0.328915715,100,1.78e-08,9.43e-05,3.36e-12,0.16549097,100,30.0,10.0,3.0,1.0,743131.4375,388686.7813,271471.0938,82725.88281,41704.44531,7431.314453,12956.22559,27147.10938,27575.29492,41704.44531,0.523039103,0.698431492,0.304731816,0.504128158,3.333333254,3.0,3.333333254,3.0,26.895902,12.97327,45.244165,424.326837,42.208971,13.542206,28.666765,26.430209,26.362461,32.838649,21.954322,857.720392,247.961176,5.181176,124.347622,618.163039,21.476961,151.119216,28.412549,Arid,265317938.8,191820327.1,131007921.2,88571291.54,75604739.54,52615017.97,6739.4337,8765.92635,4927.736971,3599.317474,3429.305784,2706.360197,2.108957,385.398058,5.935682518,0.701748745,0.754984911,0.648512714,0.597696408,0.556559369,0.517842189,2620181.0,320.350613,Cropland,Vertisols,Unconsolidated sediments,20.8742,76.9897,Tapi,Maharashtra,9500.0,8086.739745999999,14.87642373,1994,9,249,Monsoon
310.01,309.09617212193166,0.9138278780683322,0.9138278780683322,INDOFLOODS-gauge-29,310.01,5.236655183,11.64733647,17.6854992,26.98175299,39.20049065,55.06887287,76.6968766,111.4808933,125.6548419,134.3424199,6,572100.6875,386962.3438,64017.37891,1487,389954.0938,1413298.5,1.478440166,0.420989156,0.003813269,3.59e-11,0.402754098,2.375358105,0.000763462,0.000163947,1.586924195,1.467097521,0.40479821,842,1.69e-08,0.000102806,2.76e-12,0.243788987,842,185.0,43.0,6.0,2.0,5508303.5,2695714.25,1311469.25,395859.9375,518155.375,6541.928223,14571.42871,30499.28516,65976.65625,259077.6875,0.489391029,0.486501575,0.301844627,1.308936119,4.551351547,4.302325726,7.166666508,3.0,25.396463,10.744284,55.465841,216.506056,35.851981,16.477877,19.374105,24.693599,25.220489,28.579781,23.129677,888.817316,258.047852,0.793609,97.609813,560.207341,5.966491,115.514914,90.523868,Arid,147827041.1,107228676.9,74716707.76,51375685.83,36591464.57,26972694.47,5127.34196,6669.091987,3802.856923,2801.004372,2177.24826,1766.342233,1.970453,360.825806,6.278768378,0.647867447,0.697016051,0.598718907,0.55180436,0.513825909,0.478081515,15478840.0,240.313451,Cropland,Vertisols,Metamorphics,15.9483,77.4264,Krishna,Andhra Pradesh,60630.0,64017.37891,5.586968349,2009,7,204,Monsoon
312.9,313.58888915623675,-0.6888891562367689,0.6888891562367689,INDOFLOODS-gauge-29,312.9,4.272317566,13.06252238,26.71307787,43.61311111,70.62377844,89.42993057,105.3449738,118.5619456,125.9958657,133.4462413,6,572100.6875,386962.3438,64017.37891,1487,389954.0938,1413298.5,1.478440166,0.420989156,0.003813269,3.59e-11,0.402754098,2.375358105,0.000763462,0.000163947,1.586924195,1.467097521,0.40479821,842,1.69e-08,0.000102806,2.76e-12,0.243788987,842,185.0,43.0,6.0,2.0,5508303.5,2695714.25,1311469.25,395859.9375,518155.375,6541.928223,14571.42871,30499.28516,65976.65625,259077.6875,0.489391029,0.486501575,0.301844627,1.308936119,4.551351547,4.302325726,7.166666508,3.0,25.396463,10.744284,55.465841,216.506056,35.851981,16.477877,19.374105,24.693599,25.220489,28.579781,23.129677,888.817316,258.047852,0.793609,97.609813,560.207341,5.966491,115.514914,90.523868,Arid,147827041.1,107228676.9,74716707.76,51375685.83,36591464.57,26972694.47,5127.34196,6669.091987,3802.856923,2801.004372,2177.24826,1766.342233,1.970453,360.825806,6.278768378,0.647867447,0.697016051,0.598718907,0.55180436,0.513825909,0.478081515,15478840.0,240.313451,Cropland,Vertisols,Metamorphics,15.9483,77.4264,Krishna,Andhra Pradesh,60630.0,64017.37891,5.586968349,2019,8,224,Monsoon
251.0,251.6069549161525,-0.606954916152489,0.606954916152489,INDOFLOODS-gauge-562,251.0,38.30436182,91.28749277,97.02141658,103.0254593,113.8840788,120.9436764,123.751866,128.960614,136.7526274,142.3272781,5,176802.8281,110943.6875,8086.739746,876,112618.3438,537532.3125,1.593626738,0.637610137,0.007778484,3.5e-10,0.351701468,1.568356514,0.000267891,0.000188917,1.698200941,1.569929242,0.328915715,100,1.78e-08,9.43e-05,3.36e-12,0.16549097,100,30.0,10.0,3.0,1.0,743131.4375,388686.7813,271471.0938,82725.88281,41704.44531,7431.314453,12956.22559,27147.10938,27575.29492,41704.44531,0.523039103,0.698431492,0.304731816,0.504128158,3.333333254,3.0,3.333333254,3.0,26.895902,12.97327,45.244165,424.326837,42.208971,13.542206,28.666765,26.430209,26.362461,32.838649,21.954322,857.720392,247.961176,5.181176,124.347622,618.163039,21.476961,151.119216,28.412549,Arid,265317938.8,191820327.1,131007921.2,88571291.54,75604739.54,52615017.97,6739.4337,8765.92635,4927.736971,3599.317474,3429.305784,2706.360197,2.108957,385.398058,5.935682518,0.701748745,0.754984911,0.648512714,0.597696408,0.556559369,0.517842189,2620181.0,320.350613,Cropland,Vertisols,Unconsolidated sediments,20.8742,76.9897,Tapi,Maharashtra,9500.0,8086.739745999999,14.87642373,1990,7,206,Monsoon
251.1,251.6069549161525,-0.5069549161524947,0.5069549161524947,INDOFLOODS-gauge-562,251.1,30.4174386,33.72771589,37.74884717,39.27144739,42.60055274,45.80800425,90.01084396,169.2659994,176.58507240000003,193.3616617,5,176802.8281,110943.6875,8086.739746,876,112618.3438,537532.3125,1.593626738,0.637610137,0.007778484,3.5e-10,0.351701468,1.568356514,0.000267891,0.000188917,1.698200941,1.569929242,0.328915715,100,1.78e-08,9.43e-05,3.36e-12,0.16549097,100,30.0,10.0,3.0,1.0,743131.4375,388686.7813,271471.0938,82725.88281,41704.44531,7431.314453,12956.22559,27147.10938,27575.29492,41704.44531,0.523039103,0.698431492,0.304731816,0.504128158,3.333333254,3.0,3.333333254,3.0,26.895902,12.97327,45.244165,424.326837,42.208971,13.542206,28.666765,26.430209,26.362461,32.838649,21.954322,857.720392,247.961176,5.181176,124.347622,618.163039,21.476961,151.119216,28.412549,Arid,265317938.8,191820327.1,131007921.2,88571291.54,75604739.54,52615017.97,6739.4337,8765.92635,4927.736971,3599.317474,3429.305784,2706.360197,2.108957,385.398058,5.935682518,0.701748745,0.754984911,0.648512714,0.597696408,0.556559369,0.517842189,2620181.0,320.350613,Cropland,Vertisols,Unconsolidated sediments,20.8742,76.9897,Tapi,Maharashtra,9500.0,8086.739745999999,14.87642373,2007,7,189,Monsoon
252.1,251.6069549161525,0.4930450838475053,0.4930450838475053,INDOFLOODS-gauge-562,252.1,68.04115336,82.16203694,93.04744777,101.6003577,124.1883919,157.57172849999995,193.5589003,207.6579946,214.2893453,223.6742083,5,176802.8281,110943.6875,8086.739746,876,112618.3438,537532.3125,1.593626738,0.637610137,0.007778484,3.5e-10,0.351701468,1.568356514,0.000267891,0.000188917,1.698200941,1.569929242,0.328915715,100,1.78e-08,9.43e-05,3.36e-12,0.16549097,100,30.0,10.0,3.0,1.0,743131.4375,388686.7813,271471.0938,82725.88281,41704.44531,7431.314453,12956.22559,27147.10938,27575.29492,41704.44531,0.523039103,0.698431492,0.304731816,0.504128158,3.333333254,3.0,3.333333254,3.0,26.895902,12.97327,45.244165,424.326837,42.208971,13.542206,28.666765,26.430209,26.362461,32.838649,21.954322,857.720392,247.961176,5.181176,124.347622,618.163039,21.476961,151.119216,28.412549,Arid,265317938.8,191820327.1,131007921.2,88571291.54,75604739.54,52615017.97,6739.4337,8765.92635,4927.736971,3599.317474,3429.305784,2706.360197,2.108957,385.398058,5.935682518,0.701748745,0.754984911,0.648512714,0.597696408,0.556559369,0.517842189,2620181.0,320.350613,Cropland,Vertisols,Unconsolidated sediments,20.8742,76.9897,Tapi,Maharashtra,9500.0,8086.739745999999,14.87642373,1979,8,222,Monsoon
310.42,309.9490368305541,0.4709631694458949,0.4709631694458949,INDOFLOODS-gauge-29,310.42,10.50961906,25.67051385,39.98117993,43.3469989,45.7213731,46.20460757,46.64658858,48.28124567,49.32587209,51.08022273,6,572100.6875,386962.3438,64017.37891,1487,389954.0938,1413298.5,1.478440166,0.420989156,0.003813269,3.59e-11,0.402754098,2.375358105,0.000763462,0.000163947,1.586924195,1.467097521,0.40479821,842,1.69e-08,0.000102806,2.76e-12,0.243788987,842,185.0,43.0,6.0,2.0,5508303.5,2695714.25,1311469.25,395859.9375,518155.375,6541.928223,14571.42871,30499.28516,65976.65625,259077.6875,0.489391029,0.486501575,0.301844627,1.308936119,4.551351547,4.302325726,7.166666508,3.0,25.396463,10.744284,55.465841,216.506056,35.851981,16.477877,19.374105,24.693599,25.220489,28.579781,23.129677,888.817316,258.047852,0.793609,97.609813,560.207341,5.966491,115.514914,90.523868,Arid,147827041.1,107228676.9,74716707.76,51375685.83,36591464.57,26972694.47,5127.34196,6669.091987,3802.856923,2801.004372,2177.24826,1766.342233,1.970453,360.825806,6.278768378,0.647867447,0.697016051,0.598718907,0.55180436,0.513825909,0.478081515,15478840.0,240.313451,Cropland,Vertisols,Metamorphics,15.9483,77.4264,Krishna,Andhra Pradesh,60630.0,64017.37891,5.586968349,1973,6,156,Monsoon
54.04,54.26036652746363,-0.2203665274636321,0.2203665274636321,INDOFLOODS-gauge-727,54.04,67.85948865,99.42633739,101.4799549,104.9843614,127.1915596,139.7136334,181.0353921,192.57180280000003,200.7741323,208.9626774,5,299233.9688,197610.7969,15817.27246,855,214999.8438,791043.3125,1.514259219,0.34218055,0.003976747,1.31e-10,0.317644209,2.922433853,0.000360284,0.000161105,1.786922455,1.391786933,0.3782776,221,1.8e-08,0.000111842,2.9e-12,0.137744978,221,49.0,11.0,3.0,1.0,1242388.0,627367.75,320452.1875,220217.875,137819.7344,5621.665039,12803.42383,29132.01758,73405.96094,137819.7344,0.504969239,0.510788441,0.687209785,0.625833571,4.510204315,4.454545498,3.666666746,3.0,25.485867,10.932116,41.317706,452.788941,38.112799,11.646607,26.466192,27.292398,19.496046,30.716512,19.417195,1325.628607,327.996338,2.541945,113.683523,892.827023,25.938827,277.608265,35.533086,Tropical,101800486.9,73265401.7,48370070.6,38351752.52,29301454.23,25161597.27,2234.119033,2905.900414,1586.975679,1347.608777,1148.777431,1112.978682,4.446749,247.128713,26.28990509,0.480844911,0.517322809,0.444367041,0.409547208,0.381359775,0.354830395,6980017.0,439.195862,Cropland,Luvisols,Metamorphics,22.2197,86.7167,Subarnarekha,Odisha,16000.0,15817.27246,1.142047125,2013,10,287,Post-Monsoon
251.45,251.6069549161525,-0.1569549161525003,0.1569549161525003,INDOFLOODS-gauge-562,251.45,70.84966414,75.53616347,93.09687665,105.73827659999998,113.3030386,120.9867054,135.7378202,141.1333872,145.0018684,157.00348280000003,5,176802.8281,110943.6875,8086.739746,876,112618.3438,537532.3125,1.593626738,0.637610137,0.007778484,3.5e-10,0.351701468,1.568356514,0.000267891,0.000188917,1.698200941,1.569929242,0.328915715,100,1.78e-08,9.43e-05,3.36e-12,0.16549097,100,30.0,10.0,3.0,1.0,743131.4375,388686.7813,271471.0938,82725.88281,41704.44531,7431.314453,12956.22559,27147.10938,27575.29492,41704.44531,0.523039103,0.698431492,0.304731816,0.504128158,3.333333254,3.0,3.333333254,3.0,26.895902,12.97327,45.244165,424.326837,42.208971,13.542206,28.666765,26.430209,26.362461,32.838649,21.954322,857.720392,247.961176,5.181176,124.347622,618.163039,21.476961,151.119216,28.412549,Arid,265317938.8,191820327.1,131007921.2,88571291.54,75604739.54,52615017.97,6739.4337,8765.92635,4927.736971,3599.317474,3429.305784,2706.360197,2.108957,385.398058,5.935682518,0.701748745,0.754984911,0.648512714,0.597696408,0.556559369,0.517842189,2620181.0,320.350613,Cropland,Vertisols,Unconsolidated sediments,20.8742,76.9897,Tapi,Maharashtra,9500.0,8086.739745999999,14.87642373,1988,10,277,Post-Monsoon
18.24,18.29265971327797,-0.052659713277972,0.052659713277972,INDOFLOODS-gauge-441,18.24,102.0157733,176.0354694,238.294654,281.1931682,304.26344710000006,312.9987729,319.9515373000001,330.3480742,333.4829673,343.0801412,3,63925.55859,34594.03516,1064.725464,1475,45075.20703,157873.5,1.847878098,0.524037302,0.032723088,2.41e-09,0.536820412,1.90826118,0.000107681,0.000157277,1.374553561,1.418197751,0.404916346,14,1.6e-08,0.000101518,2.51e-12,0.231984258,14,2.0,1.0,,,79926.04688,73875.32031,13655.95313,,,5709.003418,36937.66016,13655.95313,,,0.924295962,0.184851363,,,7.0,2.0,,,24.494843,8.213033,60.542739,139.944536,31.791066,18.21459,13.576475,23.362254,24.613333,26.648798,23.325697,3812.177049,1330.810656,3.289344,129.070428,2788.163934,26.539344,343.709016,2263.79918,Tropical,173795927.4,127135243.0,87596154.96,57457330.33,37004157.23,26178408.99,5817.878108,7567.267,4302.456292,3063.744458,2192.752817,1700.481708,0.453858,323.916667,7.659574468,0.853499617,0.876607583,0.788751417,0.726946233,0.676913525,0.629823862,526238.0741,514.098629,No dominant class,Cambisols,No dominant class,11.9814,75.5875,West Flowing Rivers From Tadri to Kanyakumari,Kerala,1070.0,1064.725464,0.49294729,2019,8,220,Monsoon
251.6,251.6069549161525,-0.0069549161524946,0.0069549161524946,INDOFLOODS-gauge-562,251.6,34.68310006,64.00851386,69.72784295,72.93610325,75.48492598,94.4743414,100.7124611,117.1762463,158.1689092,166.31355209999995,5,176802.8281,110943.6875,8086.739746,876,112618.3438,537532.3125,1.593626738,0.637610137,0.007778484,3.5e-10,0.351701468,1.568356514,0.000267891,0.000188917,1.698200941,1.569929242,0.328915715,100,1.78e-08,9.43e-05,3.36e-12,0.16549097,100,30.0,10.0,3.0,1.0,743131.4375,388686.7813,271471.0938,82725.88281,41704.44531,7431.314453,12956.22559,27147.10938,27575.29492,41704.44531,0.523039103,0.698431492,0.304731816,0.504128158,3.333333254,3.0,3.333333254,3.0,26.895902,12.97327,45.244165,424.326837,42.208971,13.542206,28.666765,26.430209,26.362461,32.838649,21.954322,857.720392,247.961176,5.181176,124.347622,618.163039,21.476961,151.119216,28.412549,Arid,265317938.8,191820327.1,131007921.2,88571291.54,75604739.54,52615017.97,6739.4337,8765.92635,4927.736971,3599.317474,3429.305784,2706.360197,2.108957,385.398058,5.935682518,0.701748745,0.754984911,0.648512714,0.597696408,0.556559369,0.517842189,2620181.0,320.350613,Cropland,Vertisols,Unconsolidated sediments,20.8742,76.9897,Tapi,Maharashtra,9500.0,8086.739745999999,14.87642373,2006,8,218,Monsoon
