,Peak Flood Level (m),Num Peak FL,Peak Discharge Q (cumec),Flood Volume (cumec),Event Duration (days),Time to Peak (days),Recession Time (day),T1d,T2d,T3d,T4d,T5d,T6d,T7d,T8d,T9d,T10d,Stream Order,Maximal Flow Length,Downvalley Length,Drainage Area,Catchment Relief,Catchment Length,Catchment Perimeter,Sinuosity Index,Form Factor,Relief Ratio,Elongation Ratio,Circularity Ratio,Lemniscates Value,Drainage Texture,Drainage Density,Compactness Coefficient,Wandering Ratio,Fitness Ratio,Basin Magnitude,Channel Frequency,Drainage Intensity,Infiltration Number,Ruggedness Number,No. of Firstorder Streams,No. of Secondorder Streams,No. of Thirdorder Streams,No. of Fourthorder Streams,No. of Fifthorder Streams,No. of Sixthorder Streams,No. of Seventhorder Streams,No. of Eigthorder Streams,Firstorder Streams Length,Secondorder Streams Length,Thirdorder Streams Length,Fourthorder Streams Length,Fifthorder Streams Length,Sixthorder Streams Length,Seventhorder Streams Length,Eighthorder Streams Length,Firstorder Streams  Mean  Length,Secondorder Streams  Mean Length,Thirdorder Streams Mean Length,Fourthorder Streams Mean Length,Fifthorder Streams Mean Length,Sixthorder Streams Mean Length,Seventhorder Streams Mean Length,Eighthorder Streams Mean Length,FirstSecond Stream Length Ratio,SecondThird Stream Length Ratio,ThirdForth Stream Length Ratio,FourthFifth Stream Length Ratio,FifthSixth Stream Length Ratio,SixthSeventh Stream Length Ratio,SeventhEighth Stream Length Ratio,FirstSecond Bifurcation Ratio,SecondThird Bifurcation Ratio,ThirdForth Bifurcation Ratio,FourthFifth Bifurcation Ratio,FifthSixth Bifurcation Ratio,Sixthseventh Bifurcation Ratio,SeventhEighth Bifurcation Ratio,Annual Mean Temperature,Mean Diurnal Range,Isothermality,Temperature Seasonality,Max Temperature of Warmest Month,Min Temperature of Coldest Month,Temperature Annual Range,Mean Temperature of Wettest Quarter,Mean Temperature of Driest Quarter,Mean Temperature of Warmest Quarter,Mean Temperature of Coldest Quarter,Annual Precipitation,Precipitation of Wettest Month,Precipitation of Driest Month,Precipitation Seasonality,Precipitation of Wettest Quarter,Precipitation of Driest Quarter,Precipitation of Warmest Quarter,Precipitation of Coldest Quarter,2015_GDP_PPP,2010_GDP_PPP,2005_GDP_PPP,2000_GDP_PPP,1995_GDP_PPP,1990_GDP_PPP,2010_GDP_PC_PPP,2015_GDP_PC_PPP,2005_GDP_PC_PPP,2000_GDP_PC_PPP,1995_GDP_PC_PPP,1990_GDP_PC_PPP,Night Light,Road Density,Urban percentage,2010_HDI,2015_HDI,2005_HDI,2000_HDI,1995_HDI,1990_HDI,Population Count,Population Density,Warning Level,Danger Level,Latitude,Longitude,Level_Entries,Streamflow_Entries,Source Catchment Area,Catchment Area,Area variation (%)
Peak Flood Level (m),1.0,0.060687832565336754,0.0191514909304459,0.009513512084674781,-0.0014735259833148773,0.007841443683813237,-0.004314113811474697,-0.22047488773441726,-0.19848850967198575,-0.19760938865485447,-0.20870581596748142,-0.21992166484931247,-0.22418409802562872,-0.22410834812324554,-0.22367225950016292,-0.2239990882333547,-0.22731841519831997,0.21308810057291525,0.1787615946674153,0.18761964997147676,0.10932587485062546,-0.27845139804504776,0.17001279798423544,0.16235905969018463,-0.08995430692550212,-0.03444724206395627,-0.4167199320932215,-0.05740992951110783,-0.12210135495602968,-0.04346844448186726,0.19007751249003538,0.0800986306675633,0.08424069028624007,0.18477219280772014,0.123639440200628,0.10266588119903647,-0.18332310705306382,-0.10992807782102382,-0.19747425547905834,-0.27368714201836586,0.10266588119903647,0.09676298609463618,0.06928564384182682,-0.05347976195169238,-0.021354323821147683,-0.3475809405793569,,,0.11028518428609083,0.11171674950197091,0.08358337731978535,-0.047391318611883386,0.06618847685080936,-0.3993812379181156,-0.8944494497753529,,0.286774711593998,0.14692206383284345,0.18392646793446152,0.030180310158318742,0.09309856112436579,-0.2765689176287855,-0.8944494497753529,,-0.1689345434275225,-0.1353312458838053,-0.13389213178764833,0.04557482379082902,-0.42233306582241537,-0.8514662089179367,,-0.009110456138126846,0.15183667783769544,0.04943541373632981,-0.039936537435782356,-0.010759044898323949,-0.9838774748245918,,-0.08309397134428294,0.42691440703822625,-0.11050727722556827,0.05258566775586848,0.14587086378195974,-0.15601435135895222,0.23263882632105637,-0.22263150932550504,-0.0025388462944728797,-0.017809405097846197,-0.07197107397404229,-0.4478005453933504,-0.322869180637918,-0.3523416367316718,0.03252593501281649,-0.37043742664630575,-0.3966731756682982,-0.3579429889825998,-0.3346105074837022,0.22610800498353661,0.22144164197083763,0.22380114106225213,0.22279968657311097,0.2917421986808984,0.28785924452582434,0.13270411747920138,0.13713628424397323,0.1530888687553844,0.17258962311728981,0.31826071626822616,0.3363617695648248,0.33478296930529866,0.40390816844099525,-0.09879420981847462,-0.14350709958698848,-0.10649885569685343,-0.14510125211603958,-0.14676629933314186,-0.14798939117928242,-0.14935035211267145,0.13265106444961455,0.045963051684548485,0.9681513137117604,0.9682269099062395,0.03769492689621058,-0.18843635144997187,0.19480613316126258,0.21114957913036797,0.11872767460469781,0.10932587485062546,-0.08647963746819047
Num Peak FL,0.060687832565336754,1.0,-0.016502231995452532,0.0019698276492257794,0.005174609346933871,-0.003654565777606449,0.007571822830054715,-0.06821819161176257,-0.06675272627256519,-0.06589600481913918,-0.06592656631415117,-0.06527238412468783,-0.06447254806810909,-0.06221202119214743,-0.06151851341230089,-0.061400230861118364,-0.0608203999927449,-0.03337692475189237,0.02803159038801862,0.024618707766764628,0.012346121514860786,-0.04893685148638135,0.019497722062063235,0.0003985273234472496,-0.022479325517273697,0.02400110944258157,-0.008131300599168641,0.30500159362246293,0.12259420041641689,0.00014780217992611745,0.008672686707314668,-0.14354471086733273,-0.059123443639965016,-0.042460973677332585,0.009132760881880125,0.014284371312268871,0.17828755453832562,0.2462406098837955,0.046758318531714485,-0.050603823457842215,0.014284371312268871,0.031026209386374074,0.023387931353056973,0.03025474755906773,0.004875561264128872,-0.0006808509562230939,,,0.013826788140848891,0.031428023771751294,0.011392124922002885,0.03173883317956064,0.05382718343794074,-0.010014901337725705,-0.38024796675112593,,-0.06710624218901454,0.008521200432481403,-0.021490900299775264,-0.0032156564523843465,0.08414261627608428,-0.012607593261420337,-0.38024796675112593,,-0.00874194162878929,-0.035690907749306465,0.008651552293406146,0.06007023146457499,-0.022493958987737823,-0.36817035609899973,,0.006001813077843475,0.015310551214171025,0.007073946360750778,-0.01718197290789369,-0.02820477242478243,-0.37998029782867415,,0.00699480987802071,0.059252640647556226,-0.012895674047325934,0.007362759224135735,0.028604863993019057,-0.01300849144388491,0.03204702174927048,-0.005952341162436253,-0.005569200423443624,0.012366266976330049,0.0037021417908322802,-0.038023533929939075,-0.026460277601014617,-0.037873774927692415,0.024579034349617987,-0.03027792009763788,-0.0412484587638719,-0.03331886385341981,-0.034269638955219284,0.01739106941071039,0.017425148782928886,0.017203988885538566,0.01768733214402734,0.02606073328657821,0.023936328917931293,0.0540844594338132,0.05484335230964386,0.05383583037961257,0.05542819707986904,0.06645056916151998,0.06638333530421518,0.0053396637665722,0.035592294546563465,-0.034504493272069475,0.010399834561006047,0.016462701156569046,0.010192889468893834,0.00996789557678723,0.009796382419775774,0.00959962935130947,0.016864958575073682,-0.005412632713865662,0.03473366608891996,0.03485480800767049,0.007129465468549838,-0.030595852199476525,-0.12922916844202104,-0.1226576878549541,0.032553983856008134,0.012346121514860786,-0.008966478307100257
Peak Discharge Q (cumec),0.0191514909304459,-0.016502231995452532,1.0,0.2360868659925557,0.030557691854338754,0.03699583417700895,0.0261292708944024,0.0549118009117508,0.05561458934290294,0.044009901156013276,0.030788282748465304,0.02237430502759097,0.016057680576569148,0.013548889026251775,0.013849338387136048,0.01317454701616129,0.011226791521978226,0.38079391146517794,0.5254290624125135,0.4836999010739743,0.4309193356166494,-0.08190660285380388,0.5102575439920912,0.47845715567767844,0.12630132630619803,-0.11217677358594248,-0.25940019688345134,-0.20061473946174696,-0.2745529317493692,0.20591884234753627,0.31639315912594596,0.21552694274833611,0.38202106674447445,0.29364661622955274,0.18176483944867527,0.43108552026857894,-0.0969735726454028,-0.15818176059203698,0.004442292585999246,-0.04583922412161395,0.43108552026857894,0.4225807372535218,0.4207149490802292,0.49414353109382414,0.5770256021223339,0.22366418798215118,,,0.4269640192841023,0.44804884082616897,0.4085142152968655,0.28568940160560274,0.3438681786066821,0.7142101603905922,,,0.09379297740862941,0.017030830126102618,0.013107508466069394,-0.11641302149733357,0.059099667171507796,0.694888318362507,,,-0.05421774718838212,-0.16416822633384268,-0.10513392680481183,0.19941493040445313,0.6987894942069531,,,-0.028243011877152755,0.10057755569191226,0.01792475534326497,-0.13712369583543252,0.5937781354296063,,,0.06924436015946779,0.35186142662515335,-0.33453374499679434,0.375107913830247,0.3701682086079972,-0.3425428079159808,0.3845227046369726,0.18344218973255835,-0.07388517288408274,0.321033146439557,-0.28981394165361024,-0.1358939956948301,-0.08463144903524715,-0.14384177561339334,0.24568109584554282,-0.07876713056183124,-0.13741085890227814,-0.20198439425094378,-0.10375097975925927,-0.14661366487404556,-0.1485244984142465,-0.15160110497241122,-0.14459748089898855,-0.08954401833947731,-0.0787676995250522,-0.19989010155542916,-0.19989012749861196,-0.19620159968612064,-0.1578773772647679,0.02436688905195528,0.06769389608073681,-0.11914294857470772,-0.10219343776478906,-0.20672822411119332,-0.24420328958678825,-0.24945478226702134,-0.2442032621706144,-0.2442032634889272,-0.24420326926644514,-0.24420329363353097,0.26559742846816725,-0.17390255786335118,0.01905458518820484,0.019192402761303625,0.3674234727983893,0.03506791083601996,0.2080971225247287,0.20385509982716613,0.43744910818771554,0.4309193356166494,-0.12368195346176727
Flood Volume (cumec),0.009513512084674781,0.0019698276492257794,0.2360868659925557,1.0,0.9387730027004579,0.6889659646605416,0.9447587347898871,-0.01971382963033617,-0.021430606866682328,-0.023400219399930356,-0.026033447904474566,-0.027518412618598956,-0.028967033379878757,-0.029100485527715086,-0.0286612937075271,-0.02858799811855147,-0.02835866472093792,0.12221147410907762,0.17217585399389237,0.15902740361665985,0.18518711785433747,0.030354676805324117,0.16640990177218346,0.17205536655157438,0.039519044563828744,-0.013448815455308728,-0.07969220860053353,-0.062068438288435175,-0.07903328454993638,0.018793467991696584,0.140729414062997,0.04315509651681637,0.09316273660762427,0.09323371947007889,0.034389435132065264,0.18538175728742637,-0.035393097211532214,-0.04590254017949751,-0.015434559759550827,0.038740959457357144,0.18538175728742637,0.1802822355929223,0.17124902067343895,0.19087104420045178,0.13061598302690128,0.3302112501269112,,,0.1839721532631253,0.1806924508362175,0.1760633707822099,0.17221296914032463,0.12840399281759432,0.28016681847029296,,,0.029117202500757788,0.00491219015640167,0.0031766766270192575,-0.015312027801619834,0.09926304429011205,0.18445477765721788,,,-0.027286872814009915,-0.04648755417682517,-0.029758739623964144,0.011763522904230276,0.16832798356046344,,,0.003510989403092988,0.02516678528349535,0.015105940882459297,0.10058254815020946,0.19713266849335806,,,0.006752445972133451,0.09287669210284685,-0.06067109636575729,0.07256645117522725,0.08037951865078811,-0.07355142895759006,0.08305453811761736,0.021134971132151185,-0.023299304443828762,0.060234960629313467,-0.0593197444280677,-0.05557131476654619,-0.03930914203234708,-0.04145012929417965,0.03733393734164446,-0.04133553189909034,-0.044120462791592166,-0.06931543630894504,-0.036997303898507826,0.003683332772458997,0.0032455558552188677,0.0031231447354752254,0.006284081995581759,0.021011602392175116,0.023192244734578305,-0.00856931373464671,-0.008569325397505543,-0.007315545895862601,0.00534078234849192,0.04328581687333413,0.051095152842064374,0.013432461302555182,0.0060618282875272095,-0.030288027108376185,-0.03940144469702909,-0.036643935926038006,-0.039401437150623775,-0.0394014342824001,-0.039401442947188205,-0.0394014435166855,0.17709586662091636,-0.020106793364708848,0.0035756387454909,0.0038049453781916075,0.05892291271396296,0.010058414030728246,0.04056271404402786,0.0411205618105318,0.18478448756369217,0.18518711785433747,-0.036602084044577654
Event Duration (days),-0.0014735259833148773,0.005174609346933871,0.030557691854338754,0.9387730027004579,1.0,0.8090207403493966,0.9824532790597856,-0.030165752086600092,-0.03203796962858247,-0.03226526891941735,-0.03197539311476295,-0.03180325208463556,-0.0316514690175093,-0.030989869048993392,-0.030869013761529823,-0.030435581648163137,-0.02953817206465562,0.0288541937094192,0.05777655277218061,0.06080417909381072,0.059838915697255336,0.012203873116518393,0.059170595879490646,0.05650188098346679,-0.005468666464313938,-0.011554436923681764,-0.014821045283024732,-0.003152220312316832,-0.017850593700070302,0.0008553472941286452,0.05592673218664581,0.0016656737169221296,0.016796631764310642,0.01282904778843424,0.007709170196164589,0.059391847519629094,-0.007409847032273817,-0.005814280840926215,-0.007745193803895951,0.012515914358070415,0.059391847519629094,0.05857954890251646,0.053562847266324265,0.06416240644553754,0.00089002947116261,-0.012029934080710507,,,0.059592681383177526,0.05918652575585612,0.05548647442958138,0.06648159175272979,0.048657717593440265,-0.026457063061483346,-0.7897738682543028,,0.007986050089825667,-0.001833150952118426,-0.009788298446374265,-0.0067036720710135864,0.0904607754369796,-0.026307056060110596,-0.7897738682543028,,-0.004562767381236287,-0.01857049334654417,-0.008506554366116971,-0.00019130025467881595,-0.04655427414689313,-0.7353792929247952,,-0.006384277015362298,0.00866049239884465,0.0013627965253075623,0.13306667189177787,-0.049009453673137415,-0.9703388372793947,,0.008318082098537563,0.018791740452101326,0.012199619485613137,-0.006671727311769093,0.008228509068444119,0.006417114881950678,0.0013776666763241265,0.0021969733422533815,0.009658880495153213,0.0047893646482954685,0.009198880101348497,-0.017872790418947314,-0.014652493936431176,-0.007357459750818399,-0.01319111235034825,-0.01584225734686102,-0.012092330170894198,-0.015865166139991633,-0.0021265376777322483,0.022028149340802897,0.022135664732442502,0.022667902175138123,0.024469282509106363,0.025769627059118377,0.025314649876647975,0.026552424116191933,0.026887503362190833,0.028059874685932556,0.032106787146486605,0.03088170777169102,0.028875182700577418,0.023725829767720127,0.01575266529211812,0.0029923914071276355,0.0105617687071134,0.013974637771051191,0.010478064199671977,0.010385212158758317,0.010313190914987828,0.01022959806642523,0.08715209024601601,0.008901006177771464,-0.010623288172174304,-0.0104790815895477,-0.016104094753931292,-0.006251005338819855,0.003481970356989577,0.008587331105870446,0.056265410244922036,0.059838915697255336,-0.0041248257073772335
Time to Peak (days),0.007841443683813237,-0.003654565777606449,0.03699583417700895,0.6889659646605416,0.8090207403493966,1.0,0.6851988841002147,-0.03237482890455409,-0.034273231427202705,-0.033913179924179596,-0.03291868931694078,-0.03211181050909803,-0.031322718416723336,-0.02940684848512822,-0.029270901252061846,-0.02817165697802383,-0.02642094690447359,0.03132875883908267,0.05945040344017522,0.0625615296920282,0.0581524996827755,0.0039028838309582425,0.06155303331941113,0.05024553521194551,-0.007910928010439992,-0.02005298823562186,-0.010890470189148833,-0.004578815091621673,-0.013092882802851081,0.00730656533322948,0.05879937606996758,-0.0003221949985015374,0.00709743142456604,0.007675827186242017,0.021152033046522974,0.058567982573905865,-0.011378964952354525,-0.008933648890628443,-0.011656874731700361,0.0038306730118239174,0.058567982573905865,0.05862203858089129,0.056592947338585456,0.07451737951435838,0.018056049990755427,-0.006977373474884606,,,0.059050314510846906,0.05904430332947711,0.052448038743792204,0.07611791123319311,0.06622967335163425,-0.018883626876593118,-0.5690412960544761,,0.013629751715445466,1.886993004700648e-06,-0.018947294225834,-0.008589276040551912,0.08733032627591264,-0.019706519893272167,-0.5690412960544761,,5.7384824611566216e-05,-0.027685432430200854,-0.004373566838451036,0.008942818770174847,-0.03471326208206428,-0.5265066119505182,,-0.015336385046248891,0.011357427951108449,-0.0026214761628606652,0.1019932277607128,-0.036663831923881396,-0.7197973674106981,,0.012255632443459038,0.02910247251324289,0.008395696679793705,-0.0027010320686105486,0.015616093971402109,0.0040470662674826465,0.008890470118099144,0.0066504602738458925,0.010223239261606332,0.010795240372131806,0.010877600605071739,-0.008406447955640054,-0.005068260042908286,-0.00954795719143441,-0.004652807344830657,-0.004643973062927005,-0.015246247116079798,-0.019079573083878677,0.011053007183591809,0.021064022831113572,0.02123104541327779,0.021755134991306015,0.023255559824933967,0.02812800067812312,0.026954170982819128,0.04069073091365797,0.04112016327558255,0.04191329610593489,0.04594591182317027,0.05109244790983911,0.049333036171602195,0.010566099306426631,0.009252293080451406,-0.008009926786973754,0.013175431711217813,0.017708689333666348,0.01307399513482586,0.012961478002575173,0.01287422054577184,0.012773179558117367,0.07749387860480954,0.005810519045176715,-0.007746598934300628,-0.007486294944078679,-0.008870277130990836,-0.012138013904731931,-0.004431341259007232,0.00419037325134485,0.05528374825131564,0.0581524996827755,-0.0046313299690056795
Recession Time (day),-0.004314113811474697,0.007571822830054715,0.0261292708944024,0.9447587347898871,0.9824532790597856,0.6851988841002147,1.0,-0.027107441671430456,-0.02882504325743406,-0.02922095254874476,-0.029177311264158477,-0.029220031476432144,-0.029282334632964604,-0.029070429526543186,-0.02896380748706744,-0.02877551582207554,-0.028218996921915995,0.02581413468870916,0.05273038880333048,0.05549492141503072,0.05569783361433463,0.013884175510774187,0.053790650270355705,0.0540716635527325,-0.004266354015422315,-0.00795481804295746,-0.014910046144011218,-0.0024532117810440405,-0.017965305023202097,-0.001258534983333566,0.05064473535630453,0.0021662790309742697,0.018561693500350227,0.01346167460119427,0.002841162826136929,0.055012005631826934,-0.005571350460501508,-0.004370106774611979,-0.005898716434008482,0.014293759086630317,0.055012005631826934,0.05398848494028031,0.04920019654459296,0.057053970662145986,-0.00418526117623748,-0.0162492176928556,,,0.055107822714317446,0.05460663990729245,0.0527950859626501,0.05943598696940005,0.040427642232006275,-0.03163537805246924,-0.821875663502424,,0.005571162114134455,-0.002272172085415451,-0.006444668411805583,-0.005725834602531918,0.08562616980150718,-0.030378213984874003,-0.821875663502424,,-0.005672222320360601,-0.014671610392160918,-0.009175010526495444,-0.0028495825867498794,-0.053944667788665836,-0.7669171764752862,,-0.003044829936220258,0.007302028463153267,0.0024418710295478967,0.1336934403106813,-0.056650685695230095,-0.9996018849059962,,0.006418626892759164,0.014051527706764723,0.012453287393339655,-0.007410299118770478,0.005241321119875391,0.006667681597705843,-0.0011138853229238704,0.0006121490004849513,0.008724996099547421,0.0025093646589200943,0.007947344311866607,-0.019479865885591113,-0.016548632392844678,-0.006087432203245114,-0.014869568282768458,-0.01815757530627701,-0.010146586007131196,-0.01360539406149253,-0.006142365649174554,0.020612654892138024,0.020692886073191075,0.021186116444720977,0.02294222164463705,0.02300748481899818,0.022816162022226288,0.01999121130977987,0.020270166052531152,0.021471257097260454,0.02520645416042504,0.022055329241637046,0.020127195331555624,0.026047462081974292,0.016584287224409976,0.006249698855275377,0.0089070608180216,0.011697715053639752,0.008835524095553231,0.008756168055529224,0.008694609629413106,0.00862308574612112,0.08340611541203322,0.009186068350867493,-0.010705919754843063,-0.01060978044839745,-0.01714098372423147,-0.0038945011053841748,0.005720844389348667,0.009311462894528357,0.052180165583810334,0.05569783361433463,-0.00364178494835574
T1d,-0.22047488773441726,-0.06821819161176257,0.0549118009117508,-0.01971382963033617,-0.030165752086600092,-0.03237482890455409,-0.027107441671430456,1.0,0.9431247389229066,0.8869859926266963,0.847690912508292,0.8191011673464912,0.7934702567530663,0.770598436222813,0.7523118305400622,0.7365318816691485,0.7237006648994512,-0.3927246477079954,-0.37239864005637013,-0.3682140971399422,-0.2982591518637028,-0.08016264360828117,-0.37421962995349445,-0.3739913557241797,-0.051672369571717516,0.06325487521114159,0.30086066553436164,0.02214913676543599,0.29344115771948376,-0.06924419136361964,-0.3966479257549053,-0.0990952177682061,-0.26776742939634873,-0.2813084934420098,-0.1307129608382827,-0.295734636029019,0.04427156292142629,0.025843579781942207,0.03114192810262832,-0.08555351478243349,-0.295734636029019,-0.3048494034796193,-0.28301744311417654,-0.20626482186603806,0.04489323817665429,0.05974131209066679,,,-0.29569573813214245,-0.2993567562547458,-0.28909744584646735,-0.27782078929522463,-0.15558003358458586,0.13570054602177736,0.48452962416886897,,0.03834042870497061,0.07163173309010726,-0.010674559562044392,-0.16788895316447405,-0.3135987760020425,0.1340963907946195,0.48452962416886897,,0.10180653779293225,0.13933676583932691,0.021447644153814463,-0.03881866015000252,0.20256800580393203,0.4583068346104679,,0.020296540428285496,-0.14342214077458765,-0.2868277695147493,-0.3237125666300721,0.17502760649714458,0.5511319787417729,,0.11696730087169852,-0.2544901360352793,0.12673588715865866,-0.18365018406255992,-0.06751107116209434,0.18930052361384211,-0.19804448475987727,0.0889443908524406,0.10411720679906368,0.016151376157098767,0.18287148981212037,0.5594502366093707,0.545542822493686,-0.009178076057222597,0.2949486178853969,0.5594629753745773,0.02279259644173245,0.07082042684224016,0.45097664403452714,-0.11818680019887319,-0.116587388663005,-0.11849657422170624,-0.1291426848327232,-0.13012194897009344,-0.14503938240297537,0.04012034731492838,0.04261280329988732,0.048026834671745074,0.016261149994215608,-0.0033913311545302922,-0.021595059727956688,-0.21269987799971177,-0.24706387762013904,-0.02570810444759244,0.07481852318609665,0.07025666776337997,0.07407491281485687,0.07325145412386816,0.07261322036013129,0.07186498082018347,-0.3493160796735586,-0.09419032637542722,-0.21907662611487333,-0.22005237934540656,-0.07130591023368267,-0.17358262088977133,-0.03794457559635185,-0.04358049259581657,-0.29303752460399934,-0.2982591518637028,-0.04964100430313937
T2d,-0.19848850967198575,-0.06675272627256519,0.05561458934290294,-0.021430606866682328,-0.03203796962858247,-0.034273231427202705,-0.02882504325743406,0.9431247389229066,1.0,0.9714840145974382,0.935436724828022,0.9018088165295554,0.8710198185521738,0.8452682474095156,0.825655917605388,0.8087525021440307,0.7953994702216467,-0.3954994953844918,-0.36979842118255857,-0.36870440711318897,-0.29761081638189024,-0.09178142203823458,-0.373684612399384,-0.3733648063714334,-0.048382422335930445,0.06497515851309543,0.2951667319621258,0.021684457923916975,0.3073846230900107,-0.07655692944303681,-0.3996797394785762,-0.10353286462695291,-0.2763512140268307,-0.2805450623183388,-0.12725168591398556,-0.2951136035240681,0.02745279863815114,0.014436463457866837,0.010863005743987643,-0.09706192725726276,-0.2951136035240681,-0.305727239861315,-0.28508836983781166,-0.20615338287843438,0.05303451950858751,0.04650769880083014,,,-0.29507238462401375,-0.2993135038382031,-0.29067300713309124,-0.28890676849159774,-0.15857613421340988,0.16747153785255417,0.49570898965389937,,0.0608614406109828,0.10083779125932675,-0.006935200941664858,-0.21004417077317636,-0.3121695280375921,0.183874709191106,0.49570898965389937,,0.10360735266237386,0.13010632872234673,-0.00012190275587235425,-0.03520829180262655,0.27126417971793015,0.4580328849209792,,0.03427259388455423,-0.16619158105088627,-0.31236929227710863,-0.35084117963622397,0.21045342332922817,0.6308862710526378,,0.11212386327895589,-0.24850580596832963,0.1257015381731162,-0.19249066847795954,-0.0705787253522703,0.18701498796562904,-0.1986405314395236,0.07638539557372095,0.09933387401354195,0.008116022245873508,0.18544763497880504,0.5949166256524581,0.5935404746714112,-0.05471133008554418,0.3418633835238894,0.6041983395680011,-0.019864577358411267,0.05777737820675676,0.48549220858554115,-0.11682846197612523,-0.11558570911830544,-0.11752132077497421,-0.12830098190598638,-0.12264503723543313,-0.13846123695810303,0.04721902537212333,0.04966805048181624,0.05745072609091887,0.026246465977139387,0.017618612407916335,0.002491301639717248,-0.21076914459146937,-0.24651319037484712,-0.029927106479308786,0.059558387009408346,0.05833236983655722,0.058820949034810666,0.05800930471753547,0.0573835904724489,0.05665391228634786,-0.34913777074701563,-0.1022851915675552,-0.19430025219051167,-0.19420925419505644,-0.0653904326244414,-0.1928094203334707,-0.03864910617701406,-0.042289947432758615,-0.29365769516929957,-0.29761081638189024,-0.049735465863330296
T3d,-0.19760938865485447,-0.06589600481913918,0.044009901156013276,-0.023400219399930356,-0.03226526891941735,-0.033913179924179596,-0.02922095254874476,0.8869859926266963,0.9714840145974382,1.0,0.9844899213952344,0.9575658661555313,0.9279028969155976,0.9016510283411653,0.8808258870355149,0.8633379985734081,0.8495449555202302,-0.41031648731382575,-0.3744741680884104,-0.37227985351408655,-0.29700749833449247,-0.09017784106648559,-0.37902462644680557,-0.3812152075532857,-0.05105960433262729,0.06726459095693334,0.3099305936809138,0.02628205951576408,0.3379434635708965,-0.08349702925547976,-0.4032594717623033,-0.12776267608639888,-0.30475515108647777,-0.29364019665966073,-0.1229758895586303,-0.29443738134057734,0.032105222488453725,0.022333123744645224,0.00440175830767029,-0.09659912573212757,-0.29443738134057734,-0.3061044154745331,-0.2883077741820836,-0.19894535596749563,0.04887560394907493,0.06337781214216327,,,-0.2946440813069907,-0.29985850333886616,-0.29402833903672315,-0.2855837813233868,-0.14435089661660438,0.19762861325001385,0.5032968473170253,,0.059074098159141025,0.10181046301529174,-0.008698808399482488,-0.24097737199919084,-0.28311331076210294,0.21116490849225758,0.5032968473170253,,0.09872077917411227,0.14040267191220793,-0.006666501604079203,-0.025600370529982285,0.292991587159107,0.46359726325935646,,0.04504285245229831,-0.1852137759380025,-0.3315116650475377,-0.3581004360763161,0.237883598326386,0.6494837891641502,,0.10406485662427317,-0.26505446391573606,0.15396409045807805,-0.22454462351836618,-0.09253977204104243,0.2002132810518241,-0.22572269693781866,0.055281252164978194,0.10321636982381095,-0.01416285914981921,0.19624723574157557,0.6367486274212634,0.6425881647913647,-0.07701011734324857,0.36531408038749447,0.6497477886425238,-0.0420661884231273,0.05279658141111198,0.5220274503606757,-0.11788387506744759,-0.1167435195552043,-0.11786011569139694,-0.1283344713853592,-0.12166973834919277,-0.13815480084740606,0.06766128355522863,0.07004166648601919,0.08140767936991274,0.05178151703483756,0.03621576318511706,0.02248531068460762,-0.20976145319880216,-0.24375161907583157,-0.03928762589373663,0.0706377642490434,0.07303796550772276,0.06996754084946065,0.06922388712395101,0.0686464507416282,0.06796773070567454,-0.3449059958818088,-0.10355654280035624,-0.19316104951413174,-0.19254812591674544,-0.08514092861551871,-0.22110029564587091,-0.04889937314725252,-0.05091645409776177,-0.29368987496955756,-0.29700749833449247,-0.04806082727070837
T4d,-0.20870581596748142,-0.06592656631415117,0.030788282748465304,-0.026033447904474566,-0.03197539311476295,-0.03291868931694078,-0.029177311264158477,0.847690912508292,0.935436724828022,0.9844899213952344,1.0,0.9880589533493614,0.9650094000528839,0.9412059285121261,0.9208112184036177,0.903051673530488,0.8888007222105161,-0.42424905501400506,-0.38041517300967015,-0.37683918589244453,-0.29555713576613946,-0.0854448987740453,-0.38492017927511846,-0.3883725674776681,-0.048615143290971365,0.07322182473737328,0.3255570585709647,0.030129227652700052,0.3609516667216413,-0.09147272026767633,-0.4066387539580282,-0.14524055745754866,-0.32702280415530066,-0.3043353245279689,-0.12481242098959262,-0.2928864231410621,0.04685652882679532,0.035200618169602314,0.013106308018902958,-0.09288459920901634,-0.2928864231410621,-0.304922994802259,-0.2883419823972587,-0.19038712436286698,0.06401255011179165,0.10034432499119368,,,-0.2932621020682325,-0.299055224951085,-0.29492550174595583,-0.2780673408782499,-0.11768764527445971,0.23639412094759726,0.6660693213149805,,0.04913419751459902,0.08937614848547439,-0.018907615516508696,-0.2552080656496879,-0.2590310740798049,0.23584435918882213,0.6660693213149805,,0.0924294318556759,0.15066921601222666,-0.003383806167674532,-0.014164215652063081,0.30165088163978016,0.6335692915783437,,0.04679615680608036,-0.19506936613305687,-0.3408154103624829,-0.35725576856198216,0.27339541210347734,0.7357023014060229,,0.09816999433721889,-0.282940108181277,0.17597761232909997,-0.2483025671102622,-0.11076762059081502,0.21146573732149204,-0.24843093662121138,0.04066690482290174,0.1080919246687981,-0.030658705442146272,0.204028325434421,0.6702714210634125,0.6799175046983964,-0.08802415750379083,0.38111043167086145,0.685133927236605,-0.05328844470420762,0.05142800167822482,0.5494353352926424,-0.1261096722457777,-0.12503320453140485,-0.1255301172247247,-0.13592144493669722,-0.13070311158181053,-0.1476783491002251,0.07471589514985076,0.07706423492366679,0.09112041116179247,0.06191630332371918,0.03741141459122448,0.024506017579876027,-0.21766107579358684,-0.24752394406985437,-0.05047438440456,0.07785701557015873,0.08206753293835371,0.0772300438765914,0.07652867187477279,0.07598000527973012,0.07532780654072377,-0.3421089881662746,-0.10941604256123191,-0.2049937227888191,-0.20410895495320922,-0.10175177002343355,-0.2402878665611455,-0.06052923647135692,-0.06277772280385388,-0.2924993416146306,-0.29555713576613946,-0.04661869406921935
T5d,-0.21992166484931247,-0.06527238412468783,0.02237430502759097,-0.027518412618598956,-0.03180325208463556,-0.03211181050909803,-0.029220031476432144,0.8191011673464912,0.9018088165295554,0.9575658661555313,0.9880589533493614,1.0,0.9896163104709705,0.9708555185757705,0.9525470120881994,0.9355765656076237,0.9212765913187604,-0.4323694656353607,-0.38334813563848547,-0.3788065162937399,-0.293598053372033,-0.0808300275262609,-0.38751604258044553,-0.3917580393262705,-0.0454997160368969,0.07565733537940039,0.3326871021151065,0.03233435772355007,0.3717503658919765,-0.09249953346535833,-0.40867289890788816,-0.15438268609152322,-0.33737077496650975,-0.31024159878544394,-0.12498545390276378,-0.29075833264753076,0.056834292107310565,0.043287522233341626,0.020344831080809554,-0.08875329934528843,-0.29075833264753076,-0.3029185104951551,-0.2872238247628501,-0.18397541003288673,0.08764060358337933,0.1469755994515593,,,-0.2912952858721767,-0.2976424798967267,-0.2943365982724594,-0.2718434044751215,-0.09597741819622793,0.27813186626771863,0.7424583981514922,,0.04228841210271748,0.07910008056962024,-0.02279852133710154,-0.25948791102277563,-0.25237338498449724,0.257767479238346,0.7424583981514922,,0.08803314543070162,0.15840533026728143,0.0018008517215620306,-0.008728470095468562,0.31407005628076706,0.7177802994201742,,0.04629428447550418,-0.19480039088912882,-0.3471326784450533,-0.36304804634645166,0.3040772785346297,0.7487074487912407,,0.09379434500543317,-0.2922715588797499,0.18520928209824017,-0.2582888331783218,-0.12018291207385222,0.21534054445703665,-0.25866513153434384,0.03254097769764057,0.11048020532879897,-0.039121461635906254,0.20597159886141783,0.6887037053050146,0.7004811762654086,-0.09132883249622539,0.3918286894083696,0.7047319139385895,-0.05757418133575567,0.053759179816015495,0.5615212371884588,-0.13565680271641803,-0.1346233562330847,-0.1347818322524403,-0.14510410644251862,-0.14078705528555835,-0.15798579837555582,0.07666205604546263,0.07901868609639501,0.09431718203602704,0.0657084482218394,0.03694006355173631,0.02485803463213522,-0.22669449477800643,-0.2537968539685092,-0.0629621992873654,0.08023045614122774,0.08527511688168268,0.0796207766850431,0.07893556853054516,0.07839722395566369,0.07775212287147963,-0.34115920144521045,-0.11847855463273997,-0.21689820079428965,-0.21585795865488094,-0.10826899947646186,-0.2508155638474643,-0.0684307931923289,-0.07176029039424142,-0.28990942853450336,-0.293598053372033,-0.04627807435269106
T6d,-0.22418409802562872,-0.06447254806810909,0.016057680576569148,-0.028967033379878757,-0.0316514690175093,-0.031322718416723336,-0.029282334632964604,0.7934702567530663,0.8710198185521738,0.9279028969155976,0.9650094000528839,0.9896163104709705,1.0,0.9919987868067146,0.9782552179545277,0.963454359395644,0.9497460604501463,-0.4363898406945122,-0.3847965868012403,-0.3799933327958475,-0.29269822629283426,-0.07876550649784653,-0.38886673319403403,-0.39362133916098757,-0.04250032493040275,0.07824099642882446,0.3351681626400672,0.03358217298040815,0.37833061342791985,-0.09345062134695468,-0.4097060737810985,-0.15897350246233535,-0.34374261799914757,-0.31252576937150345,-0.12464307523786324,-0.28979140010296023,0.06029431250279294,0.04642777166507845,0.022071587719178155,-0.08689260536471538,-0.28979140010296023,-0.302014567671448,-0.2869412828540512,-0.1819454702691941,0.10240526800560742,0.17418594993913633,,,-0.290369703729138,-0.29704541488933345,-0.29444892865222894,-0.2691847979965231,-0.08316090904489132,0.30659939834830824,0.758282346801097,,0.04135899174599494,0.07402291327376621,-0.023684890695673068,-0.2596174164744826,-0.24920139983249995,0.275832664721872,0.758282346801097,,0.08265496378473154,0.16383298847644906,0.00670461836604837,-0.00534095306941887,0.3262882638974413,0.7318312741522215,,0.04673713940691818,-0.1928548872820311,-0.35082568257237695,-0.37151775420253086,0.3313996365247558,0.772370619210706,,0.0906430357289579,-0.2958480051175447,0.1872798717695227,-0.2623036981552601,-0.12448300571140969,0.2158298661232997,-0.26235102753092016,0.02687894878514634,0.11087364407504441,-0.0435959200099512,0.2058960044582917,0.6995429075960083,0.7142140480731474,-0.09718658693518868,0.402494172850496,0.7173934014729005,-0.06466677345470506,0.05354827648930838,0.5693726903275254,-0.14610191462955088,-0.1451480390568456,-0.14515996879864695,-0.15526127945909304,-0.15096855101199053,-0.1683494714020163,0.07629068529422695,0.07868706746380602,0.09454166416292119,0.06652150691175349,0.03755234878225919,0.026428260713119968,-0.23367976610335137,-0.2597079273491254,-0.07435453088690355,0.07690502602456635,0.08274669443026356,0.07628423619091171,0.07558733673626959,0.07504023974752597,0.07438383470661994,-0.3411024402077206,-0.12764808318569876,-0.22138070415573727,-0.22023212551435684,-0.10958706173782103,-0.2570983510027944,-0.07188815007497613,-0.07593744823878495,-0.28829562391381974,-0.29269822629283426,-0.046411975331033285
T7d,-0.22410834812324554,-0.06221202119214743,0.013548889026251775,-0.029100485527715086,-0.030989869048993392,-0.02940684848512822,-0.029070429526543186,0.770598436222813,0.8452682474095156,0.9016510283411653,0.9412059285121261,0.9708555185757705,0.9919987868067146,1.0,0.9942343990847202,0.9828222107294393,0.9709283152577268,-0.4355991982571976,-0.3831915406491186,-0.378951790907359,-0.289897388981559,-0.07716338206375738,-0.38758865047808067,-0.39205734018156335,-0.03951101414394915,0.0827012952934309,0.33610513502691414,0.034815980865312526,0.3825984807256194,-0.0963348895771409,-0.4071023211405032,-0.15905207241255573,-0.34772633939403935,-0.3121971988591105,-0.12623064849598598,-0.2869277364636206,0.06290097528939038,0.04824535549271582,0.024892922037923274,-0.08519757690741568,-0.2869277364636206,-0.29905853143616706,-0.2836105861353565,-0.17847531907274497,0.11315359960542137,0.19041507108738567,,,-0.287495089729812,-0.29459214833866093,-0.2914070448762013,-0.2642392206184578,-0.07723407876356345,0.3179221341815909,0.7513535289012921,,0.045294753023611405,0.06471735239216922,-0.02573111636633966,-0.2580592575398032,-0.2502837029284808,0.2793710681686331,0.7513535289012921,,0.07203753702549093,0.16521054308683095,0.009720955390694562,-0.007143234820866776,0.32989441841043043,0.7244193365161272,,0.04299824178343942,-0.18963253388255846,-0.3512205961625381,-0.3786303413942529,0.34563871082341924,0.7697921649149199,,0.0874931666007635,-0.29342688367235154,0.18530795972148054,-0.26175745701168696,-0.12508619314791689,0.21308183917760426,-0.26069410572742646,0.02184504936122582,0.1102080684299743,-0.04571137387222485,0.20374060383100331,0.7061826419837182,0.7239233706763947,-0.10646812322919999,0.4135757079893732,0.7265933552392703,-0.07521899433887534,0.05119936178822186,0.5768161238498482,-0.1554974184672933,-0.15465647753873035,-0.1545574194013525,-0.16445217389389147,-0.1594372982901247,-0.17683594260230318,0.07454005333262129,0.07698971767189515,0.09332384285890312,0.06622325532884449,0.03911334318523298,0.02947177886320884,-0.24070742093234238,-0.2651887678213701,-0.08522415128956051,0.0705180955865273,0.07727023785887642,0.06987558439086726,0.06915674631727924,0.06859398350359124,0.06791950596995677,-0.3385849828088252,-0.1362733609039526,-0.22127778147505997,-0.22006097499784222,-0.1073171765609853,-0.2613595088235592,-0.0740777237785617,-0.07891759339275614,-0.2855087046568517,-0.289897388981559,-0.047373350750951365
T8d,-0.22367225950016292,-0.06151851341230089,0.013849338387136048,-0.0286612937075271,-0.030869013761529823,-0.029270901252061846,-0.02896380748706744,0.7523118305400622,0.825655917605388,0.8808258870355149,0.9208112184036177,0.9525470120881994,0.9782552179545277,0.9942343990847202,1.0,0.9947915610662527,0.9857149760386226,-0.434382405050458,-0.38083495678272544,-0.3770674000216027,-0.28721715140106285,-0.07516235738958423,-0.38541819618704753,-0.389961556465595,-0.03544184970593474,0.08442802901023223,0.3351644749796153,0.03541220815266116,0.38431060788038635,-0.0969204198101649,-0.40441959248748754,-0.16004056051213694,-0.34947919189758525,-0.3100213727084044,-0.12450889038160144,-0.28425900466883747,0.0628497238312809,0.04849101207266534,0.02421866937703442,-0.08317223309265527,-0.28425900466883747,-0.29651265754483636,-0.28071808864867215,-0.17518739406518258,0.12231091703645448,0.1996486558183728,,,-0.28484671232535597,-0.29225434500373176,-0.2885644000767086,-0.2600569471088811,-0.07080313992387183,0.3276759416074434,0.7759717883188173,,0.04823295225574997,0.060191350014554265,-0.025483195120995325,-0.25664256345104125,-0.24853383633190018,0.2856292933281713,0.7759717883188173,,0.06729760644856685,0.1630916610740019,0.012214168641839128,-0.00761294273271113,0.33345341780030985,0.7480890706528738,,0.040272766789799255,-0.18459802377106346,-0.3528102335155168,-0.37996420590924657,0.3606831600190504,0.7954225579433873,,0.08360650652457133,-0.2902814952893078,0.18356881921973855,-0.2608992119727796,-0.12594556627006584,0.2096275066090994,-0.25868913785228387,0.01638841874262972,0.10963973168818149,-0.04839889484545464,0.20086033461666838,0.7102432464605704,0.7313184609620934,-0.11532678115690072,0.42354971143097664,0.7330598195670495,-0.08492675900216094,0.04918550973557627,0.5799168415545444,-0.162934806507844,-0.16218315785518145,-0.16193811609545725,-0.17162679670074119,-0.1658413456981756,-0.18322032039238176,0.07363557679729857,0.07608826798299169,0.09291986872131888,0.06688880056695853,0.04184658504143601,0.03352335826867883,-0.24562549231298164,-0.2682645417583043,-0.09372982919696414,0.06517456536336548,0.07273947434030012,0.06452903363949923,0.06380808459660726,0.06324444058815486,0.06256873091783206,-0.3359883394709287,-0.14305072205396266,-0.22078494551623878,-0.21949089220496765,-0.10474155595873849,-0.2658577750910228,-0.07543768484010258,-0.08070556483463752,-0.2828640651857565,-0.28721715140106285,-0.04741023616237217
T9d,-0.2239990882333547,-0.061400230861118364,0.01317454701616129,-0.02858799811855147,-0.030435581648163137,-0.02817165697802383,-0.02877551582207554,0.7365318816691485,0.8087525021440307,0.8633379985734081,0.903051673530488,0.9355765656076237,0.963454359395644,0.9828222107294393,0.9947915610662527,1.0,0.9961410468727364,-0.4334355078970148,-0.3793324720939184,-0.3755857725655786,-0.284279015488167,-0.07291760283334024,-0.3838599534043135,-0.38809718949808003,-0.03323011502655936,0.08767375418888282,0.3363822373813336,0.03658081611853839,0.38746831425508765,-0.09963794336790523,-0.4019111125161749,-0.16101100334846094,-0.3523355942358902,-0.30981807486329666,-0.1258898225105109,-0.28134083330064635,0.06353461025706764,0.04943437162693867,0.02416451922186105,-0.08088827646605731,-0.28134083330064635,-0.2937042955935774,-0.2767314312967474,-0.1710152339545757,0.1310108962602902,0.21712735794122076,,,-0.2819007755891483,-0.2896573357387673,-0.2845027267748584,-0.2550492746068359,-0.06441563021780124,0.3438989816943907,0.800783707388496,,0.05099670149391538,0.05504370342588004,-0.02697959477394096,-0.25769821797940917,-0.2481380545748431,0.29459326427233523,0.800783707388496,,0.06159765793679794,0.1607879836236599,0.012996015583580137,-0.01172598198981141,0.3402355362655499,0.7681898840087471,,0.03890003368799087,-0.18328406256225682,-0.35315797168738755,-0.379142733134304,0.37213198132125475,0.8444597370964715,,0.08034534832197028,-0.2897294422066721,0.1839684694473148,-0.26226005396985996,-0.12834883914267595,0.20805783333323813,-0.25932656623245276,0.0115074649205439,0.10878143133708698,-0.05182213331926896,0.19932575687281842,0.7150588453491867,0.7384324908665931,-0.12279696835574384,0.43021586171014625,0.7395324811125352,-0.09305298616261808,0.04850465627847222,0.585288276458222,-0.16857574833756947,-0.16788883982106664,-0.16748735239222096,-0.17696801410756333,-0.17087984432205455,-0.1882318781771171,0.07291301732209413,0.07531160609435708,0.0927174996733978,0.06731770645813502,0.04267322027532698,0.035264703760477335,-0.24941355370805143,-0.2702574139316992,-0.09935812375752949,0.061431820079896095,0.06967310328285684,0.060802464103590956,0.06009990047463122,0.05955079632127081,0.05889208365113177,-0.3328262457453729,-0.14727790509806477,-0.22116066410588708,-0.21981495720985936,-0.10441076948729017,-0.26881416081557713,-0.0761072390585012,-0.08178264613514552,-0.27990072567730184,-0.284279015488167,-0.047107188686201854
T10d,-0.22731841519831997,-0.0608203999927449,0.011226791521978226,-0.02835866472093792,-0.02953817206465562,-0.02642094690447359,-0.028218996921915995,0.7237006648994512,0.7953994702216467,0.8495449555202302,0.8888007222105161,0.9212765913187604,0.9497460604501463,0.9709283152577268,0.9857149760386226,0.9961410468727364,1.0,-0.4334618803812623,-0.3793665417145406,-0.3758286222297888,-0.2833314292506839,-0.06911812427327335,-0.38399986885756876,-0.3879228034943611,-0.030725410923691878,0.09083391432259579,0.341005085406171,0.03804266405472252,0.3896031111368502,-0.10185763769083335,-0.4012180686474458,-0.16391238511262732,-0.3544054825462487,-0.3093442652913044,-0.1271496975498673,-0.28034836830834875,0.06547160727490595,0.05177178851587598,0.02438722451883592,-0.07720596932892622,-0.28034836830834875,-0.2926555001650097,-0.2751895139649437,-0.16876059215929543,0.13493972835694765,0.2250853309054545,,,-0.28093222096078363,-0.28889955192168,-0.2832016930254353,-0.25236404039932475,-0.06091927506961541,0.3477480056043506,0.7789360917238366,,0.050904707095257434,0.04938840397615703,-0.030345678491744906,-0.25915310406760056,-0.2454522930146307,0.29415685078404546,0.7789360917238366,,0.05698059496784486,0.16001768321183413,0.01458073233875588,-0.012725556897168106,0.340627102952918,0.7377531998223003,,0.036478137007534904,-0.18424157678659073,-0.3535054086142275,-0.3786804427631063,0.37323076263064514,0.8799928413621672,,0.07727903942735607,-0.2930311388978737,0.187039220382932,-0.2653076567764741,-0.1324131959692596,0.20858524865208547,-0.2628605018258488,0.006722337216239747,0.10817370818327243,-0.05597486707217904,0.19868504004611753,0.7210417386899701,0.7451219840735193,-0.12647667337315913,0.43319809864730624,0.7460413986667246,-0.09692350550579033,0.04843826573926779,0.5926893201204945,-0.1731849780754249,-0.1725270668307831,-0.17199605495881312,-0.18134977196189206,-0.1758496315650168,-0.19315953714894188,0.07146703238932853,0.07379532303740531,0.0917595227871613,0.06685456698171942,0.04011273799477585,0.033136826360497244,-0.25299931451375063,-0.2720045026467068,-0.10200650474667798,0.06070145443032104,0.06924429715178654,0.060097857230073166,0.059422830192251426,0.05889435798985099,0.0582584631037692,-0.3316100116121634,-0.1489723733452976,-0.22466423553252932,-0.22327791657097534,-0.10705014704198398,-0.2707444082228079,-0.0763093701690674,-0.08237213752414625,-0.2787534032636822,-0.2833314292506839,-0.04630968669778687
Stream Order,0.21308810057291525,-0.03337692475189237,0.38079391146517794,0.12221147410907762,0.0288541937094192,0.03132875883908267,0.02581413468870916,-0.3927246477079954,-0.3954994953844918,-0.41031648731382575,-0.42424905501400506,-0.4323694656353607,-0.4363898406945122,-0.4355991982571976,-0.434382405050458,-0.4334355078970148,-0.4334618803812623,1.0,0.8356928905112669,0.7595682064495918,0.7123660986941577,0.07380958714470812,0.8115456978745638,0.8448201678626971,0.278862095138343,0.05430782230633259,-0.6185501625738886,-0.3458303716567692,-0.5501111497163489,-0.05838982098416529,0.8781385207429873,0.577847352834537,0.48750792643346647,0.6910595333769569,0.17896224647688158,0.7114210839448057,-0.3134601941673167,-0.4094860666893642,-0.01133294833334969,0.11004820466938614,0.7114210839448057,0.7264192690633379,0.7669381838272415,0.738694937773925,0.7861832981445968,0.9811738140097214,,,0.7126100068116855,0.7201282775153088,0.7529659554014894,0.689818350508263,0.6641118176027675,0.630144236386249,,,0.29208940470794326,-0.13440892499783638,-0.24336266291051228,-0.23654417265209274,0.19451586890568168,0.1357263861103982,,,-0.276037333750312,-0.42662171345190275,-0.37113648884197625,0.3000383454077628,0.09240776374301737,,,-0.15220391765825578,0.10504777493170046,0.45541575469769546,-0.2322605743118742,0.12762253529532736,,,-0.03691628583428702,0.5946165703625333,-0.5006572862358448,0.5219142514417108,0.3766641246742587,-0.3689070845394396,0.5745115039882014,0.06215314907548526,-0.18000804026898531,0.2350671742852421,-0.267020294208609,-0.6309974514253465,-0.5426099869330039,-0.2962542823985551,0.013781263519592291,-0.5504972151267491,-0.3184883829055265,-0.16765228313436198,-0.4251340962834207,-0.015995958220313466,-0.02016495760130036,-0.02400097790707604,-0.014192008947348364,0.053084055427395443,0.0706571214232552,-0.16266401901908065,-0.1618205029052522,-0.1830726451439947,-0.13957262677084586,0.09048964982631322,0.15416816586555077,0.05987164503479243,0.10465619628592733,-0.1561731879727635,-0.3681263197957005,-0.3553586260516831,-0.3690229913154597,-0.369868490982949,-0.3704249282382224,-0.37097671883959943,0.6845435069599523,-0.08254698384993549,0.2195538216456518,0.2184494005036695,0.4172083589053071,0.2733564766230484,0.27885402746693844,0.2723425388749932,0.7003981952139796,0.7123660986941577,-0.040435543256618495
Maximal Flow Length,0.1787615946674153,0.02803159038801862,0.5254290624125135,0.17217585399389237,0.05777655277218061,0.05945040344017522,0.05273038880333048,-0.37239864005637013,-0.36979842118255857,-0.3744741680884104,-0.38041517300967015,-0.38334813563848547,-0.3847965868012403,-0.3831915406491186,-0.38083495678272544,-0.3793324720939184,-0.3793665417145406,0.8356928905112669,1.0,0.9565624176839101,0.8857436445537546,-0.002765667957848024,0.9854740972129542,0.9663130440086783,0.17381541256765398,-0.14007146853128188,-0.56012024228202,-0.19529264079754824,-0.5259397980679995,0.1547672037824204,0.903057287173629,0.36048309632127945,0.5643946293367227,0.578891226145804,0.2795401863224466,0.884239645038018,-0.23875690695375054,-0.2727861993544293,-0.0710145622168476,0.021248722720904414,0.884239645038018,0.8874367330676545,0.8757189090745972,0.8359607147264063,0.7001810057726575,0.4929531530630196,,,0.8823873877164747,0.8952185198636912,0.8680242128850986,0.7866014376284309,0.8525874473999423,0.8868677150567404,0.991337004769613,,0.2024504911518364,-0.05630931366581295,-0.07992567548972139,0.03679207295294465,0.6481636023684014,0.7992461225398554,0.991337004769613,,-0.1861830852577797,-0.3772259779439162,-0.2210147624686593,0.4047792100362182,0.6267625842568105,0.9991609378081087,,-0.08717191581236251,0.2563164739480314,0.4724906159433762,0.28024611762965684,0.583167486538238,0.7477112266733142,,0.0256526939246494,0.5677393784710341,-0.3906969322488676,0.41959024538349765,0.38333197676350544,-0.27051944429979413,0.5037039740014618,0.08543127199403786,-0.05391188077875168,0.24988126539190464,-0.16544109791028805,-0.5539486364787362,-0.4693109602803745,-0.29171435516174776,0.031940750547008595,-0.47449967078149125,-0.3085985602198321,-0.24289101194359572,-0.35952387948891756,-0.05744284549953019,-0.060736730269839063,-0.06014138372026521,-0.04922026382131528,0.0076518782998936195,0.024784928846959067,-0.16485154875065022,-0.1642687770310844,-0.1594235465226383,-0.11389183232027321,0.08205392471753102,0.1375123170193199,0.033787177908692345,0.0764825146475709,-0.22713063230722974,-0.30411206838982396,-0.29173041144921663,-0.30493824829926747,-0.3057185766501024,-0.30623196282516,-0.30672426345649567,0.8250033703222562,-0.12254070156607526,0.17473871226614032,0.17650218510463028,0.3183209948929488,0.14819530013586865,0.23773056751353605,0.23515681684196768,0.8612403996643802,0.8857436445537546,-0.03199254930970512
Downvalley Length,0.18761964997147676,0.024618707766764628,0.4836999010739743,0.15902740361665985,0.06080417909381072,0.0625615296920282,0.05549492141503072,-0.3682140971399422,-0.36870440711318897,-0.37227985351408655,-0.37683918589244453,-0.3788065162937399,-0.3799933327958475,-0.378951790907359,-0.3770674000216027,-0.3755857725655786,-0.3758286222297888,0.7595682064495918,0.9565624176839101,1.0,0.8582617733363515,0.04091696918620476,0.9872048130868909,0.9229285393546913,-0.06502846412441587,-0.2859203319250375,-0.523943557831338,-0.19195606507603716,-0.5264357573622923,0.27564047902549454,0.8440602564599486,0.32276232706267743,0.571582678933278,0.3822022566689105,0.2719372414160451,0.8532429819673651,-0.25903363756278824,-0.2750033090544498,-0.11584587480148115,0.06294580672744089,0.8532429819673651,0.8579724144105937,0.8359703028732859,0.7885974541501619,0.5823973367499571,0.392524845070425,,,0.8535459478566253,0.8750726194246067,0.8331181549827444,0.691336653049764,0.8107573236770211,0.7694023838822026,0.9976445555575925,,0.20924880192909695,-0.035072835044630074,-0.025620576684837474,-0.02855257614665324,0.629143928102789,0.717483144776139,0.9976445555575925,,-0.16863622581130902,-0.3579349450415487,-0.23852930642628115,0.4341696552573502,0.5187558535635337,0.9952768567717692,,-0.07902742798818681,0.297799000571025,0.3632364540531337,0.3701411278918662,0.4674984302596275,0.8157565929257357,,-0.006452062641240171,0.5078145871155478,-0.29881979357782223,0.32901346296257805,0.29839228976376303,-0.2339548364260559,0.4101353581749114,0.024322665148285887,-0.011978226238515098,0.1740631647795167,-0.14926036620827243,-0.5470401924868648,-0.4710807331528863,-0.28533400954091875,-0.03866395451596354,-0.4796587198336153,-0.31186470396331345,-0.21919623293279775,-0.3338318399800332,-0.04286129482087862,-0.0455765330257876,-0.04353662982867518,-0.0326700646380407,0.00930448680270176,0.025200529617708644,-0.11055114022153453,-0.11137854303172116,-0.10591610155449487,-0.06461135566229544,0.08869985581334146,0.1373761227856202,0.05588855106060074,0.09588557614245218,-0.20222996343757654,-0.24991234074261542,-0.2350322236868249,-0.25010037000763996,-0.25021389229531177,-0.25023742053137155,-0.250185773379377,0.8135637625489656,-0.09393849300537761,0.1829435580141887,0.1849797601196767,0.2570667934640312,0.10635704994452065,0.21811960438845304,0.22252664761827448,0.8325186358780274,0.8582617733363515,-0.0011652903001086803
Drainage Area,0.10932587485062546,0.012346121514860786,0.4309193356166494,0.18518711785433747,0.059838915697255336,0.0581524996827755,0.05569783361433463,-0.2982591518637028,-0.29761081638189024,-0.29700749833449247,-0.29555713576613946,-0.293598053372033,-0.29269822629283426,-0.289897388981559,-0.28721715140106285,-0.284279015488167,-0.2833314292506839,0.7123660986941577,0.8857436445537546,0.8582617733363515,1.0,-0.017518484261244728,0.880661110050013,0.9244090295254946,0.13638073930063874,0.03268170629275842,-0.41989794605779157,-0.1231859248686805,-0.3468828896658828,-0.05528080056296982,0.8957658509317005,0.25668783213876295,0.3674198323830161,0.4225480174947176,0.0424357642421043,0.9994607505980462,-0.14138368027552117,-0.17297352955126963,-0.02202138425710364,0.0013014802587587157,0.9994607505980462,0.9983531400842588,0.9897847619518594,0.9561550416401153,0.8432026642775313,0.8436683960695801,,,0.9993578512291187,0.9954133804366561,0.9876462739949236,0.9244534664617094,0.9003070223254019,0.7824514734640218,0.9670796339537308,,0.1488409613597852,-0.07251846227055174,-0.10754670061815505,-0.057649103960128116,0.45211932352646395,0.4266021090890441,0.9670796339537308,,-0.16305710861304853,-0.25142478063435636,-0.26355544589696284,0.21492304409583032,0.23504279111744147,0.942678297814204,,-0.0712938194080118,0.10506206720691005,0.46758638673449116,0.32729490780214054,0.3762926669705299,0.9273717834400379,,0.06951335232464112,0.3716327308312619,-0.1947814169856646,0.20452667028695445,0.27550368883289833,-0.10082868257003842,0.2897770794372683,0.07284482813319068,0.01428116845318592,0.1861174741596706,-0.03076657643490822,-0.4023883471092111,-0.33389551020571634,-0.23356425956134325,-0.018387745163513707,-0.3461234149344763,-0.24877097674982548,-0.23561672715544504,-0.23841085019471375,-0.007643724558642939,-0.009982357019720218,-0.006869262003000141,-0.0010745244395591173,0.03272188609467875,0.042373595533304616,-0.07804233320577628,-0.07539272462410794,-0.05921005660541987,-0.03145322233893632,0.07106945820320201,0.10287296202937708,0.043458273701533205,0.1177998333811708,-0.17859828324201096,-0.1682874315746634,-0.15242658240717216,-0.16957856631742232,-0.17090384485235285,-0.17185998424630905,-0.17289443015827713,0.9271478023776515,-0.06776164652611671,0.10568275766383717,0.10763191571418389,0.1200604383790395,0.060848256108192125,0.2010131495919194,0.1922017801040975,0.9742028700108291,1.0,-0.0621300094543779
Catchment Relief,-0.27845139804504776,-0.04893685148638135,-0.08190660285380388,0.030354676805324117,0.012203873116518393,0.0039028838309582425,0.013884175510774187,-0.08016264360828117,-0.09178142203823458,-0.09017784106648559,-0.0854448987740453,-0.0808300275262609,-0.07876550649784653,-0.07716338206375738,-0.07516235738958423,-0.07291760283334024,-0.06911812427327335,0.07380958714470812,-0.002765667957848024,0.04091696918620476,-0.017518484261244728,1.0,0.032183522899967905,-0.011006809807396946,-0.1417818479623401,-0.22978505272341446,0.5095051874199082,-0.08334625537420727,-0.10471815631650859,0.2173615308210215,0.0018762940047891566,-0.05940368366068546,0.07998067351984679,-0.11477692811221138,0.10448809140546289,-0.014714666842341488,-0.0033832216360106184,-0.013789129861147041,-0.015851689612799185,0.9968656315911527,-0.014714666842341488,-0.023107213023180678,-0.0061452067726089545,-0.04954397928653437,-0.1271022948014609,0.1260656715015316,,,-0.021798790279400956,-0.03163719734272268,-0.03486369510141863,-0.05233951697699757,-0.12273310865537586,0.1953118540549983,-0.18468653534537882,,-0.12001799633443264,-0.0987469377481703,-0.20309771759793938,0.0044260006456220986,-0.10887397708222564,0.16328403460045163,-0.18468653534537882,,-0.07301168577502547,0.001370540148827369,0.2265273995258429,-0.05626513329143767,-0.024065581715059348,-0.09908791931903885,,0.13992511475020006,-0.17972337264409158,-0.00601457001479822,-0.1147066159715891,-0.06734789785572168,-0.6772725302608336,,-0.839512669460725,-0.2536004615056802,-0.016254952237482488,0.12142010780709822,-0.7353822001824737,-0.5598687203556306,-0.13364108614714926,-0.7197624526219109,-0.7511070888345216,-0.7706409169070612,-0.7298478843070055,0.045741392351149324,-0.04601390546919589,0.16693716024154642,-0.29183122215477053,-0.02283199521051907,0.16080132460555346,0.7915599027880772,0.0290929412786805,-0.1204442210313169,-0.1189691930642373,-0.126815488532808,-0.12270271424385608,-0.16810933040037154,-0.17315680045952173,0.18589610154063052,0.16288236732935615,0.04644734252393347,0.06193672525655602,-0.07199781433896894,-0.0546960165819727,-0.10521801483650774,-0.2563379133991996,0.036293453479151604,0.04087145319636588,0.028821908063138973,0.049732795078621814,0.059183665367296474,0.06625866789320704,0.0741958275036045,-0.025334997360540887,-0.07076548678957013,-0.2961220554222892,-0.2963886990256829,0.21334263726398037,0.5081886102530072,-0.31684015002576316,-0.33950780163646976,-0.03328475185348672,-0.017518484261244745,0.39450352479339784
Catchment Length,0.17001279798423544,0.019497722062063235,0.5102575439920912,0.16640990177218346,0.059170595879490646,0.06155303331941113,0.053790650270355705,-0.37421962995349445,-0.373684612399384,-0.37902462644680557,-0.38492017927511846,-0.38751604258044553,-0.38886673319403403,-0.38758865047808067,-0.38541819618704753,-0.3838599534043135,-0.38399986885756876,0.8115456978745638,0.9854740972129542,0.9872048130868909,0.880661110050013,0.032183522899967905,1.0,0.9580347678418831,0.06393701932176052,-0.21535243871421983,-0.5473654262721446,-0.2007877115633336,-0.5423944563745657,0.23007147014277288,0.8814428800671436,0.3524706158353369,0.5863715206869248,0.47190023863413927,0.26331117946042853,0.8773007040796346,-0.25366348132998306,-0.2814497017729232,-0.09211322699172891,0.05590719702590826,0.8773007040796346,0.8823447515551699,0.8674964015517761,0.8320359995138985,0.6682414391218516,0.4470547088166388,,,0.8766768750684689,0.8945551357087854,0.8623076129695579,0.7559194121607646,0.8358268449156525,0.8545656417997471,0.998246511192428,,0.20746970487804972,-0.05071263871644723,-0.04997644640594047,0.008779723895615103,0.6147039416526362,0.7894403417620348,0.998246511192428,,-0.1781354224196423,-0.37659677718828366,-0.22586723710121648,0.39652552857163886,0.6175667969381967,0.9947223029186372,,-0.0921079502148208,0.292687049512076,0.4071582707663863,0.3363614441329747,0.5179853508258151,0.823386754095693,,-0.0010092101499739156,0.5425866692037485,-0.3654189828693094,0.3952754927234768,0.34112975230295534,-0.27112003669182555,0.471699719375164,0.053016179913936,-0.04780088366983991,0.2111654925864068,-0.176291596404649,-0.5567491184362912,-0.4766476487910464,-0.28850175486321145,0.0007004565320691569,-0.48202768564565485,-0.31032546291834995,-0.2224303299117002,-0.3528720025814278,-0.06409814386050322,-0.06729571138901995,-0.06638909180462137,-0.05481460473037853,-0.005231301717797348,0.012528754315665563,-0.16637303653217558,-0.16698398824134558,-0.1625804104098177,-0.11714487743430929,0.06398772075071751,0.11867192070117724,0.035692486429224256,0.07593342699963762,-0.2173529650985471,-0.30053821042461615,-0.2887378872187975,-0.3009345824808462,-0.3012544139487837,-0.30142129725252664,-0.30151862984420363,0.8258550351332639,-0.11651498155693192,0.1645064720758733,0.166791016539115,0.30594668328585073,0.14668931288862713,0.23255250227618693,0.2347106338227592,0.8553106529236663,0.8806611100500128,-0.010039276874097187
Catchment Perimeter,0.16235905969018463,0.0003985273234472496,0.47845715567767844,0.17205536655157438,0.05650188098346679,0.05024553521194551,0.0540716635527325,-0.3739913557241797,-0.3733648063714334,-0.3812152075532857,-0.3883725674776681,-0.3917580393262705,-0.39362133916098757,-0.39205734018156335,-0.389961556465595,-0.38809718949808003,-0.3879228034943611,0.8448201678626971,0.9663130440086783,0.9229285393546913,0.9244090295254946,-0.011006809807396946,0.9580347678418831,1.0,0.17732127270534898,-0.011313514596762615,-0.5634785031936763,-0.1962138148930423,-0.5500997695417041,0.028357717070218436,0.9201280198443044,0.37565814875237563,0.5870798477190318,0.551877918208255,0.07169771669676948,0.921926690725171,-0.23829053331166478,-0.27605662452064517,-0.0630164968435405,0.01386855224040164,0.921926690725171,0.925793051648415,0.9263947580298613,0.909597883386971,0.7473756911075307,0.7243134174602444,,,0.9201296851700581,0.9233059231143358,0.9340020573169507,0.8793271468869669,0.791919778607224,0.9657702359779939,0.8754802613298338,,0.2205246346782375,-0.07931563267117249,-0.08746708599289743,-0.00013161528095563817,0.49467829959699183,0.7430510802500269,0.8754802613298338,,-0.20781543731855948,-0.35310137288605725,-0.28599090713088127,0.1808973473966083,0.6254182866400323,0.8288116789379942,,-0.10448362702081312,0.20251829905248336,0.4873215122572058,0.45032288112039953,0.5836662854731263,0.9914189137133644,,0.029740796676653962,0.5090593759937836,-0.3657324928059594,0.37996838342762873,0.3590707671783256,-0.23581924775718618,0.45825663978408515,0.07528701320823959,-0.052340742086588544,0.23494362184367448,-0.1453318484507875,-0.5492867298358625,-0.46621288167452624,-0.2831084913175294,0.00792888383611788,-0.4735725061985139,-0.3045691473183683,-0.252535982551367,-0.3467995301940228,-0.04967464017631347,-0.05345908199541084,-0.052277579373326354,-0.042436956552565436,0.004910357493597922,0.022559856460386694,-0.22101872351836324,-0.2199064833546702,-0.20819065870883166,-0.16803948397960833,0.006351448403925713,0.05786074333209134,0.05634683895411481,0.11580968143888726,-0.2035579019439879,-0.32310602913724673,-0.31282623082110794,-0.3242179454421047,-0.3252971600725858,-0.32603018198037914,-0.32676418784597455,0.8897321197794721,-0.09946924187953057,0.16377014711350968,0.1650691819622062,0.2574275267907939,0.16075750834416228,0.2795487736006818,0.2682655613689148,0.8991818069833739,0.9244090295254946,-0.04549753844037122
Sinuosity Index,-0.08995430692550212,-0.022479325517273697,0.12630132630619803,0.039519044563828744,-0.005468666464313938,-0.007910928010439992,-0.004266354015422315,-0.051672369571717516,-0.048382422335930445,-0.05105960433262729,-0.048615143290971365,-0.0454997160368969,-0.04250032493040275,-0.03951101414394915,-0.03544184970593474,-0.03323011502655936,-0.030725410923691878,0.278862095138343,0.17381541256765398,-0.06502846412441587,0.13638073930063874,-0.1417818479623401,0.06393701932176052,0.17732127270534898,1.0,0.5362525033282945,-0.23310914134802388,-0.08218881932350565,0.007176411140772534,-0.37688815090812927,0.2457901734393566,0.17300370944621069,-0.03779425323048523,0.7398494020505517,0.11968654149000871,0.14480450865571828,0.10146452978624682,-0.006112886429969819,0.23047586573577747,-0.1305030292143598,0.14480450865571828,0.14197504279686363,0.13495719357948033,0.1339567157150541,0.24250987433044435,-0.1074585200078013,,,0.14027158140077645,0.11973064679642136,0.11925230213747444,0.27652270322788725,-0.025027943628047868,-0.36388432126146997,-0.8479043288363616,,-0.10397388643629506,-0.12371621139069931,-0.13547919579007728,0.3051732061421926,-0.11735490634205763,-0.39247938061728,-0.8479043288363616,,0.021561551869921494,-0.14966711218816897,0.1423217819385594,-0.19379980490888282,-0.15922230151571373,-0.8024320092513122,,-0.19731324493727653,0.01472799382431688,0.35422511700766496,-0.24798624410825346,-0.2627746274726019,-0.9618824273497502,,0.03831197345451495,0.19368623495811677,-0.3458301664132762,0.28564096441380454,0.22360510695741903,-0.17044867933205163,0.30358345654433383,0.12038916914938289,-0.1595191126259126,0.17822422119480172,-0.0982288672732953,-0.04283429616710558,0.04698054826557537,-0.1670740909172093,0.3256446888803403,0.031910966770683134,-0.13415905271534867,-0.13711068669372467,-0.2574289309061452,-0.161190054396402,-0.1643495324872358,-0.1694207446222207,-0.16905828047845825,-0.12141926476245558,-0.11823572768939913,-0.251722634371666,-0.24870290383341717,-0.2452374284377519,-0.23451944429644697,-0.08699609599868216,-0.05548479514107383,-0.15606677409781372,-0.08921692960459413,-0.20625075066247114,-0.2822885045772467,-0.28623893279527235,-0.2840427711003822,-0.2858283406804363,-0.28710577010467925,-0.2884794419880973,0.08398020452503273,-0.18781947876652194,-0.088458819482188,-0.08834862367757586,0.24914153533910996,0.14205047194917259,0.12268662394905035,0.10457407238367906,0.13142455456187416,0.13638073930063874,-0.07445974126196897
Form Factor,-0.03444724206395627,0.02400110944258157,-0.11217677358594248,-0.013448815455308728,-0.011554436923681764,-0.02005298823562186,-0.00795481804295746,0.06325487521114159,0.06497515851309543,0.06726459095693334,0.07322182473737328,0.07565733537940039,0.07824099642882446,0.0827012952934309,0.08442802901023223,0.08767375418888282,0.09083391432259579,0.05430782230633259,-0.14007146853128188,-0.2859203319250375,0.03268170629275842,-0.22978505272341446,-0.21535243871421983,-0.011313514596762615,0.5362525033282945,1.0,0.011503556397232193,0.2216065977233321,0.44505331696979833,-0.8963692658261373,0.1354671861921597,0.06462522792212806,-0.44610121951880805,0.25242162707581006,-0.6085888689999311,0.03452991566097977,0.27259026386147855,0.2159102243188658,0.30352117726487654,-0.21941159127466567,0.03452991566097977,0.050190794841761324,0.11002586115449815,0.08149277329109114,-0.04891029327712196,-0.05606671800223014,,,0.03939015275620691,0.027848727284363453,0.11326868264027351,0.16634050773297662,-0.3111783502335431,-0.43709397234804825,-0.9722100456102502,,0.058534804818333334,-0.18377504447004625,-0.3130070100832673,-0.1202758235129586,-0.4275601388200177,-0.521573564609597,-0.9722100456102502,,-0.12226374127965213,-0.15348683477530076,-0.22081562926459888,-0.47938088676288815,-0.34226219562428817,-0.9801415923573137,,-0.25898714215229834,-0.23169216347652827,0.3183397527847671,0.03952073350948252,-0.3752465216300329,-0.7316869150033042,,0.15284234496606827,-0.03914968036492996,-0.030193285650624235,-0.07360485339223205,0.10787849408151207,0.13299498730431403,-0.01965286478414833,0.09641761993506619,0.040975866190914055,0.11947225301474616,0.1611984205522249,0.13156669651379532,0.214062749252323,-0.2185820213881505,0.23631945945443927,0.19114799682218292,-0.21848802152531446,-0.21047106821886336,0.08832629629335328,-0.024653238854585546,-0.02751737981339488,-0.02604015330918141,-0.027168193638705172,-0.007173583740745435,-0.014838348150698028,-0.10226381536262293,-0.09335258579965608,-0.06592419497608325,-0.0780423997225325,-0.051352617182474476,-0.047965928945129396,-0.07788694020587254,0.009717069884973572,-0.17323437300383465,-0.1522597876658961,-0.13268443582921108,-0.15581348025353406,-0.1595719540199115,-0.16236500586817396,-0.1654962193134796,0.07777145349475559,-0.05981836230159288,-0.028359576001716208,-0.032221129429508374,-0.08723592756006017,-0.08714874973072505,0.08246677459843439,0.05154893515935892,0.04773191621551585,0.03268170629275844,-0.16324847755218455
Relief Ratio,-0.4167199320932215,-0.008131300599168641,-0.25940019688345134,-0.07969220860053353,-0.014821045283024732,-0.010890470189148833,-0.014910046144011218,0.30086066553436164,0.2951667319621258,0.3099305936809138,0.3255570585709647,0.3326871021151065,0.3351681626400672,0.33610513502691414,0.3351644749796153,0.3363822373813336,0.341005085406171,-0.6185501625738886,-0.56012024228202,-0.523943557831338,-0.41989794605779157,0.5095051874199082,-0.5473654262721446,-0.5634785031936763,-0.23310914134802388,0.011503556397232193,1.0,0.20589360780480936,0.48351550051322223,-0.026190890179380623,-0.5442797242981102,-0.4623697101789726,-0.4440700941890927,-0.5752769031755416,-0.21903174131999018,-0.41363580990569615,0.34163796991683004,0.3639454375974659,0.13294499714075836,0.48085037142774567,-0.41363580990569615,-0.42306136935930155,-0.3971362721937274,-0.27775103905247794,-0.21661244275016941,-0.25069079379328424,,,-0.41828982762003697,-0.4293122262292954,-0.424793394418876,-0.29840661741650243,-0.28593147072097613,-0.6084963914776567,-0.848590027753888,,-0.30155472571105507,-0.13604212670096566,-0.20999580596059292,-0.0854163008219987,-0.28167391677594034,-0.6082753955240319,-0.848590027753888,,0.067719012037139,0.3638817837153,0.2913477558615177,-0.1224877088940439,-0.484030870700895,-0.7986125202378315,,0.10740273273288208,-0.40787534401826653,-0.18741525250604368,-0.2569367037560525,-0.5960571078414476,-0.9902734480466432,,-0.31107600002409036,-0.6685288292648748,0.4684627080344476,-0.39882428945277204,-0.6439113133527855,0.10993528829926615,-0.580235941281382,-0.3329260147902271,-0.20343825687450398,-0.5171063895652281,-0.06914280605274581,0.626870336192236,0.47188117524826667,0.411961473307798,-0.21041681725177871,0.5079019734540953,0.42554157116350044,0.5562906214075188,0.5367197927318847,-0.013382137904910869,-0.007612491360616384,-0.00694556423956291,-0.007981231462763385,-0.09529646383925476,-0.11032758053110141,0.27341547335092337,0.2646621028755161,0.22350435057873314,0.20603827683304096,-0.09424743129940695,-0.14655548085371387,-0.14387705847979534,-0.2566978107497221,0.17066235257589027,0.41941189873351364,0.40382558723565853,0.4236506191221307,0.4280289468107108,0.43120567511903873,0.43463738217128295,-0.43653636140834784,0.10660796337386237,-0.4576668067306727,-0.4578284250873229,-0.30106981629700885,0.008827657215472596,-0.3829647682524895,-0.3981139593690351,-0.41585514075539065,-0.41989794605779157,0.1608418633856378
Elongation Ratio,-0.05740992951110783,0.30500159362246293,-0.20061473946174696,-0.062068438288435175,-0.003152220312316832,-0.004578815091621673,-0.0024532117810440405,0.02214913676543599,0.021684457923916975,0.02628205951576408,0.030129227652700052,0.03233435772355007,0.03358217298040815,0.034815980865312526,0.03541220815266116,0.03658081611853839,0.03804266405472252,-0.3458303716567692,-0.19529264079754824,-0.19195606507603716,-0.1231859248686805,-0.08334625537420727,-0.2007877115633336,-0.1962138148930423,-0.08218881932350565,0.2216065977233321,0.20589360780480936,1.0,0.5400246113113728,-0.12330478129634702,-0.1908429243045493,-0.5415203059808774,-0.3213495972991068,-0.358670414566908,-0.2672517989139191,-0.12158207412822575,0.629233128669781,0.8348354756382542,0.18942383370540347,-0.09456983917445524,-0.12158207412822575,-0.3097228367891096,-0.4386981577430744,-0.5340940542565208,-0.3704464918594626,-0.23196525728071013,,,-0.12179197080343886,-0.31198814264780195,-0.44978610028524124,-0.6118859092499033,-0.5797599519782327,-0.5467384350543597,-0.9721574771266046,,-0.2681833445929789,-0.10065246880743826,-0.10523634575655223,-0.3130647534103291,-0.6200816203183963,-0.5414289722285713,-0.9721574771266046,,0.06926167478100935,0.5262380207078869,0.1640408785243646,-0.1820093558197325,-0.28448489288789924,-0.9470215725184549,,-0.04436250107652735,-0.3600006109089853,-0.5143524129640569,-0.452226701527938,-0.4103202432698819,-0.9359887151622378,,-0.004809356569287811,-0.11657827299687597,0.10322267564018459,-0.13495064574992952,-0.07952494956342035,0.0800876346307864,-0.12299471422670487,-0.057442253527134945,0.01766531375149029,-0.0662783517531842,0.06536554192041846,0.12818707039828386,0.1324442698314719,-0.011030435224324288,0.07286994997798067,0.12459492237364521,-0.003428025242866423,-0.016501093042480194,0.08372580606452,-0.052976434533951636,-0.05221162533757826,-0.05009270025308542,-0.04978534754377492,-0.06415463068801902,-0.06903013526848424,0.026409155307718382,0.027348066667609177,0.04117910140604627,0.03551804228010708,-0.02416241413429324,-0.03329912578952773,-0.09221475954964123,0.002393216639091631,-0.08065735722621577,0.06682165508749312,0.07034404724452804,0.06658073419623477,0.06630118905194124,0.06607605058673388,0.06580506072886405,-0.12812453797689077,-0.05144779575619023,-0.0775165531192325,-0.07722612632166943,-0.10944996323632734,-0.10989076110305525,-0.225283964131103,-0.22549863322941266,-0.3482163792564049,-0.1231859248686805,-0.024324921489344026
Circularity Ratio,-0.12210135495602968,0.12259420041641689,-0.2745529317493692,-0.07903328454993638,-0.017850593700070302,-0.013092882802851081,-0.017965305023202097,0.29344115771948376,0.3073846230900107,0.3379434635708965,0.3609516667216413,0.3717503658919765,0.37833061342791985,0.3825984807256194,0.38431060788038635,0.38746831425508765,0.3896031111368502,-0.5501111497163489,-0.5259397980679995,-0.5264357573622923,-0.3468828896658828,-0.10471815631650859,-0.5423944563745657,-0.5500997695417041,0.007176411140772534,0.44505331696979833,0.48351550051322223,0.5400246113113728,1.0,-0.46948969657842116,-0.3619453618396402,-0.42015237240396613,-0.9408868452456961,-0.41172873945902094,-0.19921893297587434,-0.34559621957412956,0.4806263348322779,0.5364711119923717,0.23685100249790822,-0.11657720381164643,-0.34559621957412956,-0.36208257175016684,-0.32918276703334787,-0.27850609177927677,-0.2476274458764736,-0.21260563446730202,,,-0.3396616398589393,-0.35164636853216713,-0.35606261855271976,-0.29657955910543093,-0.18472894798569706,-0.570350828496923,-0.7331195571985245,,-0.13471640713403665,-0.05696566392306369,-0.26801278413538926,-0.2713302615265195,-0.20396565541415845,-0.5858078526142616,-0.7331195571985245,,0.038419095724890745,0.08723730284856566,-0.05291227519945682,0.010143798415705299,-0.71195682235196,-0.6705846420903288,,-0.07329567228583397,-0.2961635293833014,-0.04915772391384005,-0.3025363304873919,-0.5638200744101374,-0.9751486800936694,,0.06950308177020437,-0.34974282659728645,0.3988657910085258,-0.45176578025724423,-0.2338782596519372,0.31490081061454794,-0.42297777595462727,-0.05505242812876651,0.15400727877784828,-0.15674291366149418,0.275012358796325,0.54156102841113,0.5567168826491693,-0.09093929990605745,0.16982437330474293,0.5376567647954327,-0.0560772217077292,0.022029397126902404,0.42298356236547024,0.05716073371055999,0.0590862868017688,0.06499870744450326,0.060408030981586876,0.035139403738792006,0.017813181605600782,0.27716563989221515,0.2843214401218186,0.30148403211222197,0.27630678457530905,0.13337012313299235,0.10573793380909982,-0.0808832019456159,-0.061735377244792576,-0.020593986129097457,0.25404290701506127,0.2800696173537955,0.25216582247629354,0.2500598319804943,0.24840828746426918,0.2464420081280069,-0.33783541637297865,0.03157901240676466,-0.1330948542535996,-0.1319368582400972,-0.3070111295399981,-0.33844859403909877,-0.24012423906328423,-0.2353510180550496,-0.34470962632162655,-0.34688288966588277,-0.11844686885259127
Lemniscates Value,-0.04346844448186726,0.00014780217992611745,0.20591884234753627,0.018793467991696584,0.0008553472941286452,0.00730656533322948,-0.001258534983333566,-0.06924419136361964,-0.07655692944303681,-0.08349702925547976,-0.09147272026767633,-0.09249953346535833,-0.09345062134695468,-0.0963348895771409,-0.0969204198101649,-0.09963794336790523,-0.10185763769083335,-0.05838982098416529,0.1547672037824204,0.27564047902549454,-0.05528080056296982,0.2173615308210215,0.23007147014277288,0.028357717070218436,-0.37688815090812927,-0.8963692658261373,-0.026190890179380623,-0.12330478129634702,-0.46948969657842116,1.0,-0.16254154314254865,-0.07413196305886223,0.5365666409055254,-0.2042923998798652,0.5869980943275418,-0.05525400032513365,-0.18089309603627188,-0.12551575795141726,-0.22550761578700274,0.2052609205402709,-0.05525400032513365,-0.06012110442663371,-0.11900256868466788,-0.0814784086691403,0.12236877945931494,0.0007449241299489594,,,-0.061258068697099835,-0.04051185233172451,-0.11957470754512471,-0.1546014315506392,0.24648331596917544,0.6294440977577676,0.9475711732372324,,-0.13896884984222868,0.14471394085765785,0.3794882300396689,0.23207327931960592,0.3140045450221064,0.8056006296652953,0.9475711732372324,,0.15874655234597695,0.12050388622707077,0.29468359209499567,0.4321478725208472,0.7568448437130665,0.966838772797195,,0.18990051919848358,0.3755581829517124,-0.3760593603336489,-0.11659456924338278,0.4597520125598472,0.6418490891802213,,-0.17546511013633934,0.14923518056623372,-0.13171195452599918,0.23900073951154027,-0.020217632754139573,-0.25165931013743525,0.1786810380991778,-0.08174144964539401,-0.08558187813416988,-0.05338447741112102,-0.25118194525053894,-0.15278349221586351,-0.21039523404624602,0.21155383216624726,-0.09142188148600414,-0.18381126739720066,0.19812534290632794,0.18208501494546545,-0.15604643700477314,-0.08969207557978966,-0.08771392893931279,-0.08949753753796903,-0.0830998735787981,-0.08358856426658007,-0.07130040557071923,0.012688905462888322,-0.0024931712605333715,-0.01505739886485735,0.022027658939283636,0.06252220904194504,0.07776206772656259,-0.041757189464815006,-0.10532305965988688,0.019898300578529964,0.051316297879183695,0.027349566638056537,0.05677454275499512,0.06262378228525972,0.06702640847547789,0.07205163248616471,-0.1294015004902768,-0.05805789132556448,-0.05615866207903859,-0.05390313017986565,0.23829962431462598,0.10240109725696188,-0.11531683381262985,-0.08554745531438078,-0.06644885874337451,-0.05528080056296985,0.2807915732642769
Drainage Texture,0.19007751249003538,0.008672686707314668,0.31639315912594596,0.140729414062997,0.05592673218664581,0.05879937606996758,0.05064473535630453,-0.3966479257549053,-0.3996797394785762,-0.4032594717623033,-0.4066387539580282,-0.40867289890788816,-0.4097060737810985,-0.4071023211405032,-0.40441959248748754,-0.4019111125161749,-0.4012180686474458,0.8781385207429873,0.903057287173629,0.8440602564599486,0.8957658509317005,0.0018762940047891566,0.8814428800671436,0.9201280198443044,0.2457901734393566,0.1354671861921597,-0.5442797242981102,-0.1908429243045493,-0.3619453618396402,-0.16254154314254865,1.0,0.4010876840104358,0.32037460055062156,0.5916077957649309,0.10035388699321748,0.8939856381095959,-0.17375990600831803,-0.24224169488503394,0.026444113204406188,0.029958195208741954,0.8939856381095959,0.9017611046981518,0.9020261708797026,0.8107182574904672,0.6391848141956603,0.5100787366793613,,,0.8960085976497124,0.8984366132139985,0.8985492700806048,0.8333793725496474,0.8324929544161028,0.34464269661275815,0.7704161026203468,,0.20485234564932595,-0.1368029373806982,-0.16956631714560352,-0.034494904441247067,0.5676158159626542,0.09265068103087483,0.7704161026203468,,-0.2283704464649235,-0.36792961699067833,-0.3167980455603432,0.27082434612148854,-0.18059743911448178,0.8049211033288515,,-0.14819507945483312,0.16210697913992128,0.631098074191231,0.3368735197344603,0.06971231203739106,0.4054293651052005,,0.03223564263633519,0.49053360618806907,-0.301925255067621,0.30750678405917403,0.32516632509976867,-0.19418139412959415,0.4000357937333847,0.05379638720742127,-0.047630437913519084,0.20257873137714025,-0.10747278580563684,-0.5476076287769868,-0.45478554697591306,-0.3278306962297583,-0.02986259834642695,-0.4712631740353547,-0.3458788608629702,-0.25692543701728604,-0.3412484018372012,-0.008848948994790043,-0.012415941267511573,-0.010050901892354771,-0.0028813499161409817,0.046191619687397774,0.05800769816641919,-0.09408570143738278,-0.09026361201570035,-0.08427773923041128,-0.05322480487976543,0.098722152160816,0.14585568088044246,0.055878814393896865,0.13502754120133142,-0.22102410949307055,-0.2577604125288647,-0.23556314700489933,-0.25952769594698233,-0.26134302231603185,-0.26265486013094547,-0.26409335719192306,0.8821887515332167,-0.09166642636962458,0.1906292875801994,0.19177804493122616,0.21887790193585321,0.1307543701843568,0.2913043809781167,0.281275090620194,0.8707822708473781,0.8957658509317005,-0.09119151139726894
Drainage Density,0.0800986306675633,-0.14354471086733273,0.21552694274833611,0.04315509651681637,0.0016656737169221296,-0.0003221949985015374,0.0021662790309742697,-0.0990952177682061,-0.10353286462695291,-0.12776267608639888,-0.14524055745754866,-0.15438268609152322,-0.15897350246233535,-0.15905207241255573,-0.16004056051213694,-0.16101100334846094,-0.16391238511262732,0.577847352834537,0.36048309632127945,0.32276232706267743,0.25668783213876295,-0.05940368366068546,0.3524706158353369,0.37565814875237563,0.17300370944621069,0.06462522792212806,-0.4623697101789726,-0.5415203059808774,-0.42015237240396613,-0.07413196305886223,0.4010876840104358,1.0,0.310438005959118,0.46001429945438294,0.07799955778191953,0.2528625549033933,-0.42563790605208374,-0.6694339716700293,0.16868334164917886,0.0005173170888370603,0.2528625549033933,0.282833488733748,0.28541517125173066,0.12355585937356615,0.058909778311637725,-0.16873742078779932,,,0.26638973168060237,0.2827344133484775,0.2643936335202717,-0.021174095291933228,-0.07843793348685273,-0.06161876755397699,0.8062798233137257,,0.5743633537951712,-0.07272557452292285,-0.13356117986184415,-0.3016524643609515,-0.21280410209604853,0.03735384945749433,0.8062798233137257,,-0.16802768686279837,-0.35395975190333595,-0.23744764593508985,0.26630203459057783,0.30836752239275383,0.7493690033280811,,-0.43365585836796045,0.18819481413805675,0.10687907475104978,-0.20486355706374143,-0.1131143347363934,0.9991428229429288,,0.13371306383385737,0.5294220411639188,-0.5184511065688333,0.5276546564608701,0.46779965494433823,-0.25789456685741713,0.5589440952146748,0.25083696771414016,0.01819314279360098,0.39309270476785085,-0.1399815613471008,-0.3464352694882887,-0.27097955825916276,-0.303011326039674,0.22277045189039676,-0.2567529002977448,-0.3276430050965809,-0.1038484428930162,-0.16084878295046098,-0.09405394326731385,-0.09721940956482251,-0.10235125515459705,-0.09711614416119371,-0.026194002834335678,-0.015366857949439336,-0.18606238529315053,-0.18312860975136436,-0.19719759639178291,-0.17392770304578153,0.08132367084592738,0.13397186854390744,-0.13047552720469224,-0.09743924320549378,-0.19312019695025695,-0.38338048550780457,-0.3760392148856547,-0.3848360134722457,-0.3862813617533344,-0.38729040988383234,-0.38836692162173003,0.21807884297644597,-0.17747095515881126,0.10261958100063383,0.10235339742328103,0.47021210259501195,0.19287847236706032,0.1901793642717175,0.2014632368410017,0.26655626024653056,0.2566878321387629,-0.09781941890542675
Compactness Coefficient,0.08424069028624007,-0.059123443639965016,0.38202106674447445,0.09316273660762427,0.016796631764310642,0.00709743142456604,0.018561693500350227,-0.26776742939634873,-0.2763512140268307,-0.30475515108647777,-0.32702280415530066,-0.33737077496650975,-0.34374261799914757,-0.34772633939403935,-0.34947919189758525,-0.3523355942358902,-0.3544054825462487,0.48750792643346647,0.5643946293367227,0.571582678933278,0.3674198323830161,0.07998067351984679,0.5863715206869248,0.5870798477190318,-0.03779425323048523,-0.44610121951880805,-0.4440700941890927,-0.3213495972991068,-0.9408868452456961,0.5365666409055254,0.32037460055062156,0.310438005959118,1.0,0.32303681442462984,0.12850169014138776,0.36604212061305763,-0.36005116573708057,-0.36976699526788476,-0.20715303594446322,0.08897948443627508,0.36604212061305763,0.3663430332108157,0.332073163615252,0.30121279320333316,0.29975364708977775,0.18682530451903814,,,0.3586432723416055,0.3616896481272743,0.3556567318378824,0.2619039199827469,0.2040181494156288,0.6571547639569708,0.7113050736415587,,0.0974746496946524,0.04234775507997084,0.2443876749853452,0.2058892008756034,0.18992268169417612,0.7146209378271658,0.7113050736415587,,-0.05116422923756127,-0.09227307680072251,0.03296486083337847,0.05011420363833614,0.8296301731720772,0.6477070357509289,,0.05930906927434471,0.2903695634627907,-0.012586427643509729,0.2630093730650584,0.5938898735895332,0.9642009817760245,,-0.07238248786584425,0.36973136838016346,-0.4386033028827813,0.48725696234594934,0.2545776804716917,-0.3421314948323264,0.45991977864473854,0.058380879118732715,-0.16000550272940078,0.17273516709444178,-0.2922061818366295,-0.4991701605289836,-0.5056296128899563,0.0721914471534064,-0.08327526343967322,-0.4826073579610752,0.03383252359662595,-0.04085459949590003,-0.3934258812548724,-0.11780089484657312,-0.1199571222383321,-0.12590517845386837,-0.1173656453983088,-0.09111106539898602,-0.07064976941861419,-0.356736202813283,-0.36583212316611735,-0.37436213884147973,-0.34081088011281074,-0.18347533702830227,-0.14916099740476768,0.023701678430760736,0.02503720132987056,-0.048232216632857663,-0.3077156386804328,-0.337258724440933,-0.30537535758663414,-0.3027465271472019,-0.3006821654165273,-0.29821155265748944,0.3341875780672039,-0.08761501122091081,0.0902887782691338,0.08953936569022188,0.34120070923919016,0.32515160189641734,0.18651382848351292,0.18497729040949093,0.34951104162391733,0.36741983238301607,0.14825260278505592
Wandering Ratio,0.18477219280772014,-0.042460973677332585,0.29364661622955274,0.09323371947007889,0.01282904778843424,0.007675827186242017,0.01346167460119427,-0.2813084934420098,-0.2805450623183388,-0.29364019665966073,-0.3043353245279689,-0.31024159878544394,-0.31252576937150345,-0.3121971988591105,-0.3100213727084044,-0.30981807486329666,-0.3093442652913044,0.6910595333769569,0.578891226145804,0.3822022566689105,0.4225480174947176,-0.11477692811221138,0.47190023863413927,0.551877918208255,0.7398494020505517,0.25242162707581006,-0.5752769031755416,-0.358670414566908,-0.41172873945902094,-0.2042923998798652,0.5916077957649309,0.46001429945438294,0.32303681442462984,1.0,0.36897658154574575,0.42532336432040924,-0.2739140922911359,-0.37227728349287387,-0.009724310136800566,-0.08979647399269876,0.42532336432040924,0.4270690518720544,0.42297518651475874,0.30484287425323087,0.2436433342266954,-0.11862678152212469,,,0.4227870641701947,0.414300231610578,0.4100701032114193,0.4113332373099393,0.14368747032340998,-0.3950228695463374,-0.8464786013916202,,0.15272747553164948,-0.003127697800953554,-0.12395532610562453,0.26239095709690474,0.16154111536117324,-0.4251275304469266,-0.8464786013916202,,-0.08813168790420223,-0.3533517118870985,0.006759731606950627,0.032797819400677004,-0.21953848223663044,-0.7989027324349673,,-0.09571814251015903,0.07906601745722425,0.5074418125542384,-0.14085456048041015,-0.1984744501091317,-0.9737366740916413,,0.03386825837087873,0.5028204173800573,-0.45247442631893486,0.44104342634807536,0.38466062004898177,-0.28078269056196686,0.5126474973715698,0.11681437972282528,-0.13726069742682445,0.2629942503549618,-0.17071796817628293,-0.4750013978134761,-0.37071576899888736,-0.2499624569153442,0.14881980873096043,-0.3920921155007984,-0.23761972835848258,-0.22937642622977375,-0.4783745420993987,-0.012380791779341233,-0.016236094111025508,-0.019838070426684357,-0.017685152216370563,0.058547578433750316,0.0676291872029043,-0.14140746346662844,-0.13770566174012566,-0.14517066121549682,-0.12117124678785181,0.10462467197947958,0.15153022415920522,0.04838549260029901,0.0817286751479252,-0.14290200654473442,-0.29581339789698774,-0.287411920283124,-0.297694395213377,-0.2996139091143313,-0.30099114892924594,-0.30248107037980926,0.3966176154441995,-0.09218159647957849,0.2071427707861495,0.20575237817615377,0.3475643603182701,0.18434551332789006,0.27413275194210823,0.2569564498522753,0.41525659464193965,0.42254801749471765,-0.08965337347370406
Fitness Ratio,0.123639440200628,0.009132760881880125,0.18176483944867527,0.034389435132065264,0.007709170196164589,0.021152033046522974,0.002841162826136929,-0.1307129608382827,-0.12725168591398556,-0.1229758895586303,-0.12481242098959262,-0.12498545390276378,-0.12464307523786324,-0.12623064849598598,-0.12450889038160144,-0.1258898225105109,-0.1271496975498673,0.17896224647688158,0.2795401863224466,0.2719372414160451,0.0424357642421043,0.10448809140546289,0.26331117946042853,0.07169771669676948,0.11968654149000871,-0.6085888689999311,-0.21903174131999018,-0.2672517989139191,-0.19921893297587434,0.5869980943275418,0.10035388699321748,0.07799955778191953,0.12850169014138776,0.36897658154574575,1.0,0.04444789890403321,-0.24664042992404286,-0.2493179971415219,-0.18553590864395753,0.10712648503339506,0.04444789890403321,0.030552223614181008,-0.055861272346955475,-0.08070217682029415,0.07048352777643851,-0.22317376101159944,,,0.04124662489759062,0.052364167544394956,-0.0883919656948744,-0.08752726583894437,0.31136005133726835,0.006901709785304608,-0.24618989302081903,,-0.05822990095508935,0.1842849104076233,0.17209557179519744,0.24339937457493288,0.4506235284882032,0.16068583220918697,-0.24618989302081903,,0.144685632730357,-0.08236710075386837,0.27660032282487296,0.5510416713568791,-0.020727904802474387,-0.15807720669436348,,0.1339363178730876,0.26935803695909466,-0.07340207056925323,-0.36619446248227117,0.03229632963689677,-0.7421967435431024,,-0.12894511424542784,0.30818576339074405,-0.1523965787390069,0.22523471420678898,0.07214428893788857,-0.24901427529636463,0.24769716113090612,-0.06345121147466713,-0.08877724526257409,-0.010119081714522592,-0.19767908348487,-0.23593282551605002,-0.21355954831572524,-0.04198342532931983,0.01542702580687934,-0.22385920940391107,-0.010243889350844209,0.06121327983203258,-0.3132308905318273,0.03306198528264314,0.03413024771343521,0.03289637441994014,0.03351527727186016,0.07395185318835205,0.0781666426188092,0.22576227692403586,0.2218821758600294,0.1915470977119637,0.21680735468335757,0.32271549948924,0.34805708425750825,0.04079192280160085,-0.014543951487579603,0.010117989225897593,0.07868527304385936,0.08387371302717331,0.08051977818612063,0.08245229007020326,0.08388203081393408,0.0854654367095869,-0.03114591150120067,-0.024829491574922844,0.1271344204859802,0.13031057852725725,0.2747765967320512,0.03149414681248264,-0.024520709509351826,0.0021772936129496757,0.02957839115811325,0.04243576424210429,0.07203234882135685
Basin Magnitude,0.10266588119903647,0.014284371312268871,0.43108552026857894,0.18538175728742637,0.059391847519629094,0.058567982573905865,0.055012005631826934,-0.295734636029019,-0.2951136035240681,-0.29443738134057734,-0.2928864231410621,-0.29075833264753076,-0.28979140010296023,-0.2869277364636206,-0.28425900466883747,-0.28134083330064635,-0.28034836830834875,0.7114210839448057,0.884239645038018,0.8532429819673651,0.9994607505980462,-0.014714666842341488,0.8773007040796346,0.921926690725171,0.14480450865571828,0.03452991566097977,-0.41363580990569615,-0.12158207412822575,-0.34559621957412956,-0.05525400032513365,0.8939856381095959,0.2528625549033933,0.36604212061305763,0.42532336432040924,0.04444789890403321,1.0,-0.13067547927933298,-0.16556061857061838,-0.011112628013498554,0.0037834318383989773,1.0,0.9984952370509937,0.9898716413155286,0.9555461660180341,0.8514962188885407,0.8586272955653561,,,0.9993189937213343,0.9934594489463792,0.9870233576574243,0.927248260089308,0.9023867277737013,0.7740263482334184,0.9580241104768428,,0.13875935437424247,-0.08059719795489907,-0.11065297945058572,-0.05411110997541504,0.45015482004743784,0.4058296110753841,0.9580241104768428,,-0.16465274583835995,-0.24656769916618276,-0.2593561972859638,0.2138863891125087,0.22098352676006242,0.9298417178502134,,-0.06985055175974961,0.10365501256749972,0.46984806847251726,0.30997928099907524,0.35441778606628715,0.9434655041863065,,0.06839411818801983,0.369664489467182,-0.1989570371738259,0.2096680290859979,0.2759295205012815,-0.10381716213442739,0.2924112512465758,0.07483745836742142,0.007903531640413975,0.18739955423855273,-0.034149313974842416,-0.39706491441019814,-0.3300671877816021,-0.2278051867567946,-0.015249776430986423,-0.3412551307143138,-0.24295591991960155,-0.23006745535738385,-0.23645083455491328,-0.012992223123747764,-0.01528137868626171,-0.012284191730700483,-0.006481816818677372,0.02713453439491196,0.03677187212875117,-0.07943079486340343,-0.07680718186059257,-0.06148908035564225,-0.033682727990412886,0.06882495423649827,0.10088386670132078,0.03722090939723785,0.11257733047719418,-0.18112976046175805,-0.16767053434231866,-0.15229919875668183,-0.16894332808382098,-0.17025028859405678,-0.1711937085579741,-0.17221674303997955,0.9221336442460978,-0.07084597141955684,0.09821823365734435,0.10020029980190384,0.12350960901543943,0.06613576642204343,0.19404018178500923,0.18491978090242925,0.9736821885472422,0.9994607505980462,-0.06264532899909069
Channel Frequency,-0.18332310705306382,0.17828755453832562,-0.0969735726454028,-0.035393097211532214,-0.007409847032273817,-0.011378964952354525,-0.005571350460501508,0.04427156292142629,0.02745279863815114,0.032105222488453725,0.04685652882679532,0.056834292107310565,0.06029431250279294,0.06290097528939038,0.0628497238312809,0.06353461025706764,0.06547160727490595,-0.3134601941673167,-0.23875690695375054,-0.25903363756278824,-0.14138368027552117,-0.0033832216360106184,-0.25366348132998306,-0.23829053331166478,0.10146452978624682,0.27259026386147855,0.34163796991683004,0.629233128669781,0.4806263348322779,-0.18089309603627188,-0.17375990600831803,-0.42563790605208374,-0.36005116573708057,-0.2739140922911359,-0.24664042992404286,-0.13067547927933298,1.0,0.9162669477320275,0.7950598613265211,-0.02016461817160403,-0.13067547927933293,-0.12112369439526421,-0.1270545213422194,0.17970435210327318,0.09500535533674233,-0.03235253514884762,,,-0.13802094034524284,-0.14152112016662674,-0.14405134946274997,0.17323453165927621,0.025706412643514257,-0.4807405530629618,0.7340981442963945,,-0.6753639543631565,-0.6231044649110269,-0.23450924116891078,-0.04415557679422519,-0.03401248506517942,-0.5919151061298168,0.7340981442963945,,-0.07283327683143927,0.406417796557699,-0.05566914178371937,0.0807616870651911,-0.35516350525104684,0.6699191334997755,,-0.18723415599659002,-0.10969500012726033,0.23078524142943743,-0.28908298412071565,-0.5796856736452254,0.986094340482397,,-0.007766218615023081,-0.26871916174400656,0.19395849338479554,-0.17993253754677835,-0.15714078623867606,0.1303382366055558,-0.22149191029093657,-0.036351581021809506,0.00473650260092061,-0.09786058791479041,0.07806782517265211,0.2366134976797026,0.18615318999137656,0.20310021677429793,-0.019672972879930768,0.19286781198754724,0.22145514557824908,0.10081108231246637,0.01744906255971156,-0.11859822838458167,-0.11463393631466995,-0.11004370612241,-0.11091949814528719,-0.17027753605537094,-0.1727679199998923,0.012050016861101976,0.015787808319469902,0.021846041745961595,0.004328786845959593,-0.15543350423971009,-0.17852608622563815,-0.20456878308655643,0.0006817392437019028,-0.04889598888173063,0.20454478025159314,0.19298348492962827,0.20382441246199662,0.20294309658090354,0.20219901601153162,0.20119623095733297,-0.16758119563425683,-0.03516854476280771,-0.22961276482510104,-0.2302939756242646,-0.18712374869158063,-0.08962541339393118,-0.26142480034460647,-0.2686779617840747,-0.13085416100462402,-0.1413836802755212,-0.09072781466999477
Drainage Intensity,-0.10992807782102382,0.2462406098837955,-0.15818176059203698,-0.04590254017949751,-0.005814280840926215,-0.008933648890628443,-0.004370106774611979,0.025843579781942207,0.014436463457866837,0.022333123744645224,0.035200618169602314,0.043287522233341626,0.04642777166507845,0.04824535549271582,0.04849101207266534,0.04943437162693867,0.05177178851587598,-0.4094860666893642,-0.2727861993544293,-0.2750033090544498,-0.17297352955126963,-0.013789129861147041,-0.2814497017729232,-0.27605662452064517,-0.006112886429969819,0.2159102243188658,0.3639454375974659,0.8348354756382542,0.5364711119923717,-0.12551575795141726,-0.24224169488503394,-0.6694339716700293,-0.36976699526788476,-0.37227728349287387,-0.2493179971415219,-0.16556061857061838,0.9162669477320275,1.0,0.49750272663330974,-0.04143676674841145,-0.16556061857061838,-0.1992600469308349,-0.22257870731185697,0.08654105565622838,0.0027276887916507274,0.061618400394529274,,,-0.17273263167930092,-0.21384305948671017,-0.23018445091492004,0.17721421579365015,0.06946053131529523,-0.452798920527544,0.7333823766156847,,-0.6354021733955351,-0.46931309514792063,-0.15494461813286028,0.16639554115596414,0.15183955862456827,-0.6208378978170768,0.7333823766156847,,-0.006464760698750216,0.48686274122070916,0.11456289578217958,-0.1694892789561768,-0.5279472094020818,0.669227982275238,,-0.009676440219852854,-0.18170960972316919,0.1617552036588959,-0.05273559293051954,-0.5168718739916417,0.9853674253608679,,-0.04521257064127261,-0.30252849344016347,0.2574981354823449,-0.2582302636077517,-0.22244095847811393,0.14746461768396474,-0.2849483113274219,-0.10381359113202694,-0.005469356102257995,-0.17116747706566138,0.08601351987960283,0.22104236885434367,0.1724438394810131,0.19783460577689202,-0.0658087587215324,0.17020409772157846,0.21591208025320316,0.08013342772891746,0.03555695449405268,-0.05360369395692297,-0.0501740262764764,-0.04569570925092038,-0.046447066228580684,-0.10223967366958668,-0.10714085299113377,0.06050729443110209,0.062238156231702736,0.07221732950760691,0.05622291718879545,-0.11446856688991071,-0.144031441707803,-0.10409711872960903,0.04184465157104768,0.0037432071067542774,0.23246477494517898,0.22456702274972482,0.23233855484537147,0.23210582222781773,0.231860409399774,0.23146951885226133,-0.18050572205729057,0.008758922719654262,-0.15817396054474064,-0.15726686535638928,-0.2480701707769094,-0.12095245307489634,-0.2651277120360203,-0.27180533767143666,-0.22067336245889377,-0.17297352955126966,-0.04053351039800706
Infiltration Number,-0.19747425547905834,0.046758318531714485,0.004442292585999246,-0.015434559759550827,-0.007745193803895951,-0.011656874731700361,-0.005898716434008482,0.03114192810262832,0.010863005743987643,0.00440175830767029,0.013106308018902958,0.020344831080809554,0.022071587719178155,0.024892922037923274,0.02421866937703442,0.02416451922186105,0.02438722451883592,-0.01133294833334969,-0.0710145622168476,-0.11584587480148115,-0.02202138425710364,-0.015851689612799185,-0.09211322699172891,-0.0630164968435405,0.23047586573577747,0.30352117726487654,0.13294499714075836,0.18942383370540347,0.23685100249790822,-0.22550761578700274,0.026444113204406188,0.16868334164917886,-0.20715303594446322,-0.009724310136800566,-0.18553590864395753,-0.011112628013498554,0.7950598613265211,0.49750272663330974,1.0,-0.002021214369820625,-0.011112628013498578,0.010345101374518767,0.003326470976495211,0.18510479438683805,0.08876262113771496,-0.09975012250710984,,,-0.013137430529185446,-0.011661501457303675,-0.02279716524115815,0.1017004755429862,-0.04811942844797963,-0.3716614303473235,0.7704320153669821,,-0.42911233192452336,-0.6634398358011026,-0.28441018893190284,-0.19826232787079717,-0.17101395399541494,-0.4062324242836637,0.7704320153669821,,-0.15128416754399152,0.240730348948436,-0.16595744247019611,0.2153163771074743,-0.10932021466819607,0.7111205412275176,,-0.397031740429711,-0.016171948647124908,0.19831453493871745,-0.301947384428779,-0.4524273871407339,0.9851915207922763,,0.07051867276122792,-0.03225061727434832,-0.052766076313710726,0.08158887342098688,0.0727489989490622,0.016398310418013828,0.04331210423116735,0.10891596899324889,0.022191612478235406,0.10724514757209659,0.017533660846904164,0.11322173528930723,0.09251191163298886,0.08681946570682127,0.10015236189334556,0.11058183032017871,0.09421426255795197,0.07025118625049605,-0.046652835998230335,-0.18984331129676116,-0.18694684873628498,-0.1844839584662526,-0.1840716420557619,-0.21453920275423788,-0.21159520723014938,-0.08338383050062986,-0.07760662371088854,-0.07983998159699474,-0.08911152694389639,-0.1345809329841239,-0.13237111434893994,-0.309658307860139,-0.06769865082890432,-0.15545481048590856,0.03463035903950197,0.02403243596815401,0.03308670775109332,0.03136267611970519,0.03001022676265739,0.028319235558408012,-0.07342469504426224,-0.12838254703047375,-0.22669667943559463,-0.23885695074867297,0.04278957041680225,0.00619757722987161,-0.16645106199222298,-0.1693204633358757,-0.006156084259833512,-0.022021384257103604,-0.1298247781533507
Ruggedness Number,-0.27368714201836586,-0.050603823457842215,-0.04583922412161395,0.038740959457357144,0.012515914358070415,0.0038306730118239174,0.014293759086630317,-0.08555351478243349,-0.09706192725726276,-0.09659912573212757,-0.09288459920901634,-0.08875329934528843,-0.08689260536471538,-0.08519757690741568,-0.08317223309265527,-0.08088827646605731,-0.07720596932892622,0.11004820466938614,0.021248722720904414,0.06294580672744089,0.0013014802587587157,0.9968656315911527,0.05590719702590826,0.01386855224040164,-0.1305030292143598,-0.21941159127466567,0.48085037142774567,-0.09456983917445524,-0.11657720381164643,0.2052609205402709,0.029958195208741954,0.0005173170888370603,0.08897948443627508,-0.08979647399269876,0.10712648503339506,0.0037834318383989773,-0.02016461817160403,-0.04143676674841145,-0.002021214369820625,1.0,0.003783431838398978,-0.003208069253256671,0.013528134463384042,-0.04425342884762636,-0.12514633587334792,0.11861698593329086,,,-0.0023228745967291266,-0.011862787788247264,-0.016693063958250088,-0.05404492153861416,-0.12377629937909032,0.1954603008893423,-0.1326757392828535,,-0.07834232294326028,-0.1029998411007059,-0.2151138205763783,-0.01638256546625704,-0.1148129050371837,0.16862440617994187,-0.1326757392828535,,-0.08451601737612773,-0.022846130352654224,0.20957958286467449,-0.044370201537534786,-0.008847448659100128,-0.04693716258627533,,0.10478372877505966,-0.17163977404956038,0.0032505930739609116,-0.12288726276658159,-0.07427915434393333,-0.6363719006506169,,-0.8296335394845553,-0.22412325415429915,-0.048818026516757713,0.15027717437250354,-0.7076994035370893,-0.5727269864257811,-0.10241939530439716,-0.7038071329809445,-0.7492859968737952,-0.7469330906357947,-0.7353767398661271,0.028806067784413487,-0.05700139373446358,0.13679552401551112,-0.27235389756763273,-0.033362528796897,0.13050411479104995,0.7966313824811269,0.020695814559116607,-0.12610350123088934,-0.1248651775354617,-0.13306410572974992,-0.1283307658305593,-0.1696450280877513,-0.1737647968403031,0.17201382266650989,0.15006595341819684,0.03136102100891827,0.04789359819591618,-0.07038529652242588,-0.048710219055701116,-0.11383871080378404,-0.26199614789691605,0.026654263666440102,0.01362952467551538,0.0027023738733358183,0.022165650307470256,0.03127006581563487,0.038085044284138767,0.04571668229066918,-0.008343227721454698,-0.08133147864039686,-0.29000342602228346,-0.2904447796306885,0.24285215233302748,0.5200601960826198,-0.3083280462872145,-0.32994134468708225,-0.01461824907393077,0.001301480258758723,0.36510697666369385
No. of Firstorder Streams,0.10266588119903647,0.014284371312268871,0.43108552026857894,0.18538175728742637,0.059391847519629094,0.058567982573905865,0.055012005631826934,-0.295734636029019,-0.2951136035240681,-0.29443738134057734,-0.2928864231410621,-0.29075833264753076,-0.28979140010296023,-0.2869277364636206,-0.28425900466883747,-0.28134083330064635,-0.28034836830834875,0.7114210839448057,0.884239645038018,0.8532429819673651,0.9994607505980462,-0.014714666842341488,0.8773007040796346,0.921926690725171,0.14480450865571828,0.03452991566097977,-0.41363580990569615,-0.12158207412822575,-0.34559621957412956,-0.05525400032513365,0.8939856381095959,0.2528625549033933,0.36604212061305763,0.42532336432040924,0.04444789890403321,1.0,-0.13067547927933293,-0.16556061857061838,-0.011112628013498578,0.003783431838398978,1.0,0.9984952370509937,0.9898716413155286,0.9555461660180341,0.8514962188885407,0.8586272955653561,,,0.9993189937213343,0.9934594489463792,0.9870233576574243,0.927248260089308,0.9023867277737013,0.7740263482334184,0.9580241104768428,,0.13875935437424247,-0.08059719795489907,-0.11065297945058572,-0.05411110997541504,0.45015482004743784,0.4058296110753841,0.9580241104768428,,-0.16465274583835995,-0.24656769916618276,-0.2593561972859638,0.2138863891125087,0.22098352676006242,0.9298417178502134,,-0.06985055175974961,0.10365501256749972,0.46984806847251726,0.30997928099907524,0.35441778606628715,0.9434655041863065,,0.06839411818801983,0.369664489467182,-0.1989570371738259,0.2096680290859979,0.2759295205012815,-0.10381716213442739,0.2924112512465758,0.07483745836742142,0.007903531640413975,0.18739955423855273,-0.034149313974842416,-0.39706491441019814,-0.3300671877816021,-0.2278051867567946,-0.015249776430986423,-0.3412551307143138,-0.24295591991960155,-0.23006745535738385,-0.23645083455491328,-0.012992223123747764,-0.01528137868626171,-0.012284191730700483,-0.006481816818677372,0.02713453439491196,0.03677187212875117,-0.07943079486340343,-0.07680718186059257,-0.06148908035564225,-0.033682727990412886,0.06882495423649827,0.10088386670132078,0.03722090939723785,0.11257733047719418,-0.18112976046175805,-0.16767053434231866,-0.15229919875668183,-0.16894332808382098,-0.17025028859405678,-0.1711937085579741,-0.17221674303997955,0.9221336442460978,-0.07084597141955684,0.09821823365734435,0.10020029980190384,0.12350960901543943,0.06613576642204343,0.19404018178500923,0.18491978090242925,0.9736821885472422,0.9994607505980462,-0.06264532899909069
No. of Secondorder Streams,0.09676298609463618,0.031026209386374074,0.4225807372535218,0.1802822355929223,0.05857954890251646,0.05862203858089129,0.05398848494028031,-0.3048494034796193,-0.305727239861315,-0.3061044154745331,-0.304922994802259,-0.3029185104951551,-0.302014567671448,-0.29905853143616706,-0.29651265754483636,-0.2937042955935774,-0.2926555001650097,0.7264192690633379,0.8874367330676545,0.8579724144105937,0.9983531400842588,-0.023107213023180678,0.8823447515551699,0.925793051648415,0.14197504279686363,0.050190794841761324,-0.42306136935930155,-0.3097228367891096,-0.36208257175016684,-0.06012110442663371,0.9017611046981518,0.282833488733748,0.3663430332108157,0.4270690518720544,0.030552223614181008,0.9984952370509937,-0.12112369439526421,-0.1992600469308349,0.010345101374518767,-0.003208069253256671,0.9984952370509937,1.0,0.9915129817588653,0.954362164756765,0.8468042808210605,0.8482067367830098,,,0.9987799697152037,0.9949481258844408,0.9878816335109533,0.9195001651204336,0.9032913441081337,0.7714475895837543,0.9614816927687865,,0.14269686924825817,-0.08949434010769125,-0.10739823494640534,-0.06660383634561534,0.45242893119197564,0.40948310412872024,0.9614816927687865,,-0.16141944323862262,-0.2525512269773428,-0.2778801681445731,0.23362090044371972,0.22087123885625548,0.9345437531290571,,-0.09974032036755465,0.12194982319157915,0.4747769610688881,0.31768745724554415,0.3501982105053235,0.938551765731891,,0.07785465707978853,0.3826963991829881,-0.209742071526814,0.21924853820560194,0.2928376203874875,-0.10325741266768938,0.30511113235019366,0.08272284146132985,0.020864998360322837,0.2028082299099323,-0.030074489761465633,-0.4069497666622532,-0.33696231619884176,-0.23505138196835904,-0.004494478577968548,-0.34817616198541546,-0.2517749347104287,-0.24041746860481317,-0.24450142388668894,-0.02367462045051493,-0.026006059478318456,-0.02290043403003534,-0.017145312886283393,0.01773695590406314,0.027297908789178094,-0.08308946687536606,-0.07997783822917492,-0.06416918609340677,-0.03584353059271667,0.07192144487996034,0.10499241373409246,0.02045169430393781,0.11127546467842113,-0.20302655278183357,-0.17409889490113697,-0.15821496947758776,-0.1755480037539724,-0.17704290791350843,-0.17812717158808758,-0.1793114207055777,0.9201265802217776,-0.08310966774752308,0.09157435988904453,0.09317636561168816,0.13193205434308083,0.0578560384337859,0.19791646210808161,0.18958080429743557,0.9722989227060342,0.9983531400842589,-0.07099829093107209
No. of Thirdorder Streams,0.06928564384182682,0.023387931353056973,0.4207149490802292,0.17124902067343895,0.053562847266324265,0.056592947338585456,0.04920019654459296,-0.28301744311417654,-0.28508836983781166,-0.2883077741820836,-0.2883419823972587,-0.2872238247628501,-0.2869412828540512,-0.2836105861353565,-0.28071808864867215,-0.2767314312967474,-0.2751895139649437,0.7669381838272415,0.8757189090745972,0.8359703028732859,0.9897847619518594,-0.0061452067726089545,0.8674964015517761,0.9263947580298613,0.13495719357948033,0.11002586115449815,-0.3971362721937274,-0.4386981577430744,-0.32918276703334787,-0.11900256868466788,0.9020261708797026,0.28541517125173066,0.332073163615252,0.42297518651475874,-0.055861272346955475,0.9898716413155286,-0.1270545213422194,-0.22257870731185697,0.003326470976495211,0.013528134463384042,0.9898716413155286,0.9915129817588653,1.0,0.9527420429071017,0.8588055275788068,0.8509730785056692,,,0.9910835890618346,0.9869700170973776,0.9908247914162328,0.8984256515406377,0.8793460851485256,0.7938909660511376,0.9537969936995786,,0.18546014375806386,-0.07272156012540858,-0.15365722389806766,-0.11872906559782895,0.40610277385993054,0.43645645745380895,0.9537969936995786,,-0.19610269663083518,-0.23698537976172596,-0.29957815575719543,0.24264900381882276,0.27591424159609246,0.9239427751899718,,-0.08809481436952668,0.038766805909539966,0.5137347888387832,0.28887801565347665,0.337205627665015,0.9504023034889325,,0.07804870399033843,0.3350077042398056,-0.1802251961799006,0.1892349241562789,0.26182797426119175,-0.07737553405833426,0.26593415141484156,0.08134883896124198,0.01722692339597352,0.18478067962853423,-0.014467431304564293,-0.3898828925203406,-0.30820805579038346,-0.2430705072920923,0.013547408012760633,-0.32608063066189297,-0.2558011139825311,-0.21438504011718773,-0.19661217397718375,-0.02411925564810666,-0.026545389173656356,-0.02281845874388242,-0.015535717374889887,0.015266005723844539,0.02611440403776231,-0.08819997404761072,-0.08486362782318362,-0.06853222693052799,-0.04116449454846698,0.04544230260865659,0.07806179511059996,0.003938995269734153,0.08269821897288639,-0.21289453249428053,-0.16572764692633898,-0.14897553159039037,-0.16727207231040458,-0.16887059373874744,-0.1700339478104987,-0.17131113001732282,0.9027055128253942,-0.08621915598974259,0.05756795692044885,0.05838965255822929,0.10955873374050715,0.05153488605839034,0.1801619091763509,0.16805513089489582,0.9624540634063415,0.9897847619518594,-0.07399808840437064
No. of Fourthorder Streams,-0.05347976195169238,0.03025474755906773,0.49414353109382414,0.19087104420045178,0.06416240644553754,0.07451737951435838,0.057053970662145986,-0.20626482186603806,-0.20615338287843438,-0.19894535596749563,-0.19038712436286698,-0.18397541003288673,-0.1819454702691941,-0.17847531907274497,-0.17518739406518258,-0.1710152339545757,-0.16876059215929543,0.738694937773925,0.8359607147264063,0.7885974541501619,0.9561550416401153,-0.04954397928653437,0.8320359995138985,0.909597883386971,0.1339567157150541,0.08149277329109114,-0.27775103905247794,-0.5340940542565208,-0.27850609177927677,-0.0814784086691403,0.8107182574904672,0.12355585937356615,0.30121279320333316,0.30484287425323087,-0.08070217682029415,0.9555461660180341,0.17970435210327318,0.08654105565622838,0.18510479438683805,-0.04425342884762636,0.9555461660180341,0.954362164756765,0.9527420429071017,1.0,0.8967635691391527,0.8560884892805154,,,0.9539584347685056,0.9479568683606924,0.947361715794748,0.9159371015074007,0.804714602007179,0.8839180535742114,0.9097516310673102,,-0.09557185468982868,-0.1740041733923536,-0.0789212070205966,-0.15987185248021174,0.25741308761447107,0.5486532711159597,0.9097516310673102,,-0.13817267910420092,0.016979940539707056,-0.26813315751823896,0.09173407485975033,0.41892611884533715,0.8691934136841949,,-0.036552674236046426,-0.07360996989798597,0.28829565008941654,0.32299330464704423,0.5451274530217426,0.9811797082523003,,0.1333849567092459,0.25370743047174654,0.002298328093702558,0.047514367976488975,0.20699990364616697,0.061866510476958625,0.14996044359795085,0.11565763949942946,0.11352678354980157,0.1644596046298513,0.10568112790845606,-0.2435970731656866,-0.19404264647886846,-0.12776070965462727,0.032494697764139796,-0.21354377384420195,-0.14259190846984257,-0.19743662524168287,-0.16147112779521958,0.10116430581621777,0.10172639390271376,0.10805418999963438,0.11349663071446185,0.13878334052037875,0.14681187103547505,0.05245589515801174,0.05824329631211946,0.0864981954628049,0.11115298576023273,0.13070688341041303,0.14157270064707353,0.031727447538637855,0.12948973633486952,-0.11743217602603792,0.11577395325033138,0.12161680741708834,0.11277270330909234,0.10943996323976196,0.10685616052482567,0.10384572140334634,0.8763696049973787,0.025464132303183923,-0.07661824179946265,-0.0760012433732728,-0.04841074920710176,-0.11197841953242245,0.07928270237800085,0.07166535279669149,0.9311561299881346,0.9561550416401153,-0.08487823369968865
No. of Fifthorder Streams,-0.021354323821147683,0.004875561264128872,0.5770256021223339,0.13061598302690128,0.00089002947116261,0.018056049990755427,-0.00418526117623748,0.04489323817665429,0.05303451950858751,0.04887560394907493,0.06401255011179165,0.08764060358337933,0.10240526800560742,0.11315359960542137,0.12231091703645448,0.1310108962602902,0.13493972835694765,0.7861832981445968,0.7001810057726575,0.5823973367499571,0.8432026642775313,-0.1271022948014609,0.6682414391218516,0.7473756911075307,0.24250987433044435,-0.04891029327712196,-0.21661244275016941,-0.3704464918594626,-0.2476274458764736,0.12236877945931494,0.6391848141956603,0.058909778311637725,0.29975364708977775,0.2436433342266954,0.07048352777643851,0.8514962188885407,0.09500535533674233,0.0027276887916507274,0.08876262113771496,-0.12514633587334792,0.8514962188885407,0.8468042808210605,0.8588055275788068,0.8967635691391527,1.0,0.9144476568553898,,,0.8489182376305207,0.8370320953213786,0.8206849205002573,0.7652219241593327,0.7958869889294999,0.8103451106090575,0.9413794386316281,,-0.046237340250551484,0.07993646481422045,-0.10436755303031316,-0.04231872907415005,0.1269376157419183,0.41457803668698984,0.9413794386316281,,-0.027557878101236062,-0.21244484850239667,-0.12144130541584784,0.20580778887078793,0.31921608222835407,0.9096826290684861,,0.13456219674276199,0.09034757003424677,0.18485485846789823,-0.10223053240423823,0.5003476907325041,0.9518172686249524,,0.1795051342569818,0.322068589652701,-0.25751059440259866,0.26340641568574996,0.3152997948345637,-0.03710534230235641,0.3446572707699726,0.2339370312525266,0.0912954968086214,0.2865650522946018,0.051367016488997115,-0.1062299608081062,0.005942431599254408,0.07095459652159787,0.3877228510855251,0.08807143907138376,0.03762978719116316,-0.1640130340973883,-0.19369375293625157,-0.2826623963692887,-0.2818533332330132,-0.27696992982306445,-0.2814018379639524,-0.2167617963694884,-0.2141564381247738,-0.1627099973147483,-0.1627634987861575,-0.13761787477077997,-0.11187932205115887,0.0017670334073415267,0.01863559788040223,-0.324940795804511,-0.20543442219146854,-0.3241110909887533,-0.22139524304983876,-0.21891313072191337,-0.22145803551197957,-0.22150237803062053,-0.2215172235461536,-0.22147647138765544,0.5607771144088775,-0.3834232135046956,-0.051790047573996204,-0.05187131654391496,0.18142185864176213,-0.06814050062168094,0.022254889636085858,0.024642208383115732,0.8143052890407395,0.8432026642775313,-0.1262151070313106
No. of Sixthorder Streams,-0.3475809405793569,-0.0006808509562230939,0.22366418798215118,0.3302112501269112,-0.012029934080710507,-0.006977373474884606,-0.0162492176928556,0.05974131209066679,0.04650769880083014,0.06337781214216327,0.10034432499119368,0.1469755994515593,0.17418594993913633,0.19041507108738567,0.1996486558183728,0.21712735794122076,0.2250853309054545,0.9811738140097214,0.4929531530630196,0.392524845070425,0.8436683960695801,0.1260656715015316,0.4470547088166388,0.7243134174602444,-0.1074585200078013,-0.05606671800223014,-0.25069079379328424,-0.23196525728071013,-0.21260563446730202,0.0007449241299489594,0.5100787366793613,-0.16873742078779932,0.18682530451903814,-0.11862678152212469,-0.22317376101159944,0.8586272955653561,-0.03235253514884762,0.061618400394529274,-0.09975012250710984,0.11861698593329086,0.8586272955653561,0.8482067367830098,0.8509730785056692,0.8560884892805154,0.9144476568553898,1.0,,,0.8502300484258295,0.7788596231866208,0.8685423302249016,0.9076868058736272,0.6951547672624777,0.6309741913835463,0.8284486141357593,,-0.01249257187484729,-0.05369602119831453,0.04688335239828014,-0.03491852781876268,0.004291219310474047,0.12867509838009866,0.8284486141357593,,-0.09009173051336442,-0.017647633579030292,0.005272219607573969,-0.05523242116516178,0.09356263296776725,0.7742798330989379,,0.141230701929882,0.10181019393336989,-0.07916049827489266,0.18050029283288802,0.1095926117864105,1.0,,0.2128536744839464,0.02922642956558625,-0.04216062613242964,0.023483969468531953,0.06518990466173824,0.005482280232993689,0.03013322916942019,0.12052740760418874,-0.04558072944723997,0.08688175366909362,0.03347185516188437,0.020587842018318703,-0.014614491297986431,0.006099226584081045,0.017358990777376994,0.009599083693197447,-0.03166585141238534,0.17089355558465374,-0.10403175361630232,0.017550458547773727,0.01896495990557015,0.011282838004416073,0.010416934787622366,0.006743905843712646,-0.00818117664653472,0.09394209346628798,0.09394208713116318,0.08019486019766604,0.08546598500516395,0.08942110285475516,0.0869906979948864,0.16569249236205008,-0.02047783835651228,-0.07077877965958496,0.07837838610852466,0.0783783882753411,0.07837839480313659,0.07837840632671192,0.07837840005854974,0.0783783806427847,0.759517962682047,-0.06040177026372284,-0.4074340042354984,-0.4052369024954475,-0.09011100244018674,0.2455707032908027,-0.5612825151231199,-0.5898881769461531,0.8470086029359843,0.8436683960695801,-0.007652915254638002
No. of Seventhorder Streams,,,,,,,,,,,,,,,,,,,,,,,,,,,,,,,,,,,,,,,,,,,,,,,,,,,,,,,,,,,,,,,,,,,,,,,,,,,,,,,,,,,,,,,,,,,,,,,,,,,,,,,,,,,,,,,,,,,,,,,,,,,,,,,,,
No. of Eigthorder Streams,,,,,,,,,,,,,,,,,,,,,,,,,,,,,,,,,,,,,,,,,,,,,,,,,,,,,,,,,,,,,,,,,,,,,,,,,,,,,,,,,,,,,,,,,,,,,,,,,,,,,,,,,,,,,,,,,,,,,,,,,,,,,,,,,
Firstorder Streams Length,0.11028518428609083,0.013826788140848891,0.4269640192841023,0.1839721532631253,0.059592681383177526,0.059050314510846906,0.055107822714317446,-0.29569573813214245,-0.29507238462401375,-0.2946440813069907,-0.2932621020682325,-0.2912952858721767,-0.290369703729138,-0.287495089729812,-0.28484671232535597,-0.2819007755891483,-0.28093222096078363,0.7126100068116855,0.8823873877164747,0.8535459478566253,0.9993578512291187,-0.021798790279400956,0.8766768750684689,0.9201296851700581,0.14027158140077645,0.03939015275620691,-0.41828982762003697,-0.12179197080343886,-0.3396616398589393,-0.061258068697099835,0.8960085976497124,0.26638973168060237,0.3586432723416055,0.4227870641701947,0.04124662489759062,0.9993189937213343,-0.13802094034524284,-0.17273263167930092,-0.013137430529185446,-0.0023228745967291266,0.9993189937213343,0.9987799697152037,0.9910835890618346,0.9539584347685056,0.8489182376305207,0.8502300484258295,,,1.0,0.9950368490459472,0.9871006881524026,0.9205963797057799,0.9031944010024336,0.7723065727101343,0.9601594579449224,,0.15651022230865771,-0.07553794480343658,-0.11346783797731454,-0.06330166676547071,0.44951549336141283,0.40930494830041125,0.9601594579449224,,-0.16757499567910328,-0.25068513735893894,-0.26587696466646465,0.22843762942414722,0.22285174051027393,0.9328148045744982,,-0.07545483179261371,0.1011167774286727,0.4751728017205891,0.3095499594759079,0.34666791074462244,0.9400033255643243,,0.07688462936716949,0.3753935932122632,-0.19676166423919803,0.2064309284177761,0.28350244629824645,-0.09743426612090553,0.29331096089261705,0.07962445729333387,0.019105195235617763,0.19481180792162803,-0.02552767995274983,-0.3994837368188085,-0.3306848851854005,-0.23305057698934423,-0.012866014588304737,-0.3424712674611153,-0.24976035149869624,-0.2374977203387881,-0.23407760160665098,-0.009583195501526363,-0.01186459380777861,-0.008814139452379391,-0.0033282353577907832,0.031566257778987285,0.04064216438888714,-0.07141516295564558,-0.06858792758115348,-0.05260351861623238,-0.025214975843804742,0.07916735494081095,0.11048925244036731,0.03480809058628389,0.11447773853950292,-0.18582413911342457,-0.1662387830799771,-0.14997041748988876,-0.1675759022380511,-0.16895177195428016,-0.16994696292674438,-0.17102785243100987,0.9203056669562221,-0.0730578936455275,0.10623844003622845,0.10804421728963952,0.12191917238037303,0.05561800997994758,0.20508147641420096,0.19722550353699111,0.9738279641307601,0.9993578512291187,-0.06513409993703317
Secondorder Streams Length,0.11171674950197091,0.031428023771751294,0.44804884082616897,0.1806924508362175,0.05918652575585612,0.05904430332947711,0.05460663990729245,-0.2993567562547458,-0.2993135038382031,-0.29985850333886616,-0.299055224951085,-0.2976424798967267,-0.29704541488933345,-0.29459214833866093,-0.29225434500373176,-0.2896573357387673,-0.28889955192168,0.7201282775153088,0.8952185198636912,0.8750726194246067,0.9954133804366561,-0.03163719734272268,0.8945551357087854,0.9233059231143358,0.11973064679642136,0.027848727284363453,-0.4293122262292954,-0.31198814264780195,-0.35164636853216713,-0.04051185233172451,0.8984366132139985,0.2827344133484775,0.3616896481272743,0.414300231610578,0.052364167544394956,0.9934594489463792,-0.14152112016662674,-0.21384305948671017,-0.011661501457303675,-0.011862787788247264,0.9934594489463792,0.9949481258844408,0.9869700170973776,0.9479568683606924,0.8370320953213786,0.7788596231866208,,,0.9950368490459472,1.0,0.9787370400889256,0.889422363056821,0.918967084610697,0.8028080942578681,0.9819188183304628,,0.1519131781402494,-0.05560367344447279,-0.10982796539710504,-0.08129797224093105,0.48013050621272446,0.4963137618055142,0.9819188183304628,,-0.14150431210797929,-0.2693544157691177,-0.2790147935945862,0.290113318869419,0.2865797660762286,0.9706540530523657,,-0.08714017050658997,0.11748559189556669,0.4775888495743023,0.3101671585004773,0.42066691831194736,0.8581089861324708,,0.08394454358965421,0.3876931458473661,-0.20307943817047497,0.21161395262604218,0.2933288885591885,-0.09825855871958586,0.30163817770739504,0.08838036816324342,0.03283947838387874,0.20369233598284803,-0.022297039182307975,-0.41186963492165185,-0.34082403837163777,-0.24128843202134426,-0.010408335272231896,-0.35307233802855137,-0.2560228267061641,-0.25000273884193247,-0.2468182324695564,-0.019326385080614742,-0.021632924477976934,-0.018611677022037136,-0.01293332559079102,0.02369864128758426,0.03283171702479091,-0.08098090882432545,-0.07814775677140907,-0.06130287216818991,-0.03387399405933619,0.07540447862062863,0.10733711370546299,0.02448838794538632,0.10605619131266437,-0.20225792007462648,-0.17524329655850393,-0.15932138978966956,-0.17661969301834768,-0.17803311337199712,-0.17905322062440768,-0.1801563367670957,0.9120168074718207,-0.08436217011158045,0.10684828633360388,0.10848267657992132,0.1350817620331234,0.04722146767202629,0.198169783363378,0.1927325476108846,0.9692828702834928,0.995413380436656,-0.06466645443918766
Thirdorder Streams Length,0.08358337731978535,0.011392124922002885,0.4085142152968655,0.1760633707822099,0.05548647442958138,0.052448038743792204,0.0527950859626501,-0.28909744584646735,-0.29067300713309124,-0.29402833903672315,-0.29492550174595583,-0.2943365982724594,-0.29444892865222894,-0.2914070448762013,-0.2885644000767086,-0.2845027267748584,-0.2832016930254353,0.7529659554014894,0.8680242128850986,0.8331181549827444,0.9876462739949236,-0.03486369510141863,0.8623076129695579,0.9340020573169507,0.11925230213747444,0.11326868264027351,-0.424793394418876,-0.44978610028524124,-0.35606261855271976,-0.11957470754512471,0.8985492700806048,0.2643936335202717,0.3556567318378824,0.4100701032114193,-0.0883919656948744,0.9870233576574243,-0.14405134946274997,-0.23018445091492004,-0.02279716524115815,-0.016693063958250088,0.9870233576574243,0.9878816335109533,0.9908247914162328,0.947361715794748,0.8206849205002573,0.8685423302249016,,,0.9871006881524026,0.9787370400889256,1.0,0.9183090594569934,0.8256030826124189,0.7796888734230184,0.9482414337901041,,0.18142516511643272,-0.07385858342585068,-0.07946390219372716,-0.09138501616200279,0.37172824951593714,0.40667627352852,0.9482414337901041,,-0.19556770779161547,-0.21586917396757582,-0.3238977405638718,0.14066115596807632,0.2575097344217448,0.9169951686503716,,-0.08874673288877306,0.08336145610872006,0.4831840363476109,0.36769628757700656,0.3347214320340307,0.9545434017013134,,0.09100839378585933,0.3332355430521652,-0.16876975295417607,0.17130396537977316,0.2700597116308971,-0.05849643752353132,0.2577904503698775,0.08113742636681699,0.043437128015109364,0.19122545106973124,0.005512527000188842,-0.4029677846282161,-0.316701761747949,-0.2447218463176688,0.011828693797800298,-0.3383176863676592,-0.2610523965246634,-0.2418530760077295,-0.21212553632703052,-0.007963464319868468,-0.010757256788088155,-0.006103130080761344,0.001091362894970503,0.03174664029864364,0.04311657924387205,-0.09207937695689614,-0.08877504356842905,-0.0642259980824362,-0.03600478545419314,0.051225801637776236,0.08249846717591011,0.03145515478464695,0.11807722163282391,-0.2098457083338625,-0.16221952086404057,-0.14475988764156647,-0.16379012164182183,-0.1654130465535871,-0.16659165508689475,-0.16787481956453998,0.9231674013641749,-0.07022951252391778,0.07543725587128249,0.07685089427543251,0.08415824782995424,0.02882308537690733,0.21699632217724465,0.20030284354251082,0.960327891476036,0.9876462739949234,-0.07220209472273192
Fourthorder Streams Length,-0.047391318611883386,0.03173883317956064,0.28568940160560274,0.17221296914032463,0.06648159175272979,0.07611791123319311,0.05943598696940005,-0.27782078929522463,-0.28890676849159774,-0.2855837813233868,-0.2780673408782499,-0.2718434044751215,-0.2691847979965231,-0.2642392206184578,-0.2600569471088811,-0.2550492746068359,-0.25236404039932475,0.689818350508263,0.7866014376284309,0.691336653049764,0.9244534664617094,-0.05233951697699757,0.7559194121607646,0.8793271468869669,0.27652270322788725,0.16634050773297662,-0.29840661741650243,-0.6118859092499033,-0.29657955910543093,-0.1546014315506392,0.8333793725496474,-0.021174095291933228,0.2619039199827469,0.4113332373099393,-0.08752726583894437,0.927248260089308,0.17323453165927621,0.17721421579365015,0.1017004755429862,-0.05404492153861416,0.927248260089308,0.9195001651204336,0.8984256515406377,0.9159371015074007,0.7652219241593327,0.9076868058736272,,,0.9205963797057799,0.889422363056821,0.9183090594569934,1.0,0.7090304948861692,0.6256221211584714,0.9573216776171131,,-0.1910607287060574,-0.23243644836065436,-0.005699818904438348,0.12686625673641003,0.2824071431676376,0.18326278385582362,0.9573216776171131,,-0.21887719005897777,-0.006633653181420042,-0.11425274489568112,-0.13650460419714422,0.07951576320642964,0.9309082621664154,,0.0440018809589399,0.02218525637314225,0.3668338833766797,0.4120172214531451,0.26424203804053004,0.9319698406039032,,0.09663383381644661,0.2223705226139094,0.017187172799521606,0.027694161637514134,0.16896454520339468,0.04776099370906172,0.12483232995793359,0.07309551248903985,0.05193814218329799,0.12073280217653662,0.08164863476602872,-0.2815872914735646,-0.2381180035921043,-0.11816826979276454,-0.03212381509753374,-0.25998465558489214,-0.12657204577610068,-0.19026697805845985,-0.19880462466264714,0.11004248359386319,0.11036646409854353,0.1187564851251829,0.12614370121976004,0.14256571511133925,0.15362982976532502,0.030877124830880755,0.034994718866581266,0.07073277013934878,0.09569898778926114,0.10101116809035683,0.11149495427321088,0.06946823173347655,0.13973513842074559,-0.06499088198758077,0.11168705304441388,0.11752882154253831,0.10947433092070988,0.10699681319824444,0.10506318167459532,0.10280771090893136,0.91156701647976,0.03874152844584175,-0.06550702510908342,-0.06587940987132208,-0.09903472496134093,-0.04512247669625202,0.09163652309832851,0.07350817317483371,0.8978150601109127,0.9244534664617097,-0.0634629620185295
Fifthorder Streams Length,0.06618847685080936,0.05382718343794074,0.3438681786066821,0.12840399281759432,0.048657717593440265,0.06622967335163425,0.040427642232006275,-0.15558003358458586,-0.15857613421340988,-0.14435089661660438,-0.11768764527445971,-0.09597741819622793,-0.08316090904489132,-0.07723407876356345,-0.07080313992387183,-0.06441563021780124,-0.06091927506961541,0.6641118176027675,0.8525874473999423,0.8107573236770211,0.9003070223254019,-0.12273310865537586,0.8358268449156525,0.791919778607224,-0.025027943628047868,-0.3111783502335431,-0.28593147072097613,-0.5797599519782327,-0.18472894798569706,0.24648331596917544,0.8324929544161028,-0.07843793348685273,0.2040181494156288,0.14368747032340998,0.31136005133726835,0.9023867277737013,0.025706412643514257,0.06946053131529523,-0.04811942844797963,-0.12377629937909032,0.9023867277737013,0.9032913441081337,0.8793460851485256,0.804714602007179,0.7958869889294999,0.6951547672624777,,,0.9031944010024336,0.918967084610697,0.8256030826124189,0.7090304948861692,1.0,0.6197628828001349,0.9209393264902146,,-0.08781767019710264,0.18416730385603777,-0.18484458377444607,0.007508627958886237,0.6567092752571203,0.31857799485556676,0.9209393264902146,,0.0773604929119114,-0.5350124437185133,-0.1574416708516363,0.5449844107938453,0.045685746074845025,0.8831359034904764,,0.17716618450348498,0.3485474768277694,0.47362729939704573,0.10387173479064887,0.34674494541254597,0.9731400189643524,,0.2059093989606635,0.20337420739780518,0.04120054237483886,-0.03422736609524982,0.19913940330747276,0.15158222868122867,0.07237897575128348,0.18600654108671896,0.19066601856722212,0.18600331572492765,0.19567122901569037,-0.34607971372803736,-0.32020847713363454,-0.28074497160921186,0.028322839030936513,-0.27748582374078623,-0.29748467584658556,-0.23298158469101607,-0.16102847731069692,-0.23400341125279298,-0.23170096934911608,-0.22094198426025544,-0.22594498520001122,-0.20866457060469606,-0.21892819128180843,-0.04130203887098436,-0.04139643015793617,-0.002052304869676253,0.002145582940013261,0.006342742177747871,0.0014565591179816824,-0.19233884985663213,-0.07464789807496065,-0.29187251857851426,-0.02596510057737866,-0.016126394791326135,-0.02603728935965046,-0.026088250808948003,-0.02610529395056426,-0.026058419007350273,0.7133404383232466,-0.2993744520951274,0.022940478002532322,0.024984915407435863,-0.035502676005722836,-0.10446604982595796,-0.009402783366260438,0.010423510839958051,0.8576665719551737,0.9003070223254019,-0.09670437299265715
Sixthorder Streams Length,-0.3993812379181156,-0.010014901337725705,0.7142101603905922,0.28016681847029296,-0.026457063061483346,-0.018883626876593118,-0.03163537805246924,0.13570054602177736,0.16747153785255417,0.19762861325001385,0.23639412094759726,0.27813186626771863,0.30659939834830824,0.3179221341815909,0.3276759416074434,0.3438989816943907,0.3477480056043506,0.630144236386249,0.8868677150567404,0.7694023838822026,0.7824514734640218,0.1953118540549983,0.8545656417997471,0.9657702359779939,-0.36388432126146997,-0.43709397234804825,-0.6084963914776567,-0.5467384350543597,-0.570350828496923,0.6294440977577676,0.34464269661275815,-0.06161876755397699,0.6571547639569708,-0.3950228695463374,0.006901709785304608,0.7740263482334184,-0.4807405530629618,-0.452798920527544,-0.3716614303473235,0.1954603008893423,0.7740263482334184,0.7714475895837543,0.7938909660511376,0.8839180535742114,0.8103451106090575,0.6309741913835463,,,0.7723065727101343,0.8028080942578681,0.7796888734230184,0.6256221211584714,0.6197628828001349,1.0,0.8284486141357592,,0.11226969924549282,0.43523703960007154,-0.11565117158058756,-0.49796338324263606,0.03404937080352258,0.8503174830837281,0.8284486141357592,,0.3746994314654831,-0.3175421287060036,-0.28064776801143465,0.10258007911876088,0.7751026496289878,0.7742798330989379,,0.06175282163590171,0.07505049197506365,-0.23410875210999485,0.6207135708509824,0.6463700744882874,1.0,,0.06830028255809223,0.1501800782098679,0.00963263272737432,0.027740640504446735,0.03766797324182143,-0.04942339313268265,0.044662974480925724,0.05357371596553871,0.33389567295935124,0.03600598327138719,-0.01387035981121425,-0.03630877465141708,-0.02576426235416424,-0.1875995808699082,0.07361106927818958,0.003319025361781755,-0.159796732899203,-0.19273982851237675,-0.13890700669886963,-0.24516441621528354,-0.24212521452122843,-0.2437463537752416,-0.24129543401404022,-0.22443360910720941,-0.22452883587241418,-0.12597372721530228,-0.125973729729213,-0.13432477903624016,-0.13368214398848613,-0.11975471191748745,-0.11622124481265439,0.06925982844359566,-0.3206148088347392,-0.1993592047247204,-0.1288299943921106,-0.12882999856045832,-0.12883000701236716,-0.12882999526252237,-0.1288299930690547,-0.12882999570168766,0.6906692676744395,-0.21671558940054336,-0.4867804915018397,-0.4870367383106442,0.009836086449240835,-0.3575037195377079,-0.4158734156273044,-0.39896657855305223,0.7930730581361408,0.7824514734640218,-0.010465986940587282
Seventhorder Streams Length,-0.8944494497753529,-0.38024796675112593,,,-0.7897738682543028,-0.5690412960544761,-0.821875663502424,0.48452962416886897,0.49570898965389937,0.5032968473170253,0.6660693213149805,0.7424583981514922,0.758282346801097,0.7513535289012921,0.7759717883188173,0.800783707388496,0.7789360917238366,,0.991337004769613,0.9976445555575925,0.9670796339537308,-0.18468653534537882,0.998246511192428,0.8754802613298338,-0.8479043288363616,-0.9722100456102502,-0.848590027753888,-0.9721574771266046,-0.7331195571985245,0.9475711732372324,0.7704161026203468,0.8062798233137257,0.7113050736415587,-0.8464786013916202,-0.24618989302081903,0.9580241104768428,0.7340981442963945,0.7333823766156847,0.7704320153669821,-0.1326757392828535,0.9580241104768428,0.9614816927687865,0.9537969936995786,0.9097516310673102,0.9413794386316281,0.8284486141357593,,,0.9601594579449224,0.9819188183304628,0.9482414337901041,0.9573216776171131,0.9209393264902146,0.8284486141357592,1.0,,-0.7106805467165166,-0.7984816035875221,0.8905300864425791,0.8843722624117729,-0.9189528580272324,-0.8284486141357593,1.0,,-0.8178505135210954,0.8204761178037483,0.9354627609030062,-0.9241766467403394,0.7861074265806752,0.9958845313029546,,0.8770092876793435,-0.5623757903846108,-0.6666692067409541,0.3981343370340367,-0.6797627404163078,0.8284486141357594,,0.7782859479871995,0.5971321032881666,-0.8251446230910928,0.8022418278668056,0.7691040272200972,-0.7936413547767005,0.779183804138621,0.8167799592443664,-0.8439581216683194,0.7906999196352371,-0.8255094438066276,0.8816009950197397,0.8587737699185474,0.8267190348815603,0.7969237600932989,0.8471292429544843,0.8208152254791259,0.8750943136822951,-0.8029353471087549,-0.925617920867217,-0.9265162218946021,-0.9240823706178396,-0.9277234558080467,-0.9648203914307466,-0.9653670779981623,-0.7919523314363155,-0.7919527808019802,-0.9604589150283912,-0.7989916646036492,0.4963535398931199,0.5283418370039294,-0.8794183616265706,-0.8748742173539752,-0.8849376718347596,-0.971071959924404,-0.9710719631351313,-0.9710720063016193,-0.9710720018886927,-0.9710719770798308,-0.9710719479588619,0.9678663895422152,-0.8953908341818739,-0.9035365888763062,-0.9064447853533659,0.4843230980932715,0.981176826769876,0.12860000933651813,0.016227221980636544,0.9676098555513377,0.9670796339537304,0.2777390035380281
Eighthorder Streams Length,,,,,,,,,,,,,,,,,,,,,,,,,,,,,,,,,,,,,,,,,,,,,,,,,,,,,,,,,,,,,,,,,,,,,,,,,,,,,,,,,,,,,,,,,,,,,,,,,,,,,,,,,,,,,,,,,,,,,,,,,,,,,,,,,
Firstorder Streams  Mean  Length,0.286774711593998,-0.06710624218901454,0.09379297740862941,0.029117202500757788,0.007986050089825667,0.013629751715445466,0.005571162114134455,0.03834042870497061,0.0608614406109828,0.059074098159141025,0.04913419751459902,0.04228841210271748,0.04135899174599494,0.045294753023611405,0.04823295225574997,0.05099670149391538,0.050904707095257434,0.29208940470794326,0.2024504911518364,0.20924880192909695,0.1488409613597852,-0.12001799633443264,0.20746970487804972,0.2205246346782375,-0.10397388643629506,0.058534804818333334,-0.30155472571105507,-0.2681833445929789,-0.13471640713403665,-0.13896884984222868,0.20485234564932595,0.5743633537951712,0.0974746496946524,0.15272747553164948,-0.05822990095508935,0.13875935437424247,-0.6753639543631565,-0.6354021733955351,-0.42911233192452336,-0.07834232294326028,0.13875935437424247,0.14269686924825817,0.18546014375806386,-0.09557185468982868,-0.046237340250551484,-0.01249257187484729,,,0.15651022230865771,0.1519131781402494,0.18142516511643272,-0.1910607287060574,-0.08781767019710264,0.11226969924549282,-0.7106805467165166,,1.0,0.2543954560788368,-0.047709369150128925,-0.2852904925071,-0.15261301895508117,0.1519515193226317,-0.710680546716505,,-0.3809732651806167,-0.500600536001312,-0.17996216591916392,0.24616476104717214,0.0647822035233643,-0.6553266814780035,,-0.1483679458839039,0.11896572376192537,-0.0676214160895001,0.0023610017436840685,-0.08103490254494394,-0.9127535049148815,,0.07398060901177218,0.41901732812331643,-0.3181651175617607,0.25961409899187493,0.3036274108815764,-0.15323293417476247,0.35186027943304404,0.05990230237386519,0.06525449347663803,0.2155542961813576,-0.0502327632651027,-0.11704729899590603,0.005017531594863071,-0.5363981572255198,0.34547578914082316,-0.0006424214283752518,-0.5687078762678616,-0.19474794615607496,0.18671382316156065,0.0013656855646273175,-0.0037339099332678984,-0.007354253764584792,-0.0022254563702427178,0.08005602460070377,0.08099548560617546,-0.08878067310196627,-0.08624136886835988,-0.08357231728003454,-0.05254499447623575,0.18570285602724818,0.23557521088404437,0.01729507770979742,-0.09308056653172506,-0.16412774900476398,-0.4100336180891816,-0.3769847057841573,-0.4115439981055607,-0.4130137409314166,-0.4140143005182154,-0.4150097021501069,0.14802989030911903,-0.11389142809843296,0.31480064388614937,0.31589351017173534,0.2880240077750631,-0.011740893653604707,0.18751823420081049,0.19668145463196826,0.14248914857506567,0.14884096135978517,-0.05808061292892578
Secondorder Streams  Mean Length,0.14692206383284345,0.008521200432481403,0.017030830126102618,0.00491219015640167,-0.001833150952118426,1.886993004700648e-06,-0.002272172085415451,0.07163173309010726,0.10083779125932675,0.10181046301529174,0.08937614848547439,0.07910008056962024,0.07402291327376621,0.06471735239216922,0.060191350014554265,0.05504370342588004,0.04938840397615703,-0.13440892499783638,-0.05630931366581295,-0.035072835044630074,-0.07251846227055174,-0.0987469377481703,-0.05071263871644723,-0.07931563267117249,-0.12371621139069931,-0.18377504447004625,-0.13604212670096566,-0.10065246880743826,-0.05696566392306369,0.14471394085765785,-0.1368029373806982,-0.07272557452292285,0.04234775507997084,-0.003127697800953554,0.1842849104076233,-0.08059719795489907,-0.6231044649110269,-0.46931309514792063,-0.6634398358011026,-0.1029998411007059,-0.08059719795489907,-0.08949434010769125,-0.07272156012540858,-0.1740041733923536,0.07993646481422045,-0.05369602119831453,,,-0.07553794480343658,-0.05560367344447279,-0.07385858342585068,-0.23243644836065436,0.18416730385603777,0.43523703960007154,-0.7984816035875221,,0.2543954560788368,1.0,0.18484906293741898,-0.00031991754703192314,0.15931275660271643,0.5927947393935138,-0.7984816035875214,,0.5433323413162554,-0.33527546960442633,0.10022080486474833,0.2600966161938769,0.41523338844716384,-0.7409206985125587,,0.45118450073487737,-0.12128894620902637,-0.1397250010331228,0.008109210030319829,0.493452288280121,-0.9968980168563848,,0.005681652247040318,0.035214133859362125,0.01488990785734593,-0.04462334506574232,-0.007234614061331043,0.0034827924625019328,-0.008257651626673709,-0.0013729390376604376,0.0010850407155492253,-0.02026728943983893,0.025523728168993256,-0.06360341347156163,-0.04363305730423047,-0.03190698076709489,-0.005629128892138141,-0.06601210039844131,-0.0077463742970118685,-0.034272754573840984,-0.0639607397529082,0.25248673169209473,0.25118883258670993,0.24592292581406938,0.2403135337292899,0.29170389841430666,0.27981590042099647,0.1924218781506088,0.1872971111219052,0.1855084839905733,0.18222655705244137,0.2503171057032804,0.2354178917630646,0.2292720557367177,0.032912452429863175,0.14319705303750696,0.055451283263845456,0.06283061302623075,0.05706782063126731,0.05883461970699731,0.060193998574745805,0.0618556120634237,-0.07480634805195312,0.11464496765603027,0.1684642130696,0.16904163676571274,0.028142804524625746,-0.032130968663818225,0.009380240625856014,0.022525528196594126,-0.07342444148551933,-0.07251846227055168,0.11915145275192897
Thirdorder Streams Mean Length,0.18392646793446152,-0.021490900299775264,0.013107508466069394,0.0031766766270192575,-0.009788298446374265,-0.018947294225834,-0.006444668411805583,-0.010674559562044392,-0.006935200941664858,-0.008698808399482488,-0.018907615516508696,-0.02279852133710154,-0.023684890695673068,-0.02573111636633966,-0.025483195120995325,-0.02697959477394096,-0.030345678491744906,-0.24336266291051228,-0.07992567548972139,-0.025620576684837474,-0.10754670061815505,-0.20309771759793938,-0.04997644640594047,-0.08746708599289743,-0.13547919579007728,-0.3130070100832673,-0.20999580596059292,-0.10523634575655223,-0.26801278413538926,0.3794882300396689,-0.16956631714560352,-0.13356117986184415,0.2443876749853452,-0.12395532610562453,0.17209557179519744,-0.11065297945058572,-0.23450924116891078,-0.15494461813286028,-0.28441018893190284,-0.2151138205763783,-0.11065297945058572,-0.10739823494640534,-0.15365722389806766,-0.0789212070205966,-0.10436755303031316,0.04688335239828014,,,-0.11346783797731454,-0.10982796539710504,-0.07946390219372716,-0.005699818904438348,-0.18484458377444607,-0.11565117158058756,0.8905300864425791,,-0.047709369150128925,0.18484906293741898,1.0,0.2019414817256511,-0.1750788286428672,-0.17934570033824995,0.8905300864425799,,0.16565180947932617,0.3194384458152479,-0.2487259061296424,-0.4566197231197915,-0.0993990192415001,0.8466665192961735,,0.05394186493036746,0.48629780994629684,-0.293257951243903,0.2650190651512142,-0.029308872288645038,0.9861702415652559,,0.07399691409652444,0.13927849695972186,-0.07131419197311754,0.04490587415006237,0.14351885676485202,-0.005144208165014554,0.11690758903860396,0.04193201329755315,0.18451538667094133,0.10977190614232611,0.04952262667630232,-0.11321663737105445,-0.07028846471566931,0.04475607478865085,0.1319560502044276,-0.09090232999135889,0.01988511555957008,-0.19465876677487137,-0.25438858580322593,0.10046471468240725,0.09765116405536484,0.09699451329973784,0.09471811362749633,0.14179058001827263,0.14249670975261353,0.02054577298433377,0.019584279345697456,0.04977597729585385,0.0631840725921443,0.16330076871952612,0.1666748797040901,0.10034478970766904,0.15937386264818446,-0.0815592951820259,0.023035703740687457,0.01905298698720121,0.023027830892816396,0.023056559943411558,0.023109343763455244,0.023277068276173214,-0.08973512105986962,-0.02491137503266377,0.1904873551984735,0.19402686069489528,0.06526549827489218,-0.194713614853144,0.15263875791506817,0.13338200020857002,-0.1055944271051973,-0.10754670061815508,0.05286615872907288
Fourthorder Streams Mean Length,0.030180310158318742,-0.0032156564523843465,-0.11641302149733357,-0.015312027801619834,-0.0067036720710135864,-0.008589276040551912,-0.005725834602531918,-0.16788895316447405,-0.21004417077317636,-0.24097737199919084,-0.2552080656496879,-0.25948791102277563,-0.2596174164744826,-0.2580592575398032,-0.25664256345104125,-0.25769821797940917,-0.25915310406760056,-0.23654417265209274,0.03679207295294465,-0.02855257614665324,-0.057649103960128116,0.0044260006456220986,0.008779723895615103,-0.00013161528095563817,0.3051732061421926,-0.1202758235129586,-0.0854163008219987,-0.3130647534103291,-0.2713302615265195,0.23207327931960592,-0.034494904441247067,-0.3016524643609515,0.2058892008756034,0.26239095709690474,0.24339937457493288,-0.05411110997541504,-0.04415557679422519,0.16639554115596414,-0.19826232787079717,-0.01638256546625704,-0.05411110997541504,-0.06660383634561534,-0.11872906559782895,-0.15987185248021174,-0.04231872907415005,-0.03491852781876268,,,-0.06330166676547071,-0.08129797224093105,-0.09138501616200279,0.12686625673641003,0.007508627958886237,-0.49796338324263606,0.8843722624117729,,-0.2852904925071,-0.00031991754703192314,0.2019414817256511,1.0,0.1940822022118751,-0.6133857612722236,0.8843722624117727,,-0.0020951735274849616,-0.4376230500416892,0.6573933919517796,-0.4223289796040346,-0.48278082994091415,0.8950369072156293,,0.18561101344756606,0.48690381538191646,0.22056536929782206,0.26101184674650646,-0.5151032495637008,0.6442621715693353,,-0.12308419401582224,0.1377406760629252,-0.17795018312136177,0.20297419414155576,0.0012938687310515998,-0.2075602974561598,0.18523804479385855,-0.07609659497634896,-0.13823731773935835,-0.039516793977746455,-0.18884579693993164,-0.2629334851310743,-0.2890919322751158,0.06576899342630928,-0.08183889654326869,-0.25776809147021634,0.07103270562693288,-0.001943300833792365,-0.2445903784586022,-0.24311521617988632,-0.24332023431858588,-0.237986051883161,-0.23054297498519943,-0.23911217510521063,-0.22415584947539138,-0.2539718889071612,-0.2662132746733265,-0.24539361074212632,-0.22376750635981216,-0.18895177945488223,-0.1773816428034973,-0.10763655747256355,-0.21575682671469923,-0.10815452331769108,-0.26788699104914415,-0.27139929485766223,-0.2626525694937776,-0.256725706086032,-0.25204879774328975,-0.24643747017243828,-0.04271376853899,-0.23173513814884628,0.0351531593661741,0.03493165536901291,0.11208732512905774,0.19751043777907787,0.04859061016774689,0.044841098704843305,-0.06267940665486495,-0.05764910396012818,0.16363332578645948
Fifthorder Streams Mean Length,0.09309856112436579,0.08414261627608428,0.059099667171507796,0.09926304429011205,0.0904607754369796,0.08733032627591264,0.08562616980150718,-0.3135987760020425,-0.3121695280375921,-0.28311331076210294,-0.2590310740798049,-0.25237338498449724,-0.24920139983249995,-0.2502837029284808,-0.24853383633190018,-0.2481380545748431,-0.2454522930146307,0.19451586890568168,0.6481636023684014,0.629143928102789,0.45211932352646395,-0.10887397708222564,0.6147039416526362,0.49467829959699183,-0.11735490634205763,-0.4275601388200177,-0.28167391677594034,-0.6200816203183963,-0.20396565541415845,0.3140045450221064,0.5676158159626542,-0.21280410209604853,0.18992268169417612,0.16154111536117324,0.4506235284882032,0.45015482004743784,-0.03401248506517942,0.15183955862456827,-0.17101395399541494,-0.1148129050371837,0.45015482004743784,0.45242893119197564,0.40610277385993054,0.25741308761447107,0.1269376157419183,0.004291219310474047,,,0.44951549336141283,0.48013050621272446,0.37172824951593714,0.2824071431676376,0.6567092752571203,0.03404937080352258,-0.9189528580272324,,-0.15261301895508117,0.15931275660271643,-0.1750788286428672,0.1940822022118751,1.0,0.040031627813658585,-0.9189528580272323,,0.06594603457029162,-0.635563124945212,-0.055166593846006244,0.6346227626061053,-0.23662188719261368,-0.8806459676895981,,0.2064963426901084,0.5251417143128674,0.5749968538678094,0.34299438648870684,-0.06825228481814447,-0.9746560844593674,,0.15840726016370535,0.038619596787724815,0.235334451291173,-0.2253419070532062,0.05490788442071271,0.23505784668257318,-0.14085177733803741,0.09963082008522703,0.18126460254043322,0.055192827580713984,0.2290178717220662,-0.3863121715771684,-0.43368560815867097,-0.44286615117902545,-0.23536189740814517,-0.4322716853149133,-0.3969619499796479,-0.21845700578723146,-0.08245672370874256,-0.12970950725284264,-0.12790293508732364,-0.1149330164581299,-0.11451105124788159,-0.14556117137921395,-0.15491160855630579,-0.03167193840119302,-0.03177198625224192,0.013009120046630273,0.0008617365685268078,-0.06748820570644704,-0.08579589052623081,0.07647069662483476,0.09434174180753101,-0.09013218511358338,0.06267226802728086,0.07263215644625949,0.06260136845717684,0.06255132347137128,0.06253462674867913,0.06258066609305134,0.47212281142921564,-0.07119566315798291,0.06265708064355847,0.06672106273965353,-0.20453074530297366,-0.06509516155331893,-0.027837995690235047,-0.008329092070410965,0.41514787028782085,0.45211932352646395,-0.11150678228781087
Sixthorder Streams Mean Length,-0.2765689176287855,-0.012607593261420337,0.694888318362507,0.18445477765721788,-0.026307056060110596,-0.019706519893272167,-0.030378213984874003,0.1340963907946195,0.183874709191106,0.21116490849225758,0.23584435918882213,0.257767479238346,0.275832664721872,0.2793710681686331,0.2856292933281713,0.29459326427233523,0.29415685078404546,0.1357263861103982,0.7992461225398554,0.717483144776139,0.4266021090890441,0.16328403460045163,0.7894403417620348,0.7430510802500269,-0.39247938061728,-0.521573564609597,-0.6082753955240319,-0.5414289722285713,-0.5858078526142616,0.8056006296652953,0.09265068103087483,0.03735384945749433,0.7146209378271658,-0.4251275304469266,0.16068583220918697,0.4058296110753841,-0.5919151061298168,-0.6208378978170768,-0.4062324242836637,0.16862440617994187,0.4058296110753841,0.40948310412872024,0.43645645745380895,0.5486532711159597,0.41457803668698984,0.12867509838009866,,,0.40930494830041125,0.4963137618055142,0.40667627352852,0.18326278385582362,0.31857799485556676,0.8503174830837281,-0.8284486141357593,,0.1519515193226317,0.5927947393935138,-0.17934570033824995,-0.6133857612722236,0.040031627813658585,1.0,-0.8284486141357594,,0.5400192313292653,-0.39353992818237227,-0.36260707368378003,0.16840044188825679,0.9286657247170613,-0.7742798330989379,,-0.01654851854386918,0.026279694943554376,-0.245864571253121,0.6715045245621643,0.7505372591977788,-1.0,,-0.05684655537923536,0.17285679866777498,0.03978610974798503,0.020650900558181258,0.004991885301723062,-0.06789717021955764,0.0377075780637422,-0.012103636903313062,0.4574639156996203,-0.011775392041141355,-0.04145625089582907,-0.05953952439307978,-0.022256093377808067,-0.24319134749322338,0.08348319522628611,-0.0012838261029393591,-0.18216238797984016,-0.3609016679366712,-0.10749777257326311,-0.32647079321202443,-0.3235403188062946,-0.3204144693065436,-0.3166809476013222,-0.2923476265394287,-0.2822967057340894,-0.2255561826053804,-0.22555618158767307,-0.2269313450321622,-0.2296420618451026,-0.21414653473707781,-0.20790542637724496,-0.025691541961325136,-0.3978351635299324,-0.20769940937294953,-0.21876967641318623,-0.21876968320468226,-0.21876969834431892,-0.2187696911437107,-0.21876968413382444,-0.21876967441372197,0.3652280549385166,-0.23751407082798168,-0.34775335966987986,-0.3495465934888538,0.07477058803921265,-0.6241985232003879,-0.14835068284769704,-0.10716101237843678,0.4375321787907967,0.4266021090890441,-0.008052669274839748
Seventhorder Streams Mean Length,-0.8944494497753529,-0.38024796675112593,,,-0.7897738682543028,-0.5690412960544761,-0.821875663502424,0.48452962416886897,0.49570898965389937,0.5032968473170253,0.6660693213149805,0.7424583981514922,0.758282346801097,0.7513535289012921,0.7759717883188173,0.800783707388496,0.7789360917238366,,0.991337004769613,0.9976445555575925,0.9670796339537308,-0.18468653534537882,0.998246511192428,0.8754802613298338,-0.8479043288363616,-0.9722100456102502,-0.848590027753888,-0.9721574771266046,-0.7331195571985245,0.9475711732372324,0.7704161026203468,0.8062798233137257,0.7113050736415587,-0.8464786013916202,-0.24618989302081903,0.9580241104768428,0.7340981442963945,0.7333823766156847,0.7704320153669821,-0.1326757392828535,0.9580241104768428,0.9614816927687865,0.9537969936995786,0.9097516310673102,0.9413794386316281,0.8284486141357593,,,0.9601594579449224,0.9819188183304628,0.9482414337901041,0.9573216776171131,0.9209393264902146,0.8284486141357592,1.0,,-0.710680546716505,-0.7984816035875214,0.8905300864425799,0.8843722624117727,-0.9189528580272323,-0.8284486141357594,1.0,,-0.8178505135210954,0.8204761178037483,0.9354627609030062,-0.9241766467403394,0.7861074265806752,0.9958845313029546,,0.8770092876793435,-0.5623757903846108,-0.6666692067409541,0.3981343370340367,-0.6797627404163078,0.8284486141357594,,0.7782859479871995,0.5971321032881666,-0.8251446230910928,0.8022418278668056,0.7691040272200972,-0.7936413547767005,0.779183804138621,0.8167799592443664,-0.8439581216683194,0.7906999196352371,-0.8255094438066276,0.8816009950197397,0.8587737699185474,0.8267190348815603,0.7969237600932989,0.8471292429544843,0.8208152254791259,0.8750943136822951,-0.8029353471087549,-0.925617920867217,-0.9265162218946021,-0.9240823706178396,-0.9277234558080467,-0.9648203914307466,-0.9653670779981623,-0.7919523314363155,-0.7919527808019802,-0.9604589150283912,-0.7989916646036492,0.4963535398931199,0.5283418370039294,-0.8794183616265706,-0.8748742173539752,-0.8849376718347596,-0.971071959924404,-0.9710719631351313,-0.9710720063016193,-0.9710720018886927,-0.9710719770798308,-0.9710719479588619,0.9678663895422152,-0.8953908341818739,-0.9035365888763062,-0.9064447853533659,0.4843230980932715,0.981176826769876,0.12860000933651813,0.016227221980636544,0.9676098555513377,0.9670796339537304,0.2777390035380281
Eighthorder Streams Mean Length,,,,,,,,,,,,,,,,,,,,,,,,,,,,,,,,,,,,,,,,,,,,,,,,,,,,,,,,,,,,,,,,,,,,,,,,,,,,,,,,,,,,,,,,,,,,,,,,,,,,,,,,,,,,,,,,,,,,,,,,,,,,,,,,,
FirstSecond Stream Length Ratio,-0.1689345434275225,-0.00874194162878929,-0.05421774718838212,-0.027286872814009915,-0.004562767381236287,5.7384824611566216e-05,-0.005672222320360601,0.10180653779293225,0.10360735266237386,0.09872077917411227,0.0924294318556759,0.08803314543070162,0.08265496378473154,0.07203753702549093,0.06729760644856685,0.06159765793679794,0.05698059496784486,-0.276037333750312,-0.1861830852577797,-0.16863622581130902,-0.16305710861304853,-0.07301168577502547,-0.1781354224196423,-0.20781543731855948,0.021561551869921494,-0.12226374127965213,0.067719012037139,0.06926167478100935,0.038419095724890745,0.15874655234597695,-0.2283704464649235,-0.16802768686279837,-0.05116422923756127,-0.08813168790420223,0.144685632730357,-0.16465274583835995,-0.07283327683143927,-0.006464760698750216,-0.15128416754399152,-0.08451601737612773,-0.16465274583835995,-0.16141944323862262,-0.19610269663083518,-0.13817267910420092,-0.027557878101236062,-0.09009173051336442,,,-0.16757499567910328,-0.14150431210797929,-0.19556770779161547,-0.21887719005897777,0.0773604929119114,0.3746994314654831,-0.8178505135210954,,-0.3809732651806167,0.5433323413162554,0.16565180947932617,-0.0020951735274849616,0.06594603457029162,0.5400192313292653,-0.8178505135210954,,1.0,-0.09039678023097925,-0.06137926366085034,0.35625922245421016,0.38430330300640386,-0.7626861925976229,,-0.05226983284877905,0.07052017844430214,-0.13857486154593043,-0.04452898262601192,0.4762422417344439,-0.9976416207444704,,0.09425125353480653,-0.1701951267692204,0.1296773006081527,-0.12311090352788648,-0.04110413807692993,0.14405589393961601,-0.14288384900237658,0.10703264126944861,0.10106812944308737,0.019600972969815264,0.12510035181801785,0.06556204003496545,0.009392696539179176,0.2767251999158222,-0.12749399120432964,0.012855346016681967,0.3058919094547143,0.050767317844718655,-0.11035299189624549,0.059457434691013764,0.06189435595349544,0.060534451265396576,0.056061295923774714,0.0437098170696852,0.03606523552705917,0.11909934487352568,0.11956256006159806,0.11561167598643189,0.09432916501418852,0.030982835884306267,-0.008203728447703505,-0.013228263681725137,-0.04757613963669948,0.06551981321868315,0.23471169147627544,0.21782590450227682,0.2347403031886222,0.23471268847755133,0.23465363586138183,0.234574926217779,-0.18253180936268346,0.03384313084677455,-0.16847534998847694,-0.1689299447362625,-0.0960992534071663,-0.05125575014445505,-0.07991237262954866,-0.0684528616500475,-0.1629265504990389,-0.16305710861304853,-0.002176872871035869
SecondThird Stream Length Ratio,-0.1353312458838053,-0.035690907749306465,-0.16416822633384268,-0.04648755417682517,-0.01857049334654417,-0.027685432430200854,-0.014671610392160918,0.13933676583932691,0.13010632872234673,0.14040267191220793,0.15066921601222666,0.15840533026728143,0.16383298847644906,0.16521054308683095,0.1630916610740019,0.1607879836236599,0.16001768321183413,-0.42662171345190275,-0.3772259779439162,-0.3579349450415487,-0.25142478063435636,0.001370540148827369,-0.37659677718828366,-0.35310137288605725,-0.14966711218816897,-0.15348683477530076,0.3638817837153,0.5262380207078869,0.08723730284856566,0.12050388622707077,-0.36792961699067833,-0.35395975190333595,-0.09227307680072251,-0.3533517118870985,-0.08236710075386837,-0.24656769916618276,0.406417796557699,0.48686274122070916,0.240730348948436,-0.022846130352654224,-0.24656769916618276,-0.2525512269773428,-0.23698537976172596,0.016979940539707056,-0.21244484850239667,-0.017647633579030292,,,-0.25068513735893894,-0.2693544157691177,-0.21586917396757582,-0.006633653181420042,-0.5350124437185133,-0.3175421287060036,0.8204761178037483,,-0.500600536001312,-0.33527546960442633,0.3194384458152479,-0.4376230500416892,-0.635563124945212,-0.39353992818237227,0.8204761178037483,,-0.09039678023097925,1.0,-0.4404090213315099,-0.6353031936804588,-0.16299631997657343,0.7657634185491878,,0.2033322503854863,-0.3651724745734514,-0.15163803451846786,0.027954491257674196,-0.29798656454492756,0.9969591828614016,,0.07699387459712519,-0.4622623828796782,0.42469661781026813,-0.38613856234697735,-0.2243623566657032,0.33257689794334727,-0.43409189644388313,0.02016063530792149,0.13876112623663572,-0.1155367139318768,0.23735639881776915,0.36164738979416466,0.22349132281185455,0.4887462753086767,-0.20961395656165266,0.230470378232265,0.5044856784160101,0.15643006204850354,0.12506292930468643,0.15859614902659577,0.1624794753235647,0.16705139344230346,0.15130704172899312,0.08176880605704792,0.07539281159893163,0.21765588218974627,0.2208503245705659,0.23622271455318833,0.19089882946844408,-0.029555432935597113,-0.08560552958177226,0.08197930857499887,0.26716413855006,0.2623430014529875,0.5170434722083905,0.49268666399503835,0.5167703540484551,0.5163004112622167,0.5158236143486326,0.5151467192386322,-0.2250079781899675,0.22982634502939442,-0.12591795313161705,-0.12626243220375805,-0.386037303848501,-0.1988797964116581,-0.04598764407468412,-0.0701373740464238,-0.24454577254000162,-0.25142478063435636,-0.0428365767226609
ThirdForth Stream Length Ratio,-0.13389213178764833,0.008651552293406146,-0.10513392680481183,-0.029758739623964144,-0.008506554366116971,-0.004373566838451036,-0.009175010526495444,0.021447644153814463,-0.00012190275587235425,-0.006666501604079203,-0.003383806167674532,0.0018008517215620306,0.00670461836604837,0.009720955390694562,0.012214168641839128,0.012996015583580137,0.01458073233875588,-0.37113648884197625,-0.2210147624686593,-0.23852930642628115,-0.26355544589696284,0.2265273995258429,-0.22586723710121648,-0.28599090713088127,0.1423217819385594,-0.22081562926459888,0.2913477558615177,0.1640408785243646,-0.05291227519945682,0.29468359209499567,-0.3167980455603432,-0.23744764593508985,0.03296486083337847,0.006759731606950627,0.27660032282487296,-0.2593561972859638,-0.05566914178371937,0.11456289578217958,-0.16595744247019611,0.20957958286467449,-0.2593561972859638,-0.2778801681445731,-0.29957815575719543,-0.26813315751823896,-0.12144130541584784,0.005272219607573969,,,-0.26587696466646465,-0.2790147935945862,-0.3238977405638718,-0.11425274489568112,-0.1574416708516363,-0.28064776801143465,0.9354627609030062,,-0.17996216591916392,0.10022080486474833,-0.2487259061296424,0.6573933919517796,-0.055166593846006244,-0.36260707368378003,0.9354627609030062,,-0.06137926366085034,-0.4404090213315099,1.0,-0.37660751965911077,-0.25671432450128184,0.9133494309126334,,0.3614365039450797,0.08956633653479276,-0.15280791227491616,-0.04849246087009588,-0.19771454011481962,0.887843865028937,,-0.3094792449195358,-0.047800852671510644,-0.06093795259968599,0.13361280836078812,-0.25539223875725064,-0.3017479328770964,0.014767180492470302,-0.2336067303420464,-0.329024978807269,-0.26921402841634795,-0.3272699613750448,0.06416104791670754,0.018470615843383293,0.05366429376019126,-0.09692320228064986,0.041413955339528186,0.11780409061997663,0.2052000657589487,0.06956377280932131,-0.17278367937908753,-0.1712180546355889,-0.17135443391922203,-0.1618319736848607,-0.18349319378840664,-0.17750508512491883,-0.07364199923913094,-0.09283055072038623,-0.10047894740611539,-0.08110898810214665,-0.11159829920425834,-0.10419003403692337,-0.052451867858430666,-0.3093629938002691,0.10760403459551147,-0.12512403449175968,-0.13303972153446317,-0.11443128704627185,-0.10288551448425393,-0.09415779451475657,-0.08427656824002745,-0.26146571332444307,-0.1656902548881299,-0.14228795426337662,-0.1461361420980763,0.1336916598514814,0.27444651328078745,-0.20736194374874253,-0.1536063686413367,-0.2602587398599346,-0.26355544589696284,0.29932047541161366
FourthFifth Stream Length Ratio,0.04557482379082902,0.06007023146457499,0.19941493040445313,0.011763522904230276,-0.00019130025467881595,0.008942818770174847,-0.0028495825867498794,-0.03881866015000252,-0.03520829180262655,-0.025600370529982285,-0.014164215652063081,-0.008728470095468562,-0.00534095306941887,-0.007143234820866776,-0.00761294273271113,-0.01172598198981141,-0.012725556897168106,0.3000383454077628,0.4047792100362182,0.4341696552573502,0.21492304409583032,-0.05626513329143767,0.39652552857163886,0.1808973473966083,-0.19379980490888282,-0.47938088676288815,-0.1224877088940439,-0.1820093558197325,0.010143798415705299,0.4321478725208472,0.27082434612148854,0.26630203459057783,0.05011420363833614,0.032797819400677004,0.5510416713568791,0.2138863891125087,0.0807616870651911,-0.1694892789561768,0.2153163771074743,-0.044370201537534786,0.2138863891125087,0.23362090044371972,0.24264900381882276,0.09173407485975033,0.20580778887078793,-0.05523242116516178,,,0.22843762942414722,0.290113318869419,0.14066115596807632,-0.13650460419714422,0.5449844107938453,0.10258007911876088,-0.9241766467403394,,0.24616476104717214,0.2600966161938769,-0.4566197231197915,-0.4223289796040346,0.6346227626061053,0.16840044188825679,-0.9241766467403394,,0.35625922245421016,-0.6353031936804588,-0.37660751965911077,1.0,-0.04939136109055915,-0.8867543167243522,,-0.18889834839331227,0.07235866163589136,0.47226812605625956,-0.259722288078105,0.07864359698100842,-0.9733846454694568,,0.19967188840852104,0.22275390258339514,-0.0767875350950514,0.09278781550598444,0.2142767390516534,0.08418398312044663,0.1435484082223225,0.23608439365167508,0.18821917967992155,0.22154187744849502,0.1323673126004765,-0.30514528377579947,-0.40466778458665326,-0.18240530165285065,0.02430087965230849,-0.26434783429842346,-0.18844233065612997,-0.13052027021474247,-0.10123017030216815,-0.23757070685428602,-0.23260493169186058,-0.23320600381495615,-0.23927885826251566,-0.2210604069673704,-0.2372239287891275,0.03205410933961271,0.03201221357408878,0.027033163724587268,0.025153853018559266,0.045610204289861,0.042466304975598335,-0.3090296383847446,-0.29555406899158587,-0.3108852781768233,-0.006864033460614978,-0.004544414083812744,-0.006891711311409307,-0.0069112613504141935,-0.006917810742075703,-0.006899852969764574,-0.018825289641325706,-0.358013847278848,0.022446821755274175,0.02162492299044944,0.18647451422050973,-0.05510662154346792,-0.10793444481764156,-0.05890103699063132,0.19143771282175884,0.2149230440958304,0.0450988233909069
FifthSixth Stream Length Ratio,-0.42233306582241537,-0.022493958987737823,0.6987894942069531,0.16832798356046344,-0.04655427414689313,-0.03471326208206428,-0.053944667788665836,0.20256800580393203,0.27126417971793015,0.292991587159107,0.30165088163978016,0.31407005628076706,0.3262882638974413,0.32989441841043043,0.33345341780030985,0.3402355362655499,0.340627102952918,0.09240776374301737,0.6267625842568105,0.5187558535635337,0.23504279111744147,-0.024065581715059348,0.6175667969381967,0.6254182866400323,-0.15922230151571373,-0.34226219562428817,-0.484030870700895,-0.28448489288789924,-0.71195682235196,0.7568448437130665,-0.18059743911448178,0.30836752239275383,0.8296301731720772,-0.21953848223663044,-0.020727904802474387,0.22098352676006242,-0.35516350525104684,-0.5279472094020818,-0.10932021466819607,-0.008847448659100128,0.22098352676006242,0.22087123885625548,0.27591424159609246,0.41892611884533715,0.31921608222835407,0.09356263296776725,,,0.22285174051027393,0.2865797660762286,0.2575097344217448,0.07951576320642964,0.045685746074845025,0.7751026496289878,0.7861074265806752,,0.0647822035233643,0.41523338844716384,-0.0993990192415001,-0.48278082994091415,-0.23662188719261368,0.9286657247170613,0.7861074265806752,,0.38430330300640386,-0.16299631997657343,-0.25671432450128184,-0.04939136109055915,1.0,0.7269509316160234,,-0.0034640951895630735,-0.18654841908267775,-0.32273694346107734,0.497299455375297,0.5928556527599416,0.9968214592934128,,-0.070910210592943,0.2934180252946872,-0.21935235689659668,0.26994564385516606,0.23092855758731162,-0.29241179216575397,0.2683275717127132,0.2090493555921223,0.24799046086052542,0.2245918522853926,-0.28159998921902785,0.18478069772137784,0.22094417384881254,0.020795554814409038,0.33949316225568404,0.25547949075978554,0.07711145266679771,-0.1394929361991423,-0.2471308055825312,-0.43995500418650296,-0.4395344433587921,-0.44222440278283914,-0.43261968956917746,-0.34822689741142426,-0.3127314080794092,-0.41672074589810637,-0.4167207590781351,-0.42102784633260304,-0.41220221956294395,-0.31073399746845676,-0.2842110267225237,-0.2514073928174821,-0.6161235832985873,-0.11499623056845594,-0.44390022166033555,-0.44390021982381256,-0.44390021579115824,-0.4439002133807665,-0.44390021669074914,-0.4439002239994097,0.1271132309516841,-0.3409198191426186,-0.4984234594116789,-0.5015286135621196,0.3258624147018843,-0.5320144725702867,-0.07905545199821941,-0.05894246666639308,0.24566969145705958,0.23504279111744142,-0.18434681571857678
SixthSeventh Stream Length Ratio,-0.8514662089179367,-0.36817035609899973,,,-0.7353792929247952,-0.5265066119505182,-0.7669171764752862,0.4583068346104679,0.4580328849209792,0.46359726325935646,0.6335692915783437,0.7177802994201742,0.7318312741522215,0.7244193365161272,0.7480890706528738,0.7681898840087471,0.7377531998223003,,0.9991609378081087,0.9952768567717692,0.942678297814204,-0.09908791931903885,0.9947223029186372,0.8288116789379942,-0.8024320092513122,-0.9801415923573137,-0.7986125202378315,-0.9470215725184549,-0.6705846420903288,0.966838772797195,0.8049211033288515,0.7493690033280811,0.6477070357509289,-0.7989027324349673,-0.15807720669436348,0.9298417178502134,0.6699191334997755,0.669227982275238,0.7111205412275176,-0.04693716258627533,0.9298417178502134,0.9345437531290571,0.9239427751899718,0.8691934136841949,0.9096826290684861,0.7742798330989379,,,0.9328148045744982,0.9706540530523657,0.9169951686503716,0.9309082621664154,0.8831359034904764,0.7742798330989379,0.9958845313029546,,-0.6553266814780035,-0.7409206985125587,0.8466665192961735,0.8950369072156293,-0.8806459676895981,-0.7742798330989379,0.9958845313029546,,-0.7626861925976229,0.7657634185491878,0.9133494309126334,-0.8867543167243522,0.7269509316160234,1.0,,0.8300946190100585,-0.4971118033807188,-0.5978399740384012,0.3352117673773254,-0.611281424151713,0.7742798330989378,,0.7186855811866673,0.522673547224849,-0.7705499717220797,0.7448527448120051,0.7081505162936655,-0.7352527999384372,0.7192295645698324,0.7612166104622188,-0.7919253437374624,0.7320560347705868,-0.7710155842839093,0.8354402416997952,0.8088717671689684,0.7723409751626266,0.7389310257452268,0.7955178362612435,0.7656746725620772,0.8277706331064599,-0.7456474074717552,-0.8879449342399193,-0.8890567270588629,-0.8860547735881331,-0.8905597119564583,-0.9386949127540852,-0.9394857060726903,-0.8326600724957961,-0.8326604613315957,-0.9672413140658229,-0.8399213346384492,0.41683044741611114,0.45025769997791454,-0.832960049069479,-0.8276974460577783,-0.8392007164487766,-0.9505199802496417,-0.9505199899208941,-0.950520055315997,-0.9505200539016885,-0.9505200140341363,-0.9505199597163709,0.9753518302834617,-0.8515297812639793,-0.8610190447356351,-0.8644509329790023,0.40363811247669085,0.9611170131194066,0.08183692357666644,-0.030479896858977742,0.9426066821883003,0.9426782978142033,0.28985232586482834
SeventhEighth Stream Length Ratio,,,,,,,,,,,,,,,,,,,,,,,,,,,,,,,,,,,,,,,,,,,,,,,,,,,,,,,,,,,,,,,,,,,,,,,,,,,,,,,,,,,,,,,,,,,,,,,,,,,,,,,,,,,,,,,,,,,,,,,,,,,,,,,,,
FirstSecond Bifurcation Ratio,-0.009110456138126846,0.006001813077843475,-0.028243011877152755,0.003510989403092988,-0.006384277015362298,-0.015336385046248891,-0.003044829936220258,0.020296540428285496,0.03427259388455423,0.04504285245229831,0.04679615680608036,0.04629428447550418,0.04673713940691818,0.04299824178343942,0.040272766789799255,0.03890003368799087,0.036478137007534904,-0.15220391765825578,-0.08717191581236251,-0.07902742798818681,-0.0712938194080118,0.13992511475020006,-0.0921079502148208,-0.10448362702081312,-0.19731324493727653,-0.25898714215229834,0.10740273273288208,-0.04436250107652735,-0.07329567228583397,0.18990051919848358,-0.14819507945483312,-0.43365585836796045,0.05930906927434471,-0.09571814251015903,0.1339363178730876,-0.06985055175974961,-0.18723415599659002,-0.009676440219852854,-0.397031740429711,0.10478372877505966,-0.06985055175974961,-0.09974032036755465,-0.08809481436952668,-0.036552674236046426,0.13456219674276199,0.141230701929882,,,-0.07545483179261371,-0.08714017050658997,-0.08874673288877306,0.0440018809589399,0.17716618450348498,0.06175282163590171,0.8770092876793435,,-0.1483679458839039,0.45118450073487737,0.05394186493036746,0.18561101344756606,0.2064963426901084,-0.01654851854386918,0.8770092876793435,,-0.05226983284877905,0.2033322503854863,0.3614365039450797,-0.18889834839331227,-0.0034640951895630735,0.8300946190100585,,1.0,-0.4641646747868771,-0.01317696425715122,0.024639693518064255,0.09982369994684068,0.9941674267854571,,-0.14620884764544972,-0.25869739300819544,0.2863051026261992,-0.23551007222307804,-0.30671056998461743,0.05937369524070093,-0.2819018842474948,-0.14217156769324155,-0.164857441019131,-0.2702489023132535,-0.014299790323992364,0.054972937564965775,-0.028713083380994514,0.30376871808937683,-0.299945257570138,-0.0379764656707629,0.33236350816736654,0.20559552229788877,0.015562183705784364,0.24461578661909603,0.2468711635191709,0.24710637680659234,0.23488437466332399,0.21922524633413706,0.20975497508636742,0.272296133148435,0.257998756974261,0.2621623053145608,0.23723074097753458,0.11200181875366422,0.07326250343905558,0.2681181814845401,0.1347336601315943,0.34460830818683713,0.32935542043576116,0.3173925148479352,0.33459637593641484,0.3401618285723627,0.3443201916150545,0.34910004865326416,-0.05147460991265175,0.23865843728131797,0.0037953301308933786,0.007156709254486883,-0.2054918365504659,0.03721535077429086,0.014662942683551198,0.004193761726498755,-0.07992522180893372,-0.0712938194080118,0.29637635988251426
SecondThird Bifurcation Ratio,0.15183667783769544,0.015310551214171025,0.10057755569191226,0.02516678528349535,0.00866049239884465,0.011357427951108449,0.007302028463153267,-0.14342214077458765,-0.16619158105088627,-0.1852137759380025,-0.19506936613305687,-0.19480039088912882,-0.1928548872820311,-0.18963253388255846,-0.18459802377106346,-0.18328406256225682,-0.18424157678659073,0.10504777493170046,0.2563164739480314,0.297799000571025,0.10506206720691005,-0.17972337264409158,0.292687049512076,0.20251829905248336,0.01472799382431688,-0.23169216347652827,-0.40787534401826653,-0.3600006109089853,-0.2961635293833014,0.3755581829517124,0.16210697913992128,0.18819481413805675,0.2903695634627907,0.07906601745722425,0.26935803695909466,0.10365501256749972,-0.10969500012726033,-0.18170960972316919,-0.016171948647124908,-0.17163977404956038,0.10365501256749972,0.12194982319157915,0.038766805909539966,-0.07360996989798597,0.09034757003424677,0.10181019393336989,,,0.1011167774286727,0.11748559189556669,0.08336145610872006,0.02218525637314225,0.3485474768277694,0.07505049197506365,-0.5623757903846108,,0.11896572376192537,-0.12128894620902637,0.48629780994629684,0.48690381538191646,0.5251417143128674,0.026279694943554376,-0.5623757903846108,,0.07052017844430214,-0.3651724745734514,0.08956633653479276,0.07235866163589136,-0.18654841908267775,-0.4971118033807188,,-0.4641646747868771,1.0,-0.16283861029725819,0.32017327038505317,0.08958915536904569,-0.8549032975745375,,0.06886303304328781,0.5204430412659462,-0.43161853947929835,0.41662572131373077,0.3980494709067036,-0.24777207524915215,0.5050769658758418,0.0874640383615134,0.15178534213798023,0.29396910046672914,-0.1221208923637166,-0.3334706665244711,-0.2143997910441292,-0.28871703891085543,0.3195107219307136,-0.2059728187633113,-0.33699663163974075,-0.286302998613549,-0.2857647116084738,-0.3126918457696562,-0.31632063461493787,-0.31540663624562715,-0.30645273736164585,-0.24548559784637497,-0.23293145581740055,-0.2983891786362166,-0.2980335452341585,-0.27697821647672927,-0.2243182877206662,0.015186562738834628,0.07105650062051631,-0.22562809478735746,-0.18196824306990894,-0.47037656118447685,-0.4132424299944881,-0.408383038146041,-0.41429271215891006,-0.4152692903045208,-0.4158995163580887,-0.41648762281502927,0.07095095291706605,-0.3597565394963079,0.14680458500795682,0.1513393835038088,0.37146970568560694,-0.05330637059401796,0.14578369905651187,0.14854082281155595,0.10068771423927386,0.10506206720691007,-0.005891540210765894
ThirdForth Bifurcation Ratio,0.04943541373632981,0.007073946360750778,0.01792475534326497,0.015105940882459297,0.0013627965253075623,-0.0026214761628606652,0.0024418710295478967,-0.2868277695147493,-0.31236929227710863,-0.3315116650475377,-0.3408154103624829,-0.3471326784450533,-0.35082568257237695,-0.3512205961625381,-0.3528102335155168,-0.35315797168738755,-0.3535054086142275,0.45541575469769546,0.4724906159433762,0.3632364540531337,0.46758638673449116,-0.00601457001479822,0.4071582707663863,0.4873215122572058,0.35422511700766496,0.3183397527847671,-0.18741525250604368,-0.5143524129640569,-0.04915772391384005,-0.3760593603336489,0.631098074191231,0.10687907475104978,-0.012586427643509729,0.5074418125542384,-0.07340207056925323,0.46984806847251726,0.23078524142943743,0.1617552036588959,0.19831453493871745,0.0032505930739609116,0.46984806847251726,0.4747769610688881,0.5137347888387832,0.28829565008941654,0.18485485846789823,-0.07916049827489266,,,0.4751728017205891,0.4775888495743023,0.4831840363476109,0.3668338833766797,0.47362729939704573,-0.23410875210999485,-0.6666692067409541,,-0.0676214160895001,-0.1397250010331228,-0.293257951243903,0.22056536929782206,0.5749968538678094,-0.245864571253121,-0.6666692067409541,,-0.13857486154593043,-0.15163803451846786,-0.15280791227491616,0.47226812605625956,-0.32273694346107734,-0.5978399740384012,,-0.01317696425715122,-0.16283861029725819,1.0,0.07249392987744008,-0.4407262792662249,-0.9606843858020286,,0.07980045972142238,-0.0697722151799484,0.06626755668332038,-0.10211301237183754,0.03564158703277294,0.13939112946020765,-0.08827908192813168,0.06271867758072078,0.007186027895455641,0.04145556930759445,0.10514708479406938,-0.3319000527032351,-0.34519393691560707,-0.08348054565249345,-0.3356072831093686,-0.35335256027250855,-0.075824308929286,-0.0856742893339986,-0.22481634855357494,-0.041007436673038834,-0.040982175045629704,-0.03829857923886202,-0.04538702021265751,-0.07203839973627499,-0.07588359473037083,-0.09782636314560099,-0.0878007581702994,-0.09771089740350929,-0.12806282689489284,-0.20008887551714663,-0.2130102569529656,-0.03316910960650191,0.03448671144952777,-0.16810827092900751,-0.040392026354202165,-0.03562245716807868,-0.046101406576498145,-0.05220602505444079,-0.056785148051005485,-0.062012877391533786,0.4031066599086387,-0.09587848170703173,0.06397440591992355,0.0631098759809059,-0.1451587683217233,0.0988197322849901,0.16449060855042982,0.13192961111695978,0.44660802842967734,0.4675863867344914,-0.20562435649059801
FourthFifth Bifurcation Ratio,-0.039936537435782356,-0.01718197290789369,-0.13712369583543252,0.10058254815020946,0.13306667189177787,0.1019932277607128,0.1336934403106813,-0.3237125666300721,-0.35084117963622397,-0.3581004360763161,-0.35725576856198216,-0.36304804634645166,-0.37151775420253086,-0.3786303413942529,-0.37996420590924657,-0.379142733134304,-0.3786804427631063,-0.2322605743118742,0.28024611762965684,0.3701411278918662,0.32729490780214054,-0.1147066159715891,0.3363614441329747,0.45032288112039953,-0.24798624410825346,0.03952073350948252,-0.2569367037560525,-0.452226701527938,-0.3025363304873919,-0.11659456924338278,0.3368735197344603,-0.20486355706374143,0.2630093730650584,-0.14085456048041015,-0.36619446248227117,0.30997928099907524,-0.28908298412071565,-0.05273559293051954,-0.301947384428779,-0.12288726276658159,0.30997928099907524,0.31768745724554415,0.28887801565347665,0.32299330464704423,-0.10223053240423823,0.18050029283288802,,,0.3095499594759079,0.3101671585004773,0.36769628757700656,0.4120172214531451,0.10387173479064887,0.6207135708509824,0.3981343370340367,,0.0023610017436840685,0.008109210030319829,0.2650190651512142,0.26101184674650646,0.34299438648870684,0.6715045245621643,0.3981343370340367,,-0.04452898262601192,0.027954491257674196,-0.04849246087009588,-0.259722288078105,0.497299455375297,0.3352117673773254,,0.024639693518064255,0.32017327038505317,0.07249392987744008,1.0,0.4441921885731616,0.7085456823829662,,0.06449830263903718,-0.2795953845666123,0.566627764909438,-0.5384520692041187,-0.15620730460817642,0.3886548297447178,-0.47861072242991154,-0.11995943679224952,0.29913258078180766,-0.14354057340977638,0.2846029881357864,-0.2938492377454544,-0.2500740316910839,-0.3506213995138293,-0.41061887914131745,-0.4400676404340928,-0.3452428132144076,-0.23495252773939074,0.18801022524754835,0.13343287027416306,0.13108494517033104,0.15957297930657782,0.16100067814179514,0.05623657366375773,0.061920194223752285,-0.0522673493303077,-0.052417033655438205,0.05071165599074543,0.0338277893965416,-0.14011031238801658,-0.1793787129563342,0.3983240643253035,0.6023997994010096,0.18514477523225872,0.2179041165362922,0.22299547241128165,0.21780409344534177,0.2177334892755228,0.2177099836510271,0.21777496692713155,0.650729368336368,0.3755114729769858,-0.04865963328546817,-0.04457728778624649,-0.6435358961726431,-0.23716355008600706,0.3259866826091721,0.31940335255225394,0.3010294501477269,0.32729490780214043,-0.08823070992182484
FifthSixth Bifurcation Ratio,-0.010759044898323949,-0.02820477242478243,0.5937781354296063,0.19713266849335806,-0.049009453673137415,-0.036663831923881396,-0.056650685695230095,0.17502760649714458,0.21045342332922817,0.237883598326386,0.27339541210347734,0.3040772785346297,0.3313996365247558,0.34563871082341924,0.3606831600190504,0.37213198132125475,0.37323076263064514,0.12762253529532736,0.583167486538238,0.4674984302596275,0.3762926669705299,-0.06734789785572168,0.5179853508258151,0.5836662854731263,-0.2627746274726019,-0.3752465216300329,-0.5960571078414476,-0.4103202432698819,-0.5638200744101374,0.4597520125598472,0.06971231203739106,-0.1131143347363934,0.5938898735895332,-0.1984744501091317,0.03229632963689677,0.35441778606628715,-0.5796856736452254,-0.5168718739916417,-0.4524273871407339,-0.07427915434393333,0.35441778606628715,0.3501982105053235,0.337205627665015,0.5451274530217426,0.5003476907325041,0.1095926117864105,,,0.34666791074462244,0.42066691831194736,0.3347214320340307,0.26424203804053004,0.34674494541254597,0.6463700744882874,-0.6797627404163078,,-0.08103490254494394,0.493452288280121,-0.029308872288645038,-0.5151032495637008,-0.06825228481814447,0.7505372591977788,-0.6797627404163078,,0.4762422417344439,-0.29798656454492756,-0.19771454011481962,0.07864359698100842,0.5928556527599416,-0.611281424151713,,0.09982369994684068,0.08958915536904569,-0.4407262792662249,0.4441921885731616,1.0,-0.9690486871410391,,-0.1545913892535784,0.24011180167156346,-0.09039670392694539,0.13968435526266768,0.10246921744161544,-0.1972187325428405,0.15402424629540998,0.029637475250477947,0.2812889253554439,0.06814929009095154,-0.18103888596689766,0.10568915539236709,0.1365705964368999,-0.09501642670777685,0.18373417647635762,0.14220277044082333,-0.01483221809372711,-0.2970451310917683,-0.23572143580204025,-0.279528393775456,-0.2786410319915845,-0.27925944677103176,-0.27490607286854934,-0.22446108290810995,-0.21000176608148155,-0.23767307847873478,-0.23767308743356258,-0.2401214375743725,-0.23580638204991522,-0.16916544044170778,-0.15525434170085148,0.22343627192547164,-0.41165866324973294,-0.11193401965113309,-0.253855407515963,-0.2538554103305325,-0.2538554028771475,-0.25385540258782746,-0.2538554082505778,-0.2538554113943212,0.3771979477644817,-0.1913940013385924,-0.013896236151113517,-0.016952978478489228,0.17273082686991592,-0.30104998462948634,-0.27661265994576734,-0.2901448932525615,0.3908882633772193,0.3762926669705299,-0.050769844907370854
Sixthseventh Bifurcation Ratio,-0.9838774748245918,-0.37998029782867415,,,-0.9703388372793947,-0.7197973674106981,-0.9996018849059962,0.5511319787417729,0.6308862710526378,0.6494837891641502,0.7357023014060229,0.7487074487912407,0.772370619210706,0.7697921649149199,0.7954225579433873,0.8444597370964715,0.8799928413621672,,0.7477112266733142,0.8157565929257357,0.9273717834400379,-0.6772725302608336,0.823386754095693,0.9914189137133644,-0.9618824273497502,-0.7316869150033042,-0.9902734480466432,-0.9359887151622378,-0.9751486800936694,0.6418490891802213,0.4054293651052005,0.9991428229429288,0.9642009817760245,-0.9737366740916413,-0.7421967435431024,0.9434655041863065,0.986094340482397,0.9853674253608679,0.9851915207922763,-0.6363719006506169,0.9434655041863065,0.938551765731891,0.9504023034889325,0.9811797082523003,0.9518172686249524,1.0,,,0.9400033255643243,0.8581089861324708,0.9545434017013134,0.9319698406039032,0.9731400189643524,1.0,0.8284486141357594,,-0.9127535049148815,-0.9968980168563848,0.9861702415652559,0.6442621715693353,-0.9746560844593674,-1.0,0.8284486141357594,,-0.9976416207444704,0.9969591828614016,0.887843865028937,-0.9733846454694568,0.9968214592934128,0.7742798330989378,,0.9941674267854571,-0.8549032975745375,-0.9606843858020286,0.7085456823829662,-0.9690486871410391,1.0,,0.99328365068814,0.93963191841918,-0.9999785536907734,0.9988557295763115,0.9942723067336743,-0.9981257487116317,0.9961914232629647,0.9992477702487594,-0.9992547188136344,0.99734157725857,-0.9996486485919844,0.9931957413439237,0.9979845689538697,0.9999043759885647,0.9983155634716814,0.9991972725324422,0.9998754313710037,0.9951572098851255,-0.9987876125735887,-0.9760909677368784,-0.9754930220637921,-0.9770492506479235,-0.9746348251283847,-0.9362120938035553,-0.9351426069587035,-0.3843928368427109,-0.38439357174183764,-0.729351859574887,-0.38867410953275,0.8900019275285781,0.9067968760158946,-0.9932818428618374,-0.9940726509301112,-0.9932562489722753,-0.9067901472183253,-0.9067901098730483,-0.9067900071722703,-0.9067899850983084,-0.9067900582332482,-0.906790190555,0.7309556929075705,-0.9900579638945598,-0.9882967855897573,-0.9873959021014184,0.88752130382846,0.9118631193986739,0.39224588375448377,0.30166281972846926,0.9315166621922746,0.9273717834400375,0.148173115791593
SeventhEighth Bifurcation Ratio,,,,,,,,,,,,,,,,,,,,,,,,,,,,,,,,,,,,,,,,,,,,,,,,,,,,,,,,,,,,,,,,,,,,,,,,,,,,,,,,,,,,,,,,,,,,,,,,,,,,,,,,,,,,,,,,,,,,,,,,,,,,,,,,,
Annual Mean Temperature,-0.08309397134428294,0.00699480987802071,0.06924436015946779,0.006752445972133451,0.008318082098537563,0.012255632443459038,0.006418626892759164,0.11696730087169852,0.11212386327895589,0.10406485662427317,0.09816999433721889,0.09379434500543317,0.0906430357289579,0.0874931666007635,0.08360650652457133,0.08034534832197028,0.07727903942735607,-0.03691628583428702,0.0256526939246494,-0.006452062641240171,0.06951335232464112,-0.839512669460725,-0.0010092101499739156,0.029740796676653962,0.03831197345451495,0.15284234496606827,-0.31107600002409036,-0.004809356569287811,0.06950308177020437,-0.17546511013633934,0.03223564263633519,0.13371306383385737,-0.07238248786584425,0.03386825837087873,-0.12894511424542784,0.06839411818801983,-0.007766218615023081,-0.04521257064127261,0.07051867276122792,-0.8296335394845553,0.06839411818801983,0.07785465707978853,0.07804870399033843,0.1333849567092459,0.1795051342569818,0.2128536744839464,,,0.07688462936716949,0.08394454358965421,0.09100839378585933,0.09663383381644661,0.2059093989606635,0.06830028255809223,0.7782859479871995,,0.07398060901177218,0.005681652247040318,0.07399691409652444,-0.12308419401582224,0.15840726016370535,-0.05684655537923536,0.7782859479871995,,0.09425125353480653,0.07699387459712519,-0.3094792449195358,0.19967188840852104,-0.070910210592943,0.7186855811866673,,-0.14620884764544972,0.06886303304328781,0.07980045972142238,0.06449830263903718,-0.1545913892535784,0.99328365068814,,1.0,0.07622764544653512,0.15798503386399912,-0.19881605212512252,0.7479736374302433,0.7533073307568224,-0.005971277800686183,0.9157269094933955,0.8772658541344106,0.875151616475376,0.8831939844149471,0.0605525933076114,0.05597890698612425,0.10562487172515662,0.1003176893453365,0.0654299474572141,0.11610760073809542,-0.6220067233535523,0.14081572979871557,0.16980173812315325,0.17209206162738988,0.17939304328032574,0.17555449462423595,0.1829144815332975,0.18846068391632853,-0.11274394730207521,-0.08495068009616157,0.009713139748276743,-0.01439747205013305,0.027414802836088794,-0.014200195302905,0.056074037103382435,0.15331363595536007,0.11165367833182498,0.15669682350470407,0.15674589341580258,0.14635796719645205,0.13526708786958339,0.1269198119375092,0.11750961433817914,0.055903011546507515,0.15049850889647573,-0.07151290306667153,-0.07370276404772433,-0.32242926978211284,-0.4928221264262433,0.3299688870914087,0.36520132729106297,0.07864903559558581,0.06951335232464106,-0.4873245105736626
Mean Diurnal Range,0.42691440703822625,0.059252640647556226,0.35186142662515335,0.09287669210284685,0.018791740452101326,0.02910247251324289,0.014051527706764723,-0.2544901360352793,-0.24850580596832963,-0.26505446391573606,-0.282940108181277,-0.2922715588797499,-0.2958480051175447,-0.29342688367235154,-0.2902814952893078,-0.2897294422066721,-0.2930311388978737,0.5946165703625333,0.5677393784710341,0.5078145871155478,0.3716327308312619,-0.2536004615056802,0.5425866692037485,0.5090593759937836,0.19368623495811677,-0.03914968036492996,-0.6685288292648748,-0.11657827299687597,-0.34974282659728645,0.14923518056623372,0.49053360618806907,0.5294220411639188,0.36973136838016346,0.5028204173800573,0.30818576339074405,0.369664489467182,-0.26871916174400656,-0.30252849344016347,-0.03225061727434832,-0.22412325415429915,0.369664489467182,0.3826963991829881,0.3350077042398056,0.25370743047174654,0.322068589652701,0.02922642956558625,,,0.3753935932122632,0.3876931458473661,0.3332355430521652,0.2223705226139094,0.20337420739780518,0.1501800782098679,0.5971321032881666,,0.41901732812331643,0.035214133859362125,0.13927849695972186,0.1377406760629252,0.038619596787724815,0.17285679866777498,0.5971321032881666,,-0.1701951267692204,-0.4622623828796782,-0.047800852671510644,0.22275390258339514,0.2934180252946872,0.522673547224849,,-0.25869739300819544,0.5204430412659462,-0.0697722151799484,-0.2795953845666123,0.24011180167156346,0.93963191841918,,0.07622764544653512,1.0,-0.7281067657605751,0.760151701540961,0.68642233153967,-0.5061053864963435,0.9187126162695202,0.18134232757362584,-0.003232327929484958,0.47722223819520987,-0.2762442718657976,-0.6101513863982668,-0.44281227489454267,-0.4884046556489994,0.43804137011503735,-0.4469567158339829,-0.5269864163866184,-0.3797606852108475,-0.4355226920970756,-0.06728311779580708,-0.07361572848446177,-0.0775803649537065,-0.0636270719287586,0.07786753849911651,0.09465406887154235,-0.13362767166973427,-0.13321501501938027,-0.13030145008311306,-0.056716979981212175,0.3787546049923996,0.4705364778266177,-0.025024900649614414,0.038533932888620635,-0.37764850936895555,-0.5074489938156979,-0.48245190141856076,-0.5083898151259748,-0.5092279824977579,-0.5097398347301015,-0.5101830593492225,0.3158673185502862,-0.22139525180046607,0.43520987638113695,0.4412281876493526,0.6907670943783465,0.03978826050136769,0.10127198137292175,0.11601713712465755,0.37155822697509455,0.3716327308312619,0.005669692509492743
Isothermality,-0.11050727722556827,-0.012895674047325934,-0.33453374499679434,-0.06067109636575729,0.012199619485613137,0.008395696679793705,0.012453287393339655,0.12673588715865866,0.1257015381731162,0.15396409045807805,0.17597761232909997,0.18520928209824017,0.1872798717695227,0.18530795972148054,0.18356881921973855,0.1839684694473148,0.187039220382932,-0.5006572862358448,-0.3906969322488676,-0.29881979357782223,-0.1947814169856646,-0.016254952237482488,-0.3654189828693094,-0.3657324928059594,-0.3458301664132762,-0.030193285650624235,0.4684627080344476,0.10322267564018459,0.3988657910085258,-0.13171195452599918,-0.301925255067621,-0.5184511065688333,-0.4386033028827813,-0.45247442631893486,-0.1523965787390069,-0.1989570371738259,0.19395849338479554,0.2574981354823449,-0.052766076313710726,-0.048818026516757713,-0.1989570371738259,-0.209742071526814,-0.1802251961799006,0.002298328093702558,-0.25751059440259866,-0.04216062613242964,,,-0.19676166423919803,-0.20307943817047497,-0.16876975295417607,0.017187172799521606,0.04120054237483886,0.00963263272737432,-0.8251446230910928,,-0.3181651175617607,0.01488990785734593,-0.07131419197311754,-0.17795018312136177,0.235334451291173,0.03978610974798503,-0.8251446230910928,,0.1296773006081527,0.42469661781026813,-0.06093795259968599,-0.0767875350950514,-0.21935235689659668,-0.7705499717220797,,0.2863051026261992,-0.43161853947929835,0.06626755668332038,0.566627764909438,-0.09039670392694539,-0.9999785536907734,,0.15798503386399912,-0.7281067657605751,1.0,-0.9547818924816517,-0.45608562290951055,0.7414827555627506,-0.9231742135762488,-0.12402646941955765,0.41082304807573694,-0.30847163351931656,0.5760314260587047,0.42107948076860047,0.3106513843342861,0.4052288085131204,-0.47019041367315395,0.27919929748414707,0.4233732430823395,-0.010158252526352938,0.38159158391782527,0.3861286995767789,0.39313962752070114,0.40980594327122,0.3899251083766677,0.2758276728394889,0.25371669965354404,0.5210469701201681,0.5287547888667504,0.5868047752751142,0.5349462381427863,0.09497133378726276,-0.014305721528979232,0.2996521525732223,0.3083018702313485,0.4049420977540795,0.8132012685834595,0.8243292289852353,0.8118959434937322,0.8102319371946617,0.8087955819292938,0.8069640857893341,-0.0801430934560834,0.40908722268832,-0.10981219598845275,-0.10743477835548566,-0.9378844843719348,-0.5571669956743667,0.12543039904654563,0.15343659447986224,-0.1952782235912255,-0.19478141698566456,-0.11119029721142343
Temperature Seasonality,0.05258566775586848,0.007362759224135735,0.375107913830247,0.07256645117522725,-0.006671727311769093,-0.0027010320686105486,-0.007410299118770478,-0.18365018406255992,-0.19249066847795954,-0.22454462351836618,-0.2483025671102622,-0.2582888331783218,-0.2623036981552601,-0.26175745701168696,-0.2608992119727796,-0.26226005396985996,-0.2653076567764741,0.5219142514417108,0.41959024538349765,0.32901346296257805,0.20452667028695445,0.12142010780709822,0.3952754927234768,0.37996838342762873,0.28564096441380454,-0.07360485339223205,-0.39882428945277204,-0.13495064574992952,-0.45176578025724423,0.23900073951154027,0.30750678405917403,0.5276546564608701,0.48725696234594934,0.44104342634807536,0.22523471420678898,0.2096680290859979,-0.17993253754677835,-0.2582302636077517,0.08158887342098688,0.15027717437250354,0.2096680290859979,0.21924853820560194,0.1892349241562789,0.047514367976488975,0.26340641568574996,0.023483969468531953,,,0.2064309284177761,0.21161395262604218,0.17130396537977316,0.027694161637514134,-0.03422736609524982,0.027740640504446735,0.8022418278668056,,0.25961409899187493,-0.04462334506574232,0.04490587415006237,0.20297419414155576,-0.2253419070532062,0.020650900558181258,0.8022418278668056,,-0.12311090352788648,-0.38613856234697735,0.13361280836078812,0.09278781550598444,0.26994564385516606,0.7448527448120051,,-0.23551007222307804,0.41662572131373077,-0.10211301237183754,-0.5384520692041187,0.13968435526266768,0.9988557295763115,,-0.19881605212512252,0.760151701540961,-0.9547818924816517,1.0,0.4423633885770115,-0.7805528909785838,0.9427722108660149,0.10986902790411249,-0.41939256733916713,0.29146434517775205,-0.6304622641197188,-0.4818402092597778,-0.4125900292294801,-0.2606482629821786,0.3594307116787515,-0.3694445780295666,-0.2748813296597773,0.09384485679896182,-0.40862688162854827,-0.3152017542083842,-0.32043427348752224,-0.3349111158891779,-0.3127511809980156,-0.2109990046384607,-0.18360888401422953,-0.4460620598911846,-0.45655658003116095,-0.5181362716132099,-0.45199212673452804,-0.04695093262344948,0.05921589429100986,-0.25697879236546006,-0.2804407855810626,-0.31071762883303117,-0.6874544663036223,-0.7050469189112613,-0.6848759507552435,-0.6818936602898952,-0.6794981598453598,-0.6766223765837455,0.09063492798461745,-0.32922179981465866,0.04579273951323729,0.042019837519417076,0.9399534464780036,0.5673368052510663,-0.1612761764335981,-0.18349773509058445,0.20345707227432708,0.20452667028695445,0.1716600395589441
Max Temperature of Warmest Month,0.14587086378195974,0.028604863993019057,0.3701682086079972,0.08037951865078811,0.008228509068444119,0.015616093971402109,0.005241321119875391,-0.06751107116209434,-0.0705787253522703,-0.09253977204104243,-0.11076762059081502,-0.12018291207385222,-0.12448300571140969,-0.12508619314791689,-0.12594556627006584,-0.12834883914267595,-0.1324131959692596,0.3766641246742587,0.38333197676350544,0.29839228976376303,0.27550368883289833,-0.7353822001824737,0.34112975230295534,0.3590707671783256,0.22360510695741903,0.10787849408151207,-0.6439113133527855,-0.07952494956342035,-0.2338782596519372,-0.020217632754139573,0.32516632509976867,0.46779965494433823,0.2545776804716917,0.38466062004898177,0.07214428893788857,0.2759295205012815,-0.15714078623867606,-0.22244095847811393,0.0727489989490622,-0.7076994035370893,0.2759295205012815,0.2928376203874875,0.26182797426119175,0.20699990364616697,0.3152997948345637,0.06518990466173824,,,0.28350244629824645,0.2933288885591885,0.2700597116308971,0.16896454520339468,0.19913940330747276,0.03766797324182143,0.7691040272200972,,0.3036274108815764,-0.007234614061331043,0.14351885676485202,0.0012938687310515998,0.05490788442071271,0.004991885301723062,0.7691040272200972,,-0.04110413807692993,-0.2243623566657032,-0.25539223875725064,0.2142767390516534,0.23092855758731162,0.7081505162936655,,-0.30671056998461743,0.3980494709067036,0.03564158703277294,-0.15620730460817642,0.10246921744161544,0.9942723067336743,,0.7479736374302433,0.68642233153967,-0.45608562290951055,0.4423633885770115,1.0,0.15795609578057004,0.6474252867075092,0.7958335666166867,0.5710574644005758,0.9627669645127028,0.3951774287294584,-0.3335219895414601,-0.23912467138971621,-0.20706935036525898,0.39574841337224487,-0.22392491138034595,-0.22263477314425367,-0.6472738976650303,-0.18008825403856343,-0.017484878406248967,-0.02003639866026752,-0.01952541999564274,-0.012269750885641712,0.08197049695010891,0.10009625591274465,-0.2888315753973685,-0.26968294505847384,-0.20760679062298604,-0.17614867169000667,0.15530223948459768,0.19228158403459536,-0.0664065395015041,0.05792009571491821,-0.20261124755962362,-0.29511029323103205,-0.28979095881695943,-0.30297385511515185,-0.3112744042511571,-0.31742779340087424,-0.3242607572818762,0.20134520986138227,-0.09718113515754176,0.15864219830685572,0.15850573596968723,0.2912946758772437,-0.23537841092244235,0.2960548644721905,0.31557021009038244,0.28401580089893114,0.27550368883289844,-0.3316938569141446
Min Temperature of Coldest Month,-0.15601435135895222,-0.01300849144388491,-0.3425428079159808,-0.07355142895759006,0.006417114881950678,0.0040470662674826465,0.006667681597705843,0.18930052361384211,0.18701498796562904,0.2002132810518241,0.21146573732149204,0.21534054445703665,0.2158298661232997,0.21308183917760426,0.2096275066090994,0.20805783333323813,0.20858524865208547,-0.3689070845394396,-0.27051944429979413,-0.2339548364260559,-0.10082868257003842,-0.5598687203556306,-0.27112003669182555,-0.23581924775718618,-0.17044867933205163,0.13299498730431403,0.10993528829926615,0.0800876346307864,0.31490081061454794,-0.25165931013743525,-0.19418139412959415,-0.25789456685741713,-0.3421314948323264,-0.28078269056196686,-0.24901427529636463,-0.10381716213442739,0.1303382366055558,0.14746461768396474,0.016398310418013828,-0.5727269864257811,-0.10381716213442739,-0.10325741266768938,-0.07737553405833426,0.061866510476958625,-0.03710534230235641,0.005482280232993689,,,-0.09743426612090553,-0.09825855871958586,-0.05849643752353132,0.04776099370906172,0.15158222868122867,-0.04942339313268265,-0.7936413547767005,,-0.15323293417476247,0.0034827924625019328,-0.005144208165014554,-0.2075602974561598,0.23505784668257318,-0.06789717021955764,-0.7936413547767005,,0.14405589393961601,0.33257689794334727,-0.3017479328770964,0.08418398312044663,-0.29241179216575397,-0.7352527999384372,,0.05937369524070093,-0.24777207524915215,0.13939112946020765,0.3886548297447178,-0.1972187325428405,-0.9981257487116317,,0.7533073307568224,-0.5061053864963435,0.7414827555627506,-0.7805528909785838,0.15795609578057004,1.0,-0.6502964915215657,0.5092104053861766,0.8216189219214548,0.3523715526369893,0.9627227242095172,0.3695439753585726,0.2990688081968984,0.29799154743111017,-0.21677883189564268,0.2842496807562837,0.31730824997386253,-0.4069172881541862,0.3834157042456042,0.2950197611940824,0.30059324937825127,0.31496796271662225,0.2979088512977551,0.22116637506312395,0.20854726171473004,0.19228358838350237,0.2159480012529851,0.3136596503392148,0.2544115787048485,-0.013323013170077402,-0.11210832866660307,0.1834476066958695,0.2571849747566575,0.29925139129181283,0.5720031296181399,0.5772163424195298,0.5640656290774456,0.5554000435625384,0.5487728833543022,0.54117947988898,-0.04069334221372557,0.31835505731916397,-0.1444565870533674,-0.14305568689738873,-0.8389238741188305,-0.647494319120053,0.3075745107394866,0.34062238625268987,-0.09671027099234764,-0.10082868257003845,-0.40704323395599057
Temperature Annual Range,0.23263882632105637,0.03204702174927048,0.3845227046369726,0.08305453811761736,0.0013776666763241265,0.008890470118099144,-0.0011138853229238704,-0.19804448475987727,-0.1986405314395236,-0.22572269693781866,-0.24843093662121138,-0.25866513153434384,-0.26235102753092016,-0.26069410572742646,-0.25868913785228387,-0.25932656623245276,-0.2628605018258488,0.5745115039882014,0.5037039740014618,0.4101353581749114,0.2897770794372683,-0.13364108614714926,0.471699719375164,0.45825663978408515,0.30358345654433383,-0.01965286478414833,-0.580235941281382,-0.12299471422670487,-0.42297777595462727,0.1786810380991778,0.4000357937333847,0.5589440952146748,0.45991977864473854,0.5126474973715698,0.24769716113090612,0.2924112512465758,-0.22149191029093657,-0.2849483113274219,0.04331210423116735,-0.10241939530439716,0.2924112512465758,0.30511113235019366,0.26593415141484156,0.14996044359795085,0.3446572707699726,0.03013322916942019,,,0.29331096089261705,0.30163817770739504,0.2577904503698775,0.12483232995793359,0.07237897575128348,0.044662974480925724,0.779183804138621,,0.35186027943304404,-0.008257651626673709,0.11690758903860396,0.18523804479385855,-0.14085177733803741,0.0377075780637422,0.779183804138621,,-0.14288384900237658,-0.43409189644388313,0.014767180492470302,0.1435484082223225,0.2683275717127132,0.7192295645698324,,-0.2819018842474948,0.5050769658758418,-0.08827908192813168,-0.47861072242991154,0.15402424629540998,0.9961914232629647,,-0.005971277800686183,0.9187126162695202,-0.9231742135762488,0.9427722108660149,0.6474252867075092,-0.6502964915215657,1.0,0.21924767145679647,-0.19480386163791172,0.46872707747889275,-0.4390216632632467,-0.5418121534696093,-0.4147946265318961,-0.3893017705240411,0.4717784067001734,-0.39166319056130056,-0.4161858355522864,-0.18390666950163928,-0.43447609948869237,-0.24115341832050297,-0.2474181212983148,-0.2581196712925613,-0.23937107147543826,-0.10763716218169535,-0.0839526529702813,-0.3706172758320613,-0.3741501184971256,-0.40180816460631974,-0.3318774760391616,0.12976296546408314,0.23445691253320267,-0.19267732459484221,-0.15393987190486894,-0.38684435254155064,-0.6685221980487003,-0.6684534806975632,-0.6684456329120289,-0.6681433097330862,-0.6677623870974038,-0.6671585234590085,0.1863105387263989,-0.32047743814259605,0.23354381403154603,0.23372416664204518,0.8716009975364268,0.31866220094040715,-0.009625153634902014,-0.02011819571296196,0.2907768924321805,0.2897770794372683,0.05851836430711475
Mean Temperature of Wettest Quarter,-0.22263150932550504,-0.005952341162436253,0.18344218973255835,0.021134971132151185,0.0021969733422533815,0.0066504602738458925,0.0006121490004849513,0.0889443908524406,0.07638539557372095,0.055281252164978194,0.04066690482290174,0.03254097769764057,0.02687894878514634,0.02184504936122582,0.01638841874262972,0.0115074649205439,0.006722337216239747,0.06215314907548526,0.08543127199403786,0.024322665148285887,0.07284482813319068,-0.7197624526219109,0.053016179913936,0.07528701320823959,0.12038916914938289,0.09641761993506619,-0.3329260147902271,-0.057442253527134945,-0.05505242812876651,-0.08174144964539401,0.05379638720742127,0.25083696771414016,0.058380879118732715,0.11681437972282528,-0.06345121147466713,0.07483745836742142,-0.036351581021809506,-0.10381359113202694,0.10891596899324889,-0.7038071329809445,0.07483745836742142,0.08272284146132985,0.08134883896124198,0.11565763949942946,0.2339370312525266,0.12052740760418874,,,0.07962445729333387,0.08838036816324342,0.08113742636681699,0.07309551248903985,0.18600654108671896,0.05357371596553871,0.8167799592443664,,0.05990230237386519,-0.0013729390376604376,0.04193201329755315,-0.07609659497634896,0.09963082008522703,-0.012103636903313062,0.8167799592443664,,0.10703264126944861,0.02016063530792149,-0.2336067303420464,0.23608439365167508,0.2090493555921223,0.7612166104622188,,-0.14217156769324155,0.0874640383615134,0.06271867758072078,-0.11995943679224952,0.029637475250477947,0.9992477702487594,,0.9157269094933955,0.18134232757362584,-0.12402646941955765,0.10986902790411249,0.7958335666166867,0.5092104053861766,0.21924767145679647,1.0,0.6609982532856679,0.9207788860002558,0.6558588671728233,-0.03640617968354807,-0.07150065629195536,0.15734961029087818,0.10144072168652885,-0.033744514316390486,0.18363993014798366,-0.42949446948619696,0.01961030174045916,0.07639771949462949,0.07823857310634244,0.07871725089197584,0.08489713304955404,0.10149280554926576,0.12037775957491098,-0.30870944568796554,-0.2862845805197295,-0.226622246391011,-0.2405228525820824,-0.11893290711080594,-0.13343547333971198,-0.02339736074078173,0.006802357422351217,0.14971905837583588,-0.02971828930456361,-0.04946601444240826,-0.03850268216867173,-0.047867061943355785,-0.0548731642952527,-0.06271559930127887,0.02424239025083749,0.10262037404862057,-0.21908875916489876,-0.2233443517228745,-0.021654223890426545,-0.15666615887110585,0.1713379046631643,0.19587289095793295,0.08031305163875585,0.07284482813319079,-0.4046835339539585
Mean Temperature of Driest Quarter,-0.0025388462944728797,-0.005569200423443624,-0.07388517288408274,-0.023299304443828762,0.009658880495153213,0.010223239261606332,0.008724996099547421,0.10411720679906368,0.09933387401354195,0.10321636982381095,0.1080919246687981,0.11048020532879897,0.11087364407504441,0.1102080684299743,0.10963973168818149,0.10878143133708698,0.10817370818327243,-0.18000804026898531,-0.05391188077875168,-0.011978226238515098,0.01428116845318592,-0.7511070888345216,-0.04780088366983991,-0.052340742086588544,-0.1595191126259126,0.040975866190914055,-0.20343825687450398,0.01766531375149029,0.15400727877784828,-0.08558187813416988,-0.047630437913519084,0.01819314279360098,-0.16000550272940078,-0.13726069742682445,-0.08877724526257409,0.007903531640413975,0.00473650260092061,-0.005469356102257995,0.022191612478235406,-0.7492859968737952,0.007903531640413975,0.020864998360322837,0.01722692339597352,0.11352678354980157,0.0912954968086214,-0.04558072944723997,,,0.019105195235617763,0.03283947838387874,0.043437128015109364,0.05193814218329799,0.19066601856722212,0.33389567295935124,-0.8439581216683194,,0.06525449347663803,0.0010850407155492253,0.18451538667094133,-0.13823731773935835,0.18126460254043322,0.4574639156996203,-0.8439581216683194,,0.10106812944308737,0.13876112623663572,-0.329024978807269,0.18821917967992155,0.24799046086052542,-0.7919253437374624,,-0.164857441019131,0.15178534213798023,0.007186027895455641,0.29913258078180766,0.2812889253554439,-0.9992547188136344,,0.8772658541344106,-0.003232327929484958,0.41082304807573694,-0.41939256733916713,0.5710574644005758,0.8216189219214548,-0.19480386163791172,0.6609982532856679,1.0,0.674215054986449,0.907350157185093,0.12708785515925808,0.14476230662681372,0.07273373996864672,0.0845314894643166,0.13003810497383608,0.06603637849575808,-0.6591822501526315,0.22578161032382607,0.20212314017331381,0.20500738697312046,0.2202066846028178,0.2086321269883571,0.199257751339671,0.19603176611864115,0.09413904230259977,0.12037156906465561,0.23653872162789732,0.22084526150942183,0.17484468089187785,0.12243471371254866,0.0954886250512234,0.2395785702644741,0.04785427508503171,0.3363463035901886,0.3516692081606324,0.32705282600950253,0.317015872200173,0.30941437614836265,0.3007862912374686,0.029371339293427893,0.16654375812506092,0.012541229421831855,0.01187360548706046,-0.5135624008400628,-0.7787746242613055,0.3969145128667345,0.43353126315831947,0.021262697252653635,0.014281168453185911,-0.4361124290458306
Mean Temperature of Warmest Quarter,-0.017809405097846197,0.012366266976330049,0.321033146439557,0.060234960629313467,0.0047893646482954685,0.010795240372131806,0.0025093646589200943,0.016151376157098767,0.008116022245873508,-0.01416285914981921,-0.030658705442146272,-0.039121461635906254,-0.0435959200099512,-0.04571137387222485,-0.04839889484545464,-0.05182213331926896,-0.05597486707217904,0.2350671742852421,0.24988126539190464,0.1740631647795167,0.1861174741596706,-0.7706409169070612,0.2111654925864068,0.23494362184367448,0.17822422119480172,0.11947225301474616,-0.5171063895652281,-0.0662783517531842,-0.15674291366149418,-0.05338447741112102,0.20257873137714025,0.39309270476785085,0.17273516709444178,0.2629942503549618,-0.010119081714522592,0.18739955423855273,-0.09786058791479041,-0.17116747706566138,0.10724514757209659,-0.7469330906357947,0.18739955423855273,0.2028082299099323,0.18478067962853423,0.1644596046298513,0.2865650522946018,0.08688175366909362,,,0.19481180792162803,0.20369233598284803,0.19122545106973124,0.12073280217653662,0.18600331572492765,0.03600598327138719,0.7906999196352371,,0.2155542961813576,-0.02026728943983893,0.10977190614232611,-0.039516793977746455,0.055192827580713984,-0.011775392041141355,0.7906999196352371,,0.019600972969815264,-0.1155367139318768,-0.26921402841634795,0.22154187744849502,0.2245918522853926,0.7320560347705868,,-0.2702489023132535,0.29396910046672914,0.04145556930759445,-0.14354057340977638,0.06814929009095154,0.99734157725857,,0.875151616475376,0.47722223819520987,-0.30847163351931656,0.29146434517775205,0.9627669645127028,0.3523715526369893,0.46872707747889275,0.9207788860002558,0.674215054986449,1.0,0.5580495238705323,-0.18481032947460688,-0.1428088482433496,-0.0500779375886951,0.30486439212143945,-0.11653394807027824,-0.05314659051009095,-0.5984369268598536,-0.062498408275128654,0.006093265683065945,0.005594074427202911,0.0066643751560121365,0.01162969113462828,0.07428785862917311,0.09112380839151343,-0.2984408651628125,-0.2763310258126282,-0.2092242193423601,-0.1977775408031041,0.0499453451355476,0.062389749940553255,-0.08021249953994303,0.028548016584846986,-0.08834355752526088,-0.1750727125274975,-0.18008800068059042,-0.183902812860809,-0.19327333093916363,-0.20025485218435274,-0.2080447965746911,0.11301920943096654,-0.03349233022786238,-0.007673775973414202,-0.011857209441966155,0.13861371518554458,-0.2594500918706581,0.2806831240175691,0.30206402767002327,0.19590185129190285,0.18611747415967056,-0.38924582865978047
Mean Temperature of Coldest Quarter,-0.07197107397404229,0.0037021417908322802,-0.28981394165361024,-0.0593197444280677,0.009198880101348497,0.010877600605071739,0.007947344311866607,0.18287148981212037,0.18544763497880504,0.19624723574157557,0.204028325434421,0.20597159886141783,0.2058960044582917,0.20374060383100331,0.20086033461666838,0.19932575687281842,0.19868504004611753,-0.267020294208609,-0.16544109791028805,-0.14926036620827243,-0.03076657643490822,-0.7298478843070055,-0.176291596404649,-0.1453318484507875,-0.0982288672732953,0.1611984205522249,-0.06914280605274581,0.06536554192041846,0.275012358796325,-0.25118194525053894,-0.10747278580563684,-0.1399815613471008,-0.2922061818366295,-0.17071796817628293,-0.19767908348487,-0.034149313974842416,0.07806782517265211,0.08601351987960283,0.017533660846904164,-0.7353767398661271,-0.034149313974842416,-0.030074489761465633,-0.014467431304564293,0.10568112790845606,0.051367016488997115,0.03347185516188437,,,-0.02552767995274983,-0.022297039182307975,0.005512527000188842,0.08164863476602872,0.19567122901569037,-0.01387035981121425,-0.8255094438066276,,-0.0502327632651027,0.025523728168993256,0.04952262667630232,-0.18884579693993164,0.2290178717220662,-0.04145625089582907,-0.8255094438066276,,0.12510035181801785,0.23735639881776915,-0.3272699613750448,0.1323673126004765,-0.28159998921902785,-0.7710155842839093,,-0.014299790323992364,-0.1221208923637166,0.10514708479406938,0.2846029881357864,-0.18103888596689766,-0.9996486485919844,,0.8831939844149471,-0.2762442718657976,0.5760314260587047,-0.6304622641197188,0.3951774287294584,0.9627227242095172,-0.4390216632632467,0.6558588671728233,0.907350157185093,0.5580495238705323,1.0,0.2845909486871365,0.25932704870623097,0.17602514447127102,-0.052126690452309166,0.2433257829783886,0.19001706973751756,-0.5610504345950181,0.3161247432224713,0.27473256584240324,0.2788922343228683,0.2922551156233878,0.27745770954606,0.24065475500525718,0.2308574251928883,0.14242884280285478,0.1694054370288286,0.2771911352660437,0.22901307714676833,0.07998573948761242,-0.0008498511668055947,0.15121815476539294,0.2548129677494025,0.20338439281658277,0.4515219956702429,0.4628544638288365,0.44214051747602046,0.4319728305236781,0.4242477999794575,0.41545379769202156,0.009104153104664673,0.2566456990696503,-0.0582127558936559,-0.05759723108758016,-0.6962502430420558,-0.6976200291544656,0.3584445166329944,0.395060770336423,-0.02401371833758877,-0.03076657643490821,-0.46466459558005
Annual Precipitation,-0.4478005453933504,-0.038023533929939075,-0.1358939956948301,-0.05557131476654619,-0.017872790418947314,-0.008406447955640054,-0.019479865885591113,0.5594502366093707,0.5949166256524581,0.6367486274212634,0.6702714210634125,0.6887037053050146,0.6995429075960083,0.7061826419837182,0.7102432464605704,0.7150588453491867,0.7210417386899701,-0.6309974514253465,-0.5539486364787362,-0.5470401924868648,-0.4023883471092111,0.045741392351149324,-0.5567491184362912,-0.5492867298358625,-0.04283429616710558,0.13156669651379532,0.626870336192236,0.12818707039828386,0.54156102841113,-0.15278349221586351,-0.5476076287769868,-0.3464352694882887,-0.4991701605289836,-0.4750013978134761,-0.23593282551605002,-0.39706491441019814,0.2366134976797026,0.22104236885434367,0.11322173528930723,0.028806067784413487,-0.39706491441019814,-0.4069497666622532,-0.3898828925203406,-0.2435970731656866,-0.1062299608081062,0.020587842018318703,,,-0.3994837368188085,-0.41186963492165185,-0.4029677846282161,-0.2815872914735646,-0.34607971372803736,-0.03630877465141708,0.8816009950197397,,-0.11704729899590603,-0.06360341347156163,-0.11321663737105445,-0.2629334851310743,-0.3863121715771684,-0.05953952439307978,0.8816009950197397,,0.06556204003496545,0.36164738979416466,0.06416104791670754,-0.30514528377579947,0.18478069772137784,0.8354402416997952,,0.054972937564965775,-0.3334706665244711,-0.3319000527032351,-0.2938492377454544,0.10568915539236709,0.9931957413439237,,0.0605525933076114,-0.6101513863982668,0.42107948076860047,-0.4818402092597778,-0.3335219895414601,0.3695439753585726,-0.5418121534696093,-0.03640617968354807,0.12708785515925808,-0.18481032947460688,0.2845909486871365,1.0,0.9569146929987388,0.03563672462831401,0.3436547572234444,0.9722345874893065,0.0833826076541288,0.2190416093833851,0.8230180489905979,-0.2247267220654186,-0.22164801585176955,-0.21743203902263405,-0.2299444150144729,-0.27593212869448713,-0.29378399930240606,0.06853782014154357,0.07021317042108903,0.09436442682629859,0.05251833299090948,-0.12949547987791712,-0.1575738514798947,-0.34828390184956715,-0.3320152085595072,-0.016655340864243497,0.23140143421282566,0.22842884906043578,0.2312068087078797,0.23092074181413577,0.2306513770688843,0.23028312059139155,-0.42898810479448923,-0.11347275896237526,-0.4618793513564682,-0.4616580099628616,-0.31670010714934405,-0.2906782739183831,-0.144481401851726,-0.1667432257852878,-0.3970160289902646,-0.4023883471092111,-0.03604705917908978
Precipitation of Wettest Month,-0.322869180637918,-0.026460277601014617,-0.08463144903524715,-0.03930914203234708,-0.014652493936431176,-0.005068260042908286,-0.016548632392844678,0.545542822493686,0.5935404746714112,0.6425881647913647,0.6799175046983964,0.7004811762654086,0.7142140480731474,0.7239233706763947,0.7313184609620934,0.7384324908665931,0.7451219840735193,-0.5426099869330039,-0.4693109602803745,-0.4710807331528863,-0.33389551020571634,-0.04601390546919589,-0.4766476487910464,-0.46621288167452624,0.04698054826557537,0.214062749252323,0.47188117524826667,0.1324442698314719,0.5567168826491693,-0.21039523404624602,-0.45478554697591306,-0.27097955825916276,-0.5056296128899563,-0.37071576899888736,-0.21355954831572524,-0.3300671877816021,0.18615318999137656,0.1724438394810131,0.09251191163298886,-0.05700139373446358,-0.3300671877816021,-0.33696231619884176,-0.30820805579038346,-0.19404264647886846,0.005942431599254408,-0.014614491297986431,,,-0.3306848851854005,-0.34082403837163777,-0.316701761747949,-0.2381180035921043,-0.32020847713363454,-0.02576426235416424,0.8587737699185474,,0.005017531594863071,-0.04363305730423047,-0.07028846471566931,-0.2890919322751158,-0.43368560815867097,-0.022256093377808067,0.8587737699185474,,0.009392696539179176,0.22349132281185455,0.018470615843383293,-0.40466778458665326,0.22094417384881254,0.8088717671689684,,-0.028713083380994514,-0.2143997910441292,-0.34519393691560707,-0.2500740316910839,0.1365705964368999,0.9979845689538697,,0.05597890698612425,-0.44281227489454267,0.3106513843342861,-0.4125900292294801,-0.23912467138971621,0.2990688081968984,-0.4147946265318961,-0.07150065629195536,0.14476230662681372,-0.1428088482433496,0.25932704870623097,0.9569146929987388,1.0,-0.20700465324612985,0.549989615987032,0.9928110363511818,-0.17171971749236634,0.05857161583984479,0.789051832274573,-0.27230334400218653,-0.27188843867292256,-0.26707756409558514,-0.276838350356882,-0.28819371214792927,-0.30673957763793674,0.0441470652873009,0.04646355139850173,0.08518459565412269,0.05965439844155401,-0.03189882444550854,-0.035619986079304056,-0.35823343626868104,-0.31905437326582503,-0.16904315989381605,0.07812007548237511,0.09312262152028479,0.07744661282070388,0.07669970104550525,0.07612020063386521,0.07544389821130865,-0.3599487690209831,-0.20149760668915506,-0.3297335424702156,-0.3277500021155882,-0.22280479630984792,-0.3691333913465944,-0.1063822963779293,-0.12371859820352878,-0.3289378304000142,-0.33389551020571634,-0.04275044950763291
Precipitation of Driest Month,-0.3523416367316718,-0.037873774927692415,-0.14384177561339334,-0.04145012929417965,-0.007357459750818399,-0.00954795719143441,-0.006087432203245114,-0.009178076057222597,-0.05471133008554418,-0.07701011734324857,-0.08802415750379083,-0.09132883249622539,-0.09718658693518868,-0.10646812322919999,-0.11532678115690072,-0.12279696835574384,-0.12647667337315913,-0.2962542823985551,-0.29171435516174776,-0.28533400954091875,-0.23356425956134325,0.16693716024154642,-0.28850175486321145,-0.2831084913175294,-0.1670740909172093,-0.2185820213881505,0.411961473307798,-0.011030435224324288,-0.09093929990605745,0.21155383216624726,-0.3278306962297583,-0.303011326039674,0.0721914471534064,-0.2499624569153442,-0.04198342532931983,-0.2278051867567946,0.20310021677429793,0.19783460577689202,0.08681946570682127,0.13679552401551112,-0.2278051867567946,-0.23505138196835904,-0.2430705072920923,-0.12776070965462727,0.07095459652159787,0.006099226584081045,,,-0.23305057698934423,-0.24128843202134426,-0.2447218463176688,-0.11816826979276454,-0.28074497160921186,-0.1875995808699082,0.8267190348815603,,-0.5363981572255198,-0.03190698076709489,0.04475607478865085,0.06576899342630928,-0.44286615117902545,-0.24319134749322338,0.8267190348815603,,0.2767251999158222,0.4887462753086767,0.05366429376019126,-0.18240530165285065,0.020795554814409038,0.7723409751626266,,0.30376871808937683,-0.28871703891085543,-0.08348054565249345,-0.3506213995138293,-0.09501642670777685,0.9999043759885647,,0.10562487172515662,-0.4884046556489994,0.4052288085131204,-0.2606482629821786,-0.20706935036525898,0.29799154743111017,-0.3893017705240411,0.15734961029087818,0.07273373996864672,-0.0500779375886951,0.17602514447127102,0.03563672462831401,-0.20700465324612985,1.0,-0.6575309245140827,-0.16417924095154604,0.9818765958361667,0.3241006614491908,-0.09678639002272432,0.20927734770058437,0.21784601048927713,0.2174684226076284,0.2126266705132086,0.122506710162497,0.11941107926992653,0.1946134633016223,0.19469210896165465,0.16961007702323327,0.1409228783525051,-0.12976909578118453,-0.2218426316960653,0.07950567127320445,0.08011412423202648,0.3709932209740741,0.5889493498257512,0.5390526545526168,0.5898539732431254,0.5906267076936992,0.5910709231422389,0.5914172161227084,-0.25920284456445014,0.2613897021672621,-0.3696651408675752,-0.3709498291135162,-0.3793772778117838,0.04818668846015913,-0.01349960211117561,-0.009639635440976591,-0.22969367984258854,-0.23356425956134325,0.008767237049394628
Precipitation Seasonality,0.03252593501281649,0.024579034349617987,0.24568109584554282,0.03733393734164446,-0.01319111235034825,-0.004652807344830657,-0.014869568282768458,0.2949486178853969,0.3418633835238894,0.36531408038749447,0.38111043167086145,0.3918286894083696,0.402494172850496,0.4135757079893732,0.42354971143097664,0.43021586171014625,0.43319809864730624,0.013781263519592291,0.031940750547008595,-0.03866395451596354,-0.018387745163513707,-0.29183122215477053,0.0007004565320691569,0.00792888383611788,0.3256446888803403,0.23631945945443927,-0.21041681725177871,0.07286994997798067,0.16982437330474293,-0.09142188148600414,-0.02986259834642695,0.22277045189039676,-0.08327526343967322,0.14881980873096043,0.01542702580687934,-0.015249776430986423,-0.019672972879930768,-0.0658087587215324,0.10015236189334556,-0.27235389756763273,-0.015249776430986423,-0.004494478577968548,0.013547408012760633,0.032494697764139796,0.3877228510855251,0.017358990777376994,,,-0.012866014588304737,-0.010408335272231896,0.011828693797800298,-0.03212381509753374,0.028322839030936513,0.07361106927818958,0.7969237600932989,,0.34547578914082316,-0.005629128892138141,0.1319560502044276,-0.08183889654326869,-0.23536189740814517,0.08348319522628611,0.7969237600932989,,-0.12749399120432964,-0.20961395656165266,-0.09692320228064986,0.02430087965230849,0.33949316225568404,0.7389310257452268,,-0.299945257570138,0.3195107219307136,-0.3356072831093686,-0.41061887914131745,0.18373417647635762,0.9983155634716814,,0.1003176893453365,0.43804137011503735,-0.47019041367315395,0.3594307116787515,0.39574841337224487,-0.21677883189564268,0.4717784067001734,0.10144072168652885,0.0845314894643166,0.30486439212143945,-0.052126690452309166,0.3436547572234444,0.549989615987032,-0.6575309245140827,1.0,0.5336826591520324,-0.6511781966086468,-0.27774097802724274,0.25749300622533944,-0.4209316738565509,-0.426611570168619,-0.4283440866998128,-0.4257360083818906,-0.31214576272139316,-0.3120366629542103,-0.23794803406735857,-0.2355162723076306,-0.2024406196032805,-0.16642106077743005,0.16421584077942286,0.25114084235631357,-0.449481173826126,-0.3201758123784071,-0.5219050199592963,-0.4979133976722986,-0.47263489268795933,-0.4996958764581283,-0.501435926007565,-0.5026259042785755,-0.5038330603347664,-0.11652165499724954,-0.4566413252613437,0.0401927289439739,0.04042084773891021,0.47871279229873975,-0.23438743726503664,-0.005556349676529161,-0.0295062084430351,-0.011706917170665323,-0.0183877451635136,-0.04475817567242278
Precipitation of Wettest Quarter,-0.37043742664630575,-0.03027792009763788,-0.07876713056183124,-0.04133553189909034,-0.01584225734686102,-0.004643973062927005,-0.01815757530627701,0.5594629753745773,0.6041983395680011,0.6497477886425238,0.685133927236605,0.7047319139385895,0.7173934014729005,0.7265933552392703,0.7330598195670495,0.7395324811125352,0.7460413986667246,-0.5504972151267491,-0.47449967078149125,-0.4796587198336153,-0.3461234149344763,-0.02283199521051907,-0.48202768564565485,-0.4735725061985139,0.031910966770683134,0.19114799682218292,0.5079019734540953,0.12459492237364521,0.5376567647954327,-0.18381126739720066,-0.4712631740353547,-0.2567529002977448,-0.4826073579610752,-0.3920921155007984,-0.22385920940391107,-0.3412551307143138,0.19286781198754724,0.17020409772157846,0.11058183032017871,-0.033362528796897,-0.3412551307143138,-0.34817616198541546,-0.32608063066189297,-0.21354377384420195,0.08807143907138376,0.009599083693197447,,,-0.3424712674611153,-0.35307233802855137,-0.3383176863676592,-0.25998465558489214,-0.27748582374078623,0.003319025361781755,0.8471292429544843,,-0.0006424214283752518,-0.06601210039844131,-0.09090232999135889,-0.25776809147021634,-0.4322716853149133,-0.0012838261029393591,0.8471292429544843,,0.012855346016681967,0.230470378232265,0.041413955339528186,-0.26434783429842346,0.25547949075978554,0.7955178362612435,,-0.0379764656707629,-0.2059728187633113,-0.35335256027250855,-0.4400676404340928,0.14220277044082333,0.9991972725324422,,0.0654299474572141,-0.4469567158339829,0.27919929748414707,-0.3694445780295666,-0.22392491138034595,0.2842496807562837,-0.39166319056130056,-0.033744514316390486,0.13003810497383608,-0.11653394807027824,0.2433257829783886,0.9722345874893065,0.9928110363511818,-0.16417924095154604,0.5336826591520324,1.0,-0.12651598243471143,0.10718984071288815,0.8174871363996145,-0.29887492307017965,-0.29807682810289243,-0.2943000857856649,-0.3034481506225469,-0.31932317371128105,-0.33569473470041716,0.0015889495554793228,0.003518995152782296,0.03566927543178415,0.008776376476257293,-0.08151281781852493,-0.08450212027549342,-0.39402043986671054,-0.36326678051193345,-0.1620766937864736,0.06412547022058988,0.0724371898993394,0.06353729667000305,0.06288646543653124,0.062382542827812804,0.061795754320410366,-0.38415246673065145,-0.2113621404154791,-0.38058948194866454,-0.37897607299904046,-0.1904183593314319,-0.3172901004222718,-0.13128457260371085,-0.15177728753501885,-0.34118379313970026,-0.3461234149344763,-0.039588508438992275
Precipitation of Driest Quarter,-0.3966731756682982,-0.0412484587638719,-0.13741085890227814,-0.044120462791592166,-0.012092330170894198,-0.015246247116079798,-0.010146586007131196,0.02279259644173245,-0.019864577358411267,-0.0420661884231273,-0.05328844470420762,-0.05757418133575567,-0.06466677345470506,-0.07521899433887534,-0.08492675900216094,-0.09305298616261808,-0.09692350550579033,-0.3184883829055265,-0.3085985602198321,-0.31186470396331345,-0.24877097674982548,0.16080132460555346,-0.31032546291834995,-0.3045691473183683,-0.13415905271534867,-0.21848802152531446,0.42554157116350044,-0.003428025242866423,-0.0560772217077292,0.19812534290632794,-0.3458788608629702,-0.3276430050965809,0.03383252359662595,-0.23761972835848258,-0.010243889350844209,-0.24295591991960155,0.22145514557824908,0.21591208025320316,0.09421426255795197,0.13050411479104995,-0.24295591991960155,-0.2517749347104287,-0.2558011139825311,-0.14259190846984257,0.03762978719116316,-0.03166585141238534,,,-0.24976035149869624,-0.2560228267061641,-0.2610523965246634,-0.12657204577610068,-0.29748467584658556,-0.159796732899203,0.8208152254791259,,-0.5687078762678616,-0.0077463742970118685,0.01988511555957008,0.07103270562693288,-0.3969619499796479,-0.18216238797984016,0.8208152254791259,,0.3058919094547143,0.5044856784160101,0.11780409061997663,-0.18844233065612997,0.07711145266679771,0.7656746725620772,,0.33236350816736654,-0.33699663163974075,-0.075824308929286,-0.3452428132144076,-0.01483221809372711,0.9998754313710037,,0.11610760073809542,-0.5269864163866184,0.4233732430823395,-0.2748813296597773,-0.22263477314425367,0.31730824997386253,-0.4161858355522864,0.18363993014798366,0.06603637849575808,-0.05314659051009095,0.19001706973751756,0.0833826076541288,-0.17171971749236634,0.9818765958361667,-0.6511781966086468,-0.12651598243471143,1.0,0.360854639860895,-0.07706172835560382,0.22811213433444355,0.23731753688284996,0.23715205822276025,0.22993353791951898,0.1327364291139724,0.13183647283670702,0.1752662823446932,0.17636955098618332,0.14937334430376795,0.10978392967178423,-0.1743198034872893,-0.2671909928576555,0.08286415218248143,0.07035234167303979,0.4650350070929104,0.6196731174867374,0.5640446765054865,0.6202460228320281,0.6206503210785181,0.620808016631319,0.6208141582268186,-0.2671576306867909,0.30177016069281654,-0.41502933206868275,-0.41615073924060964,-0.38164112122123467,0.07625147266046323,-0.03287924880288165,-0.03533645244649853,-0.24567748020546806,-0.24877097674982548,-0.01245543167815361
Precipitation of Warmest Quarter,-0.3579429889825998,-0.03331886385341981,-0.20198439425094378,-0.06931543630894504,-0.015865166139991633,-0.019079573083878677,-0.01360539406149253,0.07082042684224016,0.05777737820675676,0.05279658141111198,0.05142800167822482,0.053759179816015495,0.05354827648930838,0.05119936178822186,0.04918550973557627,0.04850465627847222,0.04843826573926779,-0.16765228313436198,-0.24289101194359572,-0.21919623293279775,-0.23561672715544504,0.7915599027880772,-0.2224303299117002,-0.252535982551367,-0.13711068669372467,-0.21047106821886336,0.5562906214075188,-0.016501093042480194,0.022029397126902404,0.18208501494546545,-0.25692543701728604,-0.1038484428930162,-0.04085459949590003,-0.22937642622977375,0.06121327983203258,-0.23006745535738385,0.10081108231246637,0.08013342772891746,0.07025118625049605,0.7966313824811269,-0.23006745535738385,-0.24041746860481317,-0.21438504011718773,-0.19743662524168287,-0.1640130340973883,0.17089355558465374,,,-0.2374977203387881,-0.25000273884193247,-0.2418530760077295,-0.19026697805845985,-0.23298158469101607,-0.19273982851237675,0.8750943136822951,,-0.19474794615607496,-0.034272754573840984,-0.19465876677487137,-0.001943300833792365,-0.21845700578723146,-0.3609016679366712,0.8750943136822951,,0.050767317844718655,0.15643006204850354,0.2052000657589487,-0.13052027021474247,-0.1394929361991423,0.8277706331064599,,0.20559552229788877,-0.286302998613549,-0.0856742893339986,-0.23495252773939074,-0.2970451310917683,0.9951572098851255,,-0.6220067233535523,-0.3797606852108475,-0.010158252526352938,0.09384485679896182,-0.6472738976650303,-0.4069172881541862,-0.18390666950163928,-0.42949446948619696,-0.6591822501526315,-0.5984369268598536,-0.5610504345950181,0.2190416093833851,0.05857161583984479,0.3241006614491908,-0.27774097802724274,0.10718984071288815,0.360854639860895,1.0,0.0426895932867929,-0.10742528347306186,-0.10381479943304533,-0.11252494026896831,-0.10974953022322914,-0.1703661847469515,-0.16903427161965703,0.0872475883070094,0.06958866257447116,-0.04477696373711474,-0.060436809731416706,-0.20833369846150968,-0.20488757588603704,-0.1519624030720189,-0.2862880941568458,0.23087104960292648,0.10509766096852971,0.07125063047360843,0.11224036804536375,0.11983527022433248,0.12550496270533848,0.1318485906862907,-0.2531917128248843,0.0035019511977624875,-0.37683767401685087,-0.377853199182884,0.20317328526959402,0.5721033915197846,-0.408383582377234,-0.44627814950572336,-0.23953695625472035,-0.23561672715544504,0.2509813490457976
Precipitation of Coldest Quarter,-0.3346105074837022,-0.034269638955219284,-0.10375097975925927,-0.036997303898507826,-0.0021265376777322483,0.011053007183591809,-0.006142365649174554,0.45097664403452714,0.48549220858554115,0.5220274503606757,0.5494353352926424,0.5615212371884588,0.5693726903275254,0.5768161238498482,0.5799168415545444,0.585288276458222,0.5926893201204945,-0.4251340962834207,-0.35952387948891756,-0.3338318399800332,-0.23841085019471375,0.0290929412786805,-0.3528720025814278,-0.3467995301940228,-0.2574289309061452,0.08832629629335328,0.5367197927318847,0.08372580606452,0.42298356236547024,-0.15604643700477314,-0.3412484018372012,-0.16084878295046098,-0.3934258812548724,-0.4783745420993987,-0.3132308905318273,-0.23645083455491328,0.01744906255971156,0.03555695449405268,-0.046652835998230335,0.020695814559116607,-0.23645083455491328,-0.24450142388668894,-0.19661217397718375,-0.16147112779521958,-0.19369375293625157,-0.10403175361630232,,,-0.23407760160665098,-0.2468182324695564,-0.21212553632703052,-0.19880462466264714,-0.16102847731069692,-0.13890700669886963,-0.8029353471087549,,0.18671382316156065,-0.0639607397529082,-0.25438858580322593,-0.2445903784586022,-0.08245672370874256,-0.10749777257326311,-0.8029353471087549,,-0.11035299189624549,0.12506292930468643,0.06956377280932131,-0.10123017030216815,-0.2471308055825312,-0.7456474074717552,,0.015562183705784364,-0.2857647116084738,-0.22481634855357494,0.18801022524754835,-0.23572143580204025,-0.9987876125735887,,0.14081572979871557,-0.4355226920970756,0.38159158391782527,-0.40862688162854827,-0.18008825403856343,0.3834157042456042,-0.43447609948869237,0.01961030174045916,0.22578161032382607,-0.062498408275128654,0.3161247432224713,0.8230180489905979,0.789051832274573,-0.09678639002272432,0.25749300622533944,0.8174871363996145,-0.07706172835560382,0.0426895932867929,1.0,-0.17039541966773283,-0.16909198538163223,-0.16257050112033586,-0.1695964904748291,-0.20596451421490466,-0.2186241535151715,0.023109723542068368,0.025571803567590503,0.06684531474329607,0.04480921563939051,-0.09911859061422698,-0.11540415158942423,-0.23462267542283974,-0.30454285373074186,-0.03386409909155625,0.12586314204332924,0.13596861177635539,0.1251224747984206,0.12428865047819229,0.12363349932078736,0.12286118390303243,-0.24153390507674843,-0.07649112731331562,-0.34787075289739144,-0.34631473526869516,-0.3227716196239021,-0.29931288034492887,-0.043796575777138254,-0.04996862474330194,-0.23656609368746714,-0.23841085019471367,-0.03983806870136274
2015_GDP_PPP,0.22610800498353661,0.01739106941071039,-0.14661366487404556,0.003683332772458997,0.022028149340802897,0.021064022831113572,0.020612654892138024,-0.11818680019887319,-0.11682846197612523,-0.11788387506744759,-0.1261096722457777,-0.13565680271641803,-0.14610191462955088,-0.1554974184672933,-0.162934806507844,-0.16857574833756947,-0.1731849780754249,-0.015995958220313466,-0.05744284549953019,-0.04286129482087862,-0.007643724558642939,-0.1204442210313169,-0.06409814386050322,-0.04967464017631347,-0.161190054396402,-0.024653238854585546,-0.013382137904910869,-0.052976434533951636,0.05716073371055999,-0.08969207557978966,-0.008848948994790043,-0.09405394326731385,-0.11780089484657312,-0.012380791779341233,0.03306198528264314,-0.012992223123747764,-0.11859822838458167,-0.05360369395692297,-0.18984331129676116,-0.12610350123088934,-0.012992223123747764,-0.02367462045051493,-0.02411925564810666,0.10116430581621777,-0.2826623963692887,0.017550458547773727,,,-0.009583195501526363,-0.019326385080614742,-0.007963464319868468,0.11004248359386319,-0.23400341125279298,-0.24516441621528354,-0.925617920867217,,0.0013656855646273175,0.25248673169209473,0.10046471468240725,-0.24311521617988632,-0.12970950725284264,-0.32647079321202443,-0.925617920867217,,0.059457434691013764,0.15859614902659577,-0.17278367937908753,-0.23757070685428602,-0.43995500418650296,-0.8879449342399193,,0.24461578661909603,-0.3126918457696562,-0.041007436673038834,0.13343287027416306,-0.279528393775456,-0.9760909677368784,,0.16980173812315325,-0.06728311779580708,0.3861286995767789,-0.3152017542083842,-0.017484878406248967,0.2950197611940824,-0.24115341832050297,0.07639771949462949,0.20212314017331381,0.006093265683065945,0.27473256584240324,-0.2247267220654186,-0.27230334400218653,0.20927734770058437,-0.4209316738565509,-0.29887492307017965,0.22811213433444355,-0.10742528347306186,-0.17039541966773283,1.0,0.9998800015289276,0.9991804197903148,0.9967294964487473,0.9811041447167979,0.9776192753272547,0.48450250315312043,0.49202325135286307,0.5017898254649199,0.5014778567068252,0.3845894848240937,0.326916687819431,0.8330954389862222,0.6823180248064249,0.6229612384357046,0.48969983127125283,0.5080495790267385,0.4880391041041492,0.4861041554253802,0.4845409547613999,0.4826571212680069,0.14147143665723072,0.7249747224138051,0.22768860438223118,0.22610469116627832,-0.3725327211594048,-0.21260599204682246,0.006851956239122626,0.044997942039211425,-0.0035473191537223176,-0.007643724558642933,-0.10760092050442385
2010_GDP_PPP,0.22144164197083763,0.017425148782928886,-0.1485244984142465,0.0032455558552188677,0.022135664732442502,0.02123104541327779,0.020692886073191075,-0.116587388663005,-0.11558570911830544,-0.1167435195552043,-0.12503320453140485,-0.1346233562330847,-0.1451480390568456,-0.15465647753873035,-0.16218315785518145,-0.16788883982106664,-0.1725270668307831,-0.02016495760130036,-0.060736730269839063,-0.0455765330257876,-0.009982357019720218,-0.1189691930642373,-0.06729571138901995,-0.05345908199541084,-0.1643495324872358,-0.02751737981339488,-0.007612491360616384,-0.05221162533757826,0.0590862868017688,-0.08771392893931279,-0.012415941267511573,-0.09721940956482251,-0.1199571222383321,-0.016236094111025508,0.03413024771343521,-0.01528137868626171,-0.11463393631466995,-0.0501740262764764,-0.18694684873628498,-0.1248651775354617,-0.01528137868626171,-0.026006059478318456,-0.026545389173656356,0.10172639390271376,-0.2818533332330132,0.01896495990557015,,,-0.01186459380777861,-0.021632924477976934,-0.010757256788088155,0.11036646409854353,-0.23170096934911608,-0.24212521452122843,-0.9265162218946021,,-0.0037339099332678984,0.25118883258670993,0.09765116405536484,-0.24332023431858588,-0.12790293508732364,-0.3235403188062946,-0.9265162218946021,,0.06189435595349544,0.1624794753235647,-0.1712180546355889,-0.23260493169186058,-0.4395344433587921,-0.8890567270588629,,0.2468711635191709,-0.31632063461493787,-0.040982175045629704,0.13108494517033104,-0.2786410319915845,-0.9754930220637921,,0.17209206162738988,-0.07361572848446177,0.39313962752070114,-0.32043427348752224,-0.02003639866026752,0.30059324937825127,-0.2474181212983148,0.07823857310634244,0.20500738697312046,0.005594074427202911,0.2788922343228683,-0.22164801585176955,-0.27188843867292256,0.21784601048927713,-0.426611570168619,-0.29807682810289243,0.23731753688284996,-0.10381479943304533,-0.16909198538163223,0.9998800015289276,1.0,0.9994652900536012,0.9968766332470325,0.9798931224187485,0.976351499729267,0.489339003780099,0.4968705228171486,0.5065457312837536,0.5056286692697776,0.3847050243595068,0.32577787870140695,0.828733580390159,0.678003811361399,0.6279966077301025,0.49942350218980974,0.5172735807983144,0.49777514964780456,0.4958503667398495,0.49429267224855006,0.4924128665987158,0.13837781225675602,0.7243567284040093,0.22266229823645123,0.22105442764624925,-0.37813414267058726,-0.21464307871094526,0.0071773170620675515,0.04548134794472237,-0.00580819327588207,-0.009982357019720226,-0.10760267723502921
2005_GDP_PPP,0.22380114106225213,0.017203988885538566,-0.15160110497241122,0.0031231447354752254,0.022667902175138123,0.021755134991306015,0.021186116444720977,-0.11849657422170624,-0.11752132077497421,-0.11786011569139694,-0.1255301172247247,-0.1347818322524403,-0.14515996879864695,-0.1545574194013525,-0.16193811609545725,-0.16748735239222096,-0.17199605495881312,-0.02400097790707604,-0.06014138372026521,-0.04353662982867518,-0.006869262003000141,-0.126815488532808,-0.06638909180462137,-0.052277579373326354,-0.1694207446222207,-0.02604015330918141,-0.00694556423956291,-0.05009270025308542,0.06499870744450326,-0.08949753753796903,-0.010050901892354771,-0.10235125515459705,-0.12590517845386837,-0.019838070426684357,0.03289637441994014,-0.012284191730700483,-0.11004370612241,-0.04569570925092038,-0.1844839584662526,-0.13306410572974992,-0.012284191730700483,-0.02290043403003534,-0.02281845874388242,0.10805418999963438,-0.27696992982306445,0.011282838004416073,,,-0.008814139452379391,-0.018611677022037136,-0.006103130080761344,0.1187564851251829,-0.22094198426025544,-0.2437463537752416,-0.9240823706178396,,-0.007354253764584792,0.24592292581406938,0.09699451329973784,-0.237986051883161,-0.1149330164581299,-0.3204144693065436,-0.9240823706178396,,0.060534451265396576,0.16705139344230346,-0.17135443391922203,-0.23320600381495615,-0.44222440278283914,-0.8860547735881331,,0.24710637680659234,-0.31540663624562715,-0.03829857923886202,0.15957297930657782,-0.27925944677103176,-0.9770492506479235,,0.17939304328032574,-0.0775803649537065,0.40980594327122,-0.3349111158891779,-0.01952541999564274,0.31496796271662225,-0.2581196712925613,0.07871725089197584,0.2202066846028178,0.0066643751560121365,0.2922551156233878,-0.21743203902263405,-0.26707756409558514,0.2174684226076284,-0.4283440866998128,-0.2943000857856649,0.23715205822276025,-0.11252494026896831,-0.16257050112033586,0.9991804197903148,0.9994652900536012,1.0,0.9973993576614371,0.9785586413831808,0.9753862124930877,0.49511192330820447,0.5026544977143625,0.5167939714006649,0.5163804979735749,0.3892208964952347,0.3295636567182335,0.8285795384490343,0.683500432261058,0.6298167525793162,0.5124207527081129,0.5309928468501928,0.510786014460974,0.508872453611348,0.5073209593520467,0.5054471654170338,0.14401891011184154,0.7276280759764393,0.22506654557184616,0.22351323874320062,-0.39434296985531114,-0.23191935599432761,0.013905357732412653,0.052649568632548265,-0.0036247762298772046,-0.006869262003000151,-0.10772879787833164
2000_GDP_PPP,0.22279968657311097,0.01768733214402734,-0.14459748089898855,0.006284081995581759,0.024469282509106363,0.023255559824933967,0.02294222164463705,-0.1291426848327232,-0.12830098190598638,-0.1283344713853592,-0.13592144493669722,-0.14510410644251862,-0.15526127945909304,-0.16445217389389147,-0.17162679670074119,-0.17696801410756333,-0.18134977196189206,-0.014192008947348364,-0.04922026382131528,-0.0326700646380407,-0.0010745244395591173,-0.12270271424385608,-0.05481460473037853,-0.042436956552565436,-0.16905828047845825,-0.027168193638705172,-0.007981231462763385,-0.04978534754377492,0.060408030981586876,-0.0830998735787981,-0.0028813499161409817,-0.09711614416119371,-0.1173656453983088,-0.017685152216370563,0.03351527727186016,-0.006481816818677372,-0.11091949814528719,-0.046447066228580684,-0.1840716420557619,-0.1283307658305593,-0.006481816818677372,-0.017145312886283393,-0.015535717374889887,0.11349663071446185,-0.2814018379639524,0.010416934787622366,,,-0.0033282353577907832,-0.01293332559079102,0.001091362894970503,0.12614370121976004,-0.22594498520001122,-0.24129543401404022,-0.9277234558080467,,-0.0022254563702427178,0.2403135337292899,0.09471811362749633,-0.23054297498519943,-0.11451105124788159,-0.3166809476013222,-0.9277234558080467,,0.056061295923774714,0.15130704172899312,-0.1618319736848607,-0.23927885826251566,-0.43261968956917746,-0.8905597119564583,,0.23488437466332399,-0.30645273736164585,-0.04538702021265751,0.16100067814179514,-0.27490607286854934,-0.9746348251283847,,0.17555449462423595,-0.0636270719287586,0.3899251083766677,-0.3127511809980156,-0.012269750885641712,0.2979088512977551,-0.23937107147543826,0.08489713304955404,0.2086321269883571,0.01162969113462828,0.27745770954606,-0.2299444150144729,-0.276838350356882,0.2126266705132086,-0.4257360083818906,-0.3034481506225469,0.22993353791951898,-0.10974953022322914,-0.1695964904748291,0.9967294964487473,0.9968766332470325,0.9973993576614371,1.0,0.9810346506122123,0.9810916345962856,0.47082337548735737,0.4780999933317768,0.4924241550265405,0.49990804292623575,0.37910797877676783,0.32425905653134945,0.8295787795993815,0.672236603786976,0.6312171561923644,0.4858692716774165,0.5054868249533235,0.4842706861451233,0.48240585933074237,0.4808981331664989,0.47908394598291054,0.15096834859308,0.7254755067074709,0.22231326149377753,0.2207362859896185,-0.37440273611977504,-0.20932064575488976,-0.0063729471397005145,0.0342101065264289,0.002297074655401125,-0.001074524439559101,-0.10352460387100479
1995_GDP_PPP,0.2917421986808984,0.02606073328657821,-0.08954401833947731,0.021011602392175116,0.025769627059118377,0.02812800067812312,0.02300748481899818,-0.13012194897009344,-0.12264503723543313,-0.12166973834919277,-0.13070311158181053,-0.14078705528555835,-0.15096855101199053,-0.1594372982901247,-0.1658413456981756,-0.17087984432205455,-0.1758496315650168,0.053084055427395443,0.0076518782998936195,0.00930448680270176,0.03272188609467875,-0.16810933040037154,-0.005231301717797348,0.004910357493597922,-0.12141926476245558,-0.007173583740745435,-0.09529646383925476,-0.06415463068801902,0.035139403738792006,-0.08358856426658007,0.046191619687397774,-0.026194002834335678,-0.09111106539898602,0.058547578433750316,0.07395185318835205,0.02713453439491196,-0.17027753605537094,-0.10223967366958668,-0.21453920275423788,-0.1696450280877513,0.02713453439491196,0.01773695590406314,0.015266005723844539,0.13878334052037875,-0.2167617963694884,0.006743905843712646,,,0.031566257778987285,0.02369864128758426,0.03174664029864364,0.14256571511133925,-0.20866457060469606,-0.22443360910720941,-0.9648203914307466,,0.08005602460070377,0.29170389841430666,0.14179058001827263,-0.23911217510521063,-0.14556117137921395,-0.2923476265394287,-0.9648203914307466,,0.0437098170696852,0.08176880605704792,-0.18349319378840664,-0.2210604069673704,-0.34822689741142426,-0.9386949127540852,,0.21922524633413706,-0.24548559784637497,-0.07203839973627499,0.05623657366375773,-0.22446108290810995,-0.9362120938035553,,0.1829144815332975,0.07786753849911651,0.2758276728394889,-0.2109990046384607,0.08197049695010891,0.22116637506312395,-0.10763716218169535,0.10149280554926576,0.199257751339671,0.07428785862917311,0.24065475500525718,-0.27593212869448713,-0.28819371214792927,0.122506710162497,-0.31214576272139316,-0.31932317371128105,0.1327364291139724,-0.1703661847469515,-0.20596451421490466,0.9811041447167979,0.9798931224187485,0.9785586413831808,0.9810346506122123,1.0,0.9977667700343047,0.4854364062243386,0.49299192464903874,0.5053340811317312,0.52146847265192,0.48516099742752583,0.4439378793826968,0.8093189796477716,0.6471256529539309,0.5455716970203635,0.4046206544623559,0.431288165445813,0.40283700294160435,0.40080086700615053,0.39918308860004675,0.3972655389049203,0.17064512483428965,0.6676101572837314,0.29386659903451,0.29283612694222666,-0.2605557414217057,-0.22584499709527045,0.0095825483652188,0.051915662750420345,0.03614032154262861,0.032721886094678736,-0.10677686192200633
1990_GDP_PPP,0.28785924452582434,0.023936328917931293,-0.0787676995250522,0.023192244734578305,0.025314649876647975,0.026954170982819128,0.022816162022226288,-0.14503938240297537,-0.13846123695810303,-0.13815480084740606,-0.1476783491002251,-0.15798579837555582,-0.1683494714020163,-0.17683594260230318,-0.18322032039238176,-0.1882318781771171,-0.19315953714894188,0.0706571214232552,0.024784928846959067,0.025200529617708644,0.042373595533304616,-0.17315680045952173,0.012528754315665563,0.022559856460386694,-0.11823572768939913,-0.014838348150698028,-0.11032758053110141,-0.06903013526848424,0.017813181605600782,-0.07130040557071923,0.05800769816641919,-0.015366857949439336,-0.07064976941861419,0.0676291872029043,0.0781666426188092,0.03677187212875117,-0.1727679199998923,-0.10714085299113377,-0.21159520723014938,-0.1737647968403031,0.03677187212875117,0.027297908789178094,0.02611440403776231,0.14681187103547505,-0.2141564381247738,-0.00818117664653472,,,0.04064216438888714,0.03283171702479091,0.04311657924387205,0.15362982976532502,-0.21892819128180843,-0.22452883587241418,-0.9653670779981623,,0.08099548560617546,0.27981590042099647,0.14249670975261353,-0.22415584947539138,-0.15491160855630579,-0.2822967057340894,-0.9653670779981623,,0.03606523552705917,0.07539281159893163,-0.17750508512491883,-0.2372239287891275,-0.3127314080794092,-0.9394857060726903,,0.20975497508636742,-0.23293145581740055,-0.07588359473037083,0.061920194223752285,-0.21000176608148155,-0.9351426069587035,,0.18846068391632853,0.09465406887154235,0.25371669965354404,-0.18360888401422953,0.10009625591274465,0.20854726171473004,-0.0839526529702813,0.12037775957491098,0.19603176611864115,0.09112380839151343,0.2308574251928883,-0.29378399930240606,-0.30673957763793674,0.11941107926992653,-0.3120366629542103,-0.33569473470041716,0.13183647283670702,-0.16903427161965703,-0.2186241535151715,0.9776192753272547,0.976351499729267,0.9753862124930877,0.9810916345962856,0.9977667700343047,1.0,0.44654315758672347,0.4541160206395985,0.4680517688086264,0.48913709692289253,0.45758835680677673,0.4215366438799106,0.8136200821525874,0.6492307772971813,0.5644273628026413,0.38400077108445446,0.4091836141133301,0.38213911470346146,0.38002755936812743,0.37835890046555126,0.3763923780635939,0.18311330952591975,0.6786588898459649,0.2894116166205825,0.2882427830473363,-0.2408111014343367,-0.20202150802117017,-0.001493971765558994,0.03977376066010909,0.045384669186176875,0.042373595533304595,-0.10862204520801082
2010_GDP_PC_PPP,0.13270411747920138,0.0540844594338132,-0.19989010155542916,-0.00856931373464671,0.026552424116191933,0.04069073091365797,0.01999121130977987,0.04012034731492838,0.04721902537212333,0.06766128355522863,0.07471589514985076,0.07666205604546263,0.07629068529422695,0.07454005333262129,0.07363557679729857,0.07291301732209413,0.07146703238932853,-0.16266401901908065,-0.16485154875065022,-0.11055114022153453,-0.07804233320577628,0.18589610154063052,-0.16637303653217558,-0.22101872351836324,-0.251722634371666,-0.10226381536262293,0.27341547335092337,0.026409155307718382,0.27716563989221515,0.012688905462888322,-0.09408570143738278,-0.18606238529315053,-0.356736202813283,-0.14140746346662844,0.22576227692403586,-0.07943079486340343,0.012050016861101976,0.06050729443110209,-0.08338383050062986,0.17201382266650989,-0.07943079486340343,-0.08308946687536606,-0.08819997404761072,0.05245589515801174,-0.1627099973147483,0.09394209346628798,,,-0.07141516295564558,-0.08098090882432545,-0.09207937695689614,0.030877124830880755,-0.04130203887098436,-0.12597372721530228,-0.7919523314363155,,-0.08878067310196627,0.1924218781506088,0.02054577298433377,-0.2539718889071612,-0.03167193840119302,-0.2255561826053804,-0.7919523314363155,,0.11909934487352568,0.21765588218974627,-0.07364199923913094,0.03205410933961271,-0.41672074589810637,-0.8326600724957961,,0.272296133148435,-0.2983891786362166,-0.09782636314560099,-0.0522673493303077,-0.23767307847873478,-0.3843928368427109,,-0.11274394730207521,-0.13362767166973427,0.5210469701201681,-0.4460620598911846,-0.2888315753973685,0.19228358838350237,-0.3706172758320613,-0.30870944568796554,0.09413904230259977,-0.2984408651628125,0.14242884280285478,0.06853782014154357,0.0441470652873009,0.1946134633016223,-0.23794803406735857,0.0015889495554793228,0.1752662823446932,0.0872475883070094,0.023109723542068368,0.48450250315312043,0.489339003780099,0.49511192330820447,0.47082337548735737,0.4854364062243386,0.44654315758672347,1.0,0.9986985176802902,0.9807976968471884,0.9641112686172969,0.8149388977483336,0.7449961072689818,0.2611368819438219,0.2539422808503497,0.1318714425793157,0.7313567683054353,0.7727212933488304,0.7337573435985645,0.7360878097919874,0.7376721964528975,0.7392798948231162,-0.023476007272834665,0.2501067915674836,0.12950330426054976,0.12790232965745094,-0.36257101541045117,-0.4528858597058507,-0.0038191194007039303,0.039953800871477825,-0.07035429984830305,-0.07804233320577633,0.07025461217251094
2015_GDP_PC_PPP,0.13713628424397323,0.05484335230964386,-0.19989012749861196,-0.008569325397505543,0.026887503362190833,0.04112016327558255,0.020270166052531152,0.04261280329988732,0.04966805048181624,0.07004166648601919,0.07706423492366679,0.07901868609639501,0.07868706746380602,0.07698971767189515,0.07608826798299169,0.07531160609435708,0.07379532303740531,-0.1618205029052522,-0.1642687770310844,-0.11137854303172116,-0.07539272462410794,0.16288236732935615,-0.16698398824134558,-0.2199064833546702,-0.24870290383341717,-0.09335258579965608,0.2646621028755161,0.027348066667609177,0.2843214401218186,-0.0024931712605333715,-0.09026361201570035,-0.18312860975136436,-0.36583212316611735,-0.13770566174012566,0.2218821758600294,-0.07680718186059257,0.015787808319469902,0.062238156231702736,-0.07760662371088854,0.15006595341819684,-0.07680718186059257,-0.07997783822917492,-0.08486362782318362,0.05824329631211946,-0.1627634987861575,0.09394208713116318,,,-0.06858792758115348,-0.07814775677140907,-0.08877504356842905,0.034994718866581266,-0.04139643015793617,-0.125973729729213,-0.7919527808019802,,-0.08624136886835988,0.1872971111219052,0.019584279345697456,-0.2662132746733265,-0.03177198625224192,-0.22555618158767307,-0.7919527808019802,,0.11956256006159806,0.2208503245705659,-0.09283055072038623,0.03201221357408878,-0.4167207590781351,-0.8326604613315957,,0.257998756974261,-0.2980335452341585,-0.0878007581702994,-0.052417033655438205,-0.23767308743356258,-0.38439357174183764,,-0.08495068009616157,-0.13321501501938027,0.5287547888667504,-0.45655658003116095,-0.26968294505847384,0.2159480012529851,-0.3741501184971256,-0.2862845805197295,0.12037156906465561,-0.2763310258126282,0.1694054370288286,0.07021317042108903,0.04646355139850173,0.19469210896165465,-0.2355162723076306,0.003518995152782296,0.17636955098618332,0.06958866257447116,0.025571803567590503,0.49202325135286307,0.4968705228171486,0.5026544977143625,0.4780999933317768,0.49299192464903874,0.4541160206395985,0.9986985176802902,1.0,0.9804650156100959,0.9612014813188808,0.813238726767598,0.7426690654071052,0.26638211620095853,0.26368129325706885,0.1371463259968617,0.7372226580453103,0.7791521208180497,0.7387800789329354,0.7401948624745065,0.7410807123016038,0.7418685344343313,-0.019548805774567052,0.25714532578078875,0.13471568536952494,0.13323824066628973,-0.3760372019944605,-0.47154434110557997,0.008693604702578071,0.05333810519199048,-0.06701199206568927,-0.07539272462410794,0.022847975733725934
2005_GDP_PC_PPP,0.1530888687553844,0.05383583037961257,-0.19620159968612064,-0.007315545895862601,0.028059874685932556,0.04191329610593489,0.021471257097260454,0.048026834671745074,0.05745072609091887,0.08140767936991274,0.09112041116179247,0.09431718203602704,0.09454166416292119,0.09332384285890312,0.09291986872131888,0.0927174996733978,0.0917595227871613,-0.1830726451439947,-0.1594235465226383,-0.10591610155449487,-0.05921005660541987,0.04644734252393347,-0.1625804104098177,-0.20819065870883166,-0.2452374284377519,-0.06592419497608325,0.22350435057873314,0.04117910140604627,0.30148403211222197,-0.01505739886485735,-0.08427773923041128,-0.19719759639178291,-0.37436213884147973,-0.14517066121549682,0.1915470977119637,-0.06148908035564225,0.021846041745961595,0.07221732950760691,-0.07983998159699474,0.03136102100891827,-0.06148908035564225,-0.06416918609340677,-0.06853222693052799,0.0864981954628049,-0.13761787477077997,0.08019486019766604,,,-0.05260351861623238,-0.06130287216818991,-0.0642259980824362,0.07073277013934878,-0.002052304869676253,-0.13432477903624016,-0.9604589150283912,,-0.08357231728003454,0.1855084839905733,0.04977597729585385,-0.24539361074212632,0.013009120046630273,-0.2269313450321622,-0.9604589150283912,,0.11561167598643189,0.23622271455318833,-0.10047894740611539,0.027033163724587268,-0.42102784633260304,-0.9672413140658229,,0.2621623053145608,-0.27697821647672927,-0.09771089740350929,0.05071165599074543,-0.2401214375743725,-0.729351859574887,,0.009713139748276743,-0.13030145008311306,0.5868047752751142,-0.5181362716132099,-0.20760679062298604,0.3136596503392148,-0.40180816460631974,-0.226622246391011,0.23653872162789732,-0.2092242193423601,0.2771911352660437,0.09436442682629859,0.08518459565412269,0.16961007702323327,-0.2024406196032805,0.03566927543178415,0.14937334430376795,-0.04477696373711474,0.06684531474329607,0.5017898254649199,0.5065457312837536,0.5167939714006649,0.4924241550265405,0.5053340811317312,0.4680517688086264,0.9807976968471884,0.9804650156100959,1.0,0.9872260839861906,0.8273048410580078,0.7526379370005442,0.2838359243554388,0.30553226215050494,0.12817220394735823,0.7608055875838803,0.8061950218142581,0.7627948436403252,0.7646865548342358,0.7659436160284185,0.7672019716324987,0.007477312891433022,0.2734273984949683,0.15134923866613928,0.150475718516847,-0.4520509785376263,-0.575303520335241,0.06575504133630783,0.11263098157489324,-0.053558781418236785,-0.059210056605419864,0.05289695849608671
2000_GDP_PC_PPP,0.17258962311728981,0.05542819707986904,-0.1578773772647679,0.00534078234849192,0.032106787146486605,0.04594591182317027,0.02520645416042504,0.016261149994215608,0.026246465977139387,0.05178151703483756,0.06191630332371918,0.0657084482218394,0.06652150691175349,0.06622325532884449,0.06688880056695853,0.06731770645813502,0.06685456698171942,-0.13957262677084586,-0.11389183232027321,-0.06461135566229544,-0.03145322233893632,0.06193672525655602,-0.11714487743430929,-0.16803948397960833,-0.23451944429644697,-0.0780423997225325,0.20603827683304096,0.03551804228010708,0.27630678457530905,0.022027658939283636,-0.05322480487976543,-0.17392770304578153,-0.34081088011281074,-0.12117124678785181,0.21680735468335757,-0.033682727990412886,0.004328786845959593,0.05622291718879545,-0.08911152694389639,0.04789359819591618,-0.033682727990412886,-0.03584353059271667,-0.04116449454846698,0.11115298576023273,-0.11187932205115887,0.08546598500516395,,,-0.025214975843804742,-0.03387399405933619,-0.03600478545419314,0.09569898778926114,0.002145582940013261,-0.13368214398848613,-0.7989916646036492,,-0.05254499447623575,0.18222655705244137,0.0631840725921443,-0.22376750635981216,0.0008617365685268078,-0.2296420618451026,-0.7989916646036492,,0.09432916501418852,0.19089882946844408,-0.08110898810214665,0.025153853018559266,-0.41220221956294395,-0.8399213346384492,,0.23723074097753458,-0.2243182877206662,-0.12806282689489284,0.0338277893965416,-0.23580638204991522,-0.38867410953275,,-0.01439747205013305,-0.056716979981212175,0.5349462381427863,-0.45199212673452804,-0.17614867169000667,0.2544115787048485,-0.3318774760391616,-0.2405228525820824,0.22084526150942183,-0.1977775408031041,0.22901307714676833,0.05251833299090948,0.05965439844155401,0.1409228783525051,-0.16642106077743005,0.008776376476257293,0.10978392967178423,-0.060436809731416706,0.04480921563939051,0.5014778567068252,0.5056286692697776,0.5163804979735749,0.49990804292623575,0.52146847265192,0.48913709692289253,0.9641112686172969,0.9612014813188808,0.9872260839861906,1.0,0.8675137746182497,0.8051707607896769,0.2959544730464735,0.3004862397394075,0.097518712756061,0.710818935922573,0.7613102331203057,0.7135508683162722,0.7162684528178777,0.7181693003588449,0.7202051354863238,0.03196141347613535,0.2715090354518231,0.16809294023197216,0.16763862192478232,-0.39442337377279646,-0.5695459349418925,0.03861917097075081,0.08976767334555849,-0.026013353276598362,-0.03145322233893636,0.10185736538594065
1995_GDP_PC_PPP,0.31826071626822616,0.06645056916151998,0.02436688905195528,0.04328581687333413,0.03088170777169102,0.05109244790983911,0.022055329241637046,-0.0033913311545302922,0.017618612407916335,0.03621576318511706,0.03741141459122448,0.03694006355173631,0.03755234878225919,0.03911334318523298,0.04184658504143601,0.04267322027532698,0.04011273799477585,0.09048964982631322,0.08205392471753102,0.08869985581334146,0.07106945820320201,-0.07199781433896894,0.06398772075071751,0.006351448403925713,-0.08699609599868216,-0.051352617182474476,-0.09424743129940695,-0.02416241413429324,0.13337012313299235,0.06252220904194504,0.098722152160816,0.08132367084592738,-0.18347533702830227,0.10462467197947958,0.32271549948924,0.06882495423649827,-0.15543350423971009,-0.11446856688991071,-0.1345809329841239,-0.07038529652242588,0.06882495423649827,0.07192144487996034,0.04544230260865659,0.13070688341041303,0.0017670334073415267,0.08942110285475516,,,0.07916735494081095,0.07540447862062863,0.051225801637776236,0.10101116809035683,0.006342742177747871,-0.11975471191748745,0.4963535398931199,,0.18570285602724818,0.2503171057032804,0.16330076871952612,-0.18895177945488223,-0.06748820570644704,-0.21414653473707781,0.4963535398931199,,0.030982835884306267,-0.029555432935597113,-0.11159829920425834,0.045610204289861,-0.31073399746845676,0.41683044741611114,,0.11200181875366422,0.015186562738834628,-0.20008887551714663,-0.14011031238801658,-0.16916544044170778,0.8900019275285781,,0.027414802836088794,0.3787546049923996,0.09497133378726276,-0.04695093262344948,0.15530223948459768,-0.013323013170077402,0.12976296546408314,-0.11893290711080594,0.17484468089187785,0.0499453451355476,0.07998573948761242,-0.12949547987791712,-0.03189882444550854,-0.12976909578118453,0.16421584077942286,-0.08151281781852493,-0.1743198034872893,-0.20833369846150968,-0.09911859061422698,0.3845894848240937,0.3847050243595068,0.3892208964952347,0.37910797877676783,0.48516099742752583,0.45758835680677673,0.8149388977483336,0.813238726767598,0.8273048410580078,0.8675137746182497,1.0,0.9890262664024928,0.2031678330940182,0.20748801248013443,-0.12968924607389093,0.3480605136121162,0.4076684819229226,0.349694486432003,0.3513602097295088,0.3525572081104592,0.35390073561871177,0.08703845988483488,0.08668017474283037,0.3191966805865481,0.3270987471931084,0.01585821821723468,-0.49398128404861585,0.07081289375402938,0.11956133477920165,0.07469292884363123,0.07106945820320204,0.07949120875224207
1990_GDP_PC_PPP,0.3363617695648248,0.06638333530421518,0.06769389608073681,0.051095152842064374,0.028875182700577418,0.049333036171602195,0.020127195331555624,-0.021595059727956688,0.002491301639717248,0.02248531068460762,0.024506017579876027,0.02485803463213522,0.026428260713119968,0.02947177886320884,0.03352335826867883,0.035264703760477335,0.033136826360497244,0.15416816586555077,0.1375123170193199,0.1373761227856202,0.10287296202937708,-0.0546960165819727,0.11867192070117724,0.05786074333209134,-0.05548479514107383,-0.047965928945129396,-0.14655548085371387,-0.03329912578952773,0.10573793380909982,0.07776206772656259,0.14585568088044246,0.13397186854390744,-0.14916099740476768,0.15153022415920522,0.34805708425750825,0.10088386670132078,-0.17852608622563815,-0.144031441707803,-0.13237111434893994,-0.048710219055701116,0.10088386670132078,0.10499241373409246,0.07806179511059996,0.14157270064707353,0.01863559788040223,0.0869906979948864,,,0.11048925244036731,0.10733711370546299,0.08249846717591011,0.11149495427321088,0.0014565591179816824,-0.11622124481265439,0.5283418370039294,,0.23557521088404437,0.2354178917630646,0.1666748797040901,-0.1773816428034973,-0.08579589052623081,-0.20790542637724496,0.5283418370039294,,-0.008203728447703505,-0.08560552958177226,-0.10419003403692337,0.042466304975598335,-0.2842110267225237,0.45025769997791454,,0.07326250343905558,0.07105650062051631,-0.2130102569529656,-0.1793787129563342,-0.15525434170085148,0.9067968760158946,,-0.014200195302905,0.4705364778266177,-0.014305721528979232,0.05921589429100986,0.19228158403459536,-0.11210832866660307,0.23445691253320267,-0.13343547333971198,0.12243471371254866,0.062389749940553255,-0.0008498511668055947,-0.1575738514798947,-0.035619986079304056,-0.2218426316960653,0.25114084235631357,-0.08450212027549342,-0.2671909928576555,-0.20488757588603704,-0.11540415158942423,0.326916687819431,0.32577787870140695,0.3295636567182335,0.32425905653134945,0.4439378793826968,0.4215366438799106,0.7449961072689818,0.7426690654071052,0.7526379370005442,0.8051707607896769,0.9890262664024928,1.0,0.1714516264162915,0.16991448263673234,-0.1815207622244275,0.2378154260389873,0.30012164632631866,0.23950773337320022,0.24126875249897978,0.24255985929498197,0.24402950158856615,0.11262365213358044,0.03944482421276421,0.33856838463230254,0.34749976872002125,0.129323918437535,-0.444907167476665,0.04195975423742192,0.08630193270199643,0.10519048139778397,0.10287296202937708,0.08635279184073436
Night Light,0.33478296930529866,0.0053396637665722,-0.11914294857470772,0.013432461302555182,0.023725829767720127,0.010566099306426631,0.026047462081974292,-0.21269987799971177,-0.21076914459146937,-0.20976145319880216,-0.21766107579358684,-0.22669449477800643,-0.23367976610335137,-0.24070742093234238,-0.24562549231298164,-0.24941355370805143,-0.25299931451375063,0.05987164503479243,0.033787177908692345,0.05588855106060074,0.043458273701533205,-0.10521801483650774,0.035692486429224256,0.05634683895411481,-0.15606677409781372,-0.07788694020587254,-0.14387705847979534,-0.09221475954964123,-0.0808832019456159,-0.041757189464815006,0.055878814393896865,-0.13047552720469224,0.023701678430760736,0.04838549260029901,0.04079192280160085,0.03722090939723785,-0.20456878308655643,-0.10409711872960903,-0.309658307860139,-0.11383871080378404,0.03722090939723785,0.02045169430393781,0.003938995269734153,0.031727447538637855,-0.324940795804511,0.16569249236205008,,,0.03480809058628389,0.02448838794538632,0.03145515478464695,0.06946823173347655,-0.19233884985663213,0.06925982844359566,-0.8794183616265706,,0.01729507770979742,0.2292720557367177,0.10034478970766904,-0.10763655747256355,0.07647069662483476,-0.025691541961325136,-0.8794183616265706,,-0.013228263681725137,0.08197930857499887,-0.052451867858430666,-0.3090296383847446,-0.2514073928174821,-0.832960049069479,,0.2681181814845401,-0.22562809478735746,-0.03316910960650191,0.3983240643253035,0.22343627192547164,-0.9932818428618374,,0.056074037103382435,-0.025024900649614414,0.2996521525732223,-0.25697879236546006,-0.0664065395015041,0.1834476066958695,-0.19267732459484221,-0.02339736074078173,0.0954886250512234,-0.08021249953994303,0.15121815476539294,-0.34828390184956715,-0.35823343626868104,0.07950567127320445,-0.449481173826126,-0.39402043986671054,0.08286415218248143,-0.1519624030720189,-0.23462267542283974,0.8330954389862222,0.828733580390159,0.8285795384490343,0.8295787795993815,0.8093189796477716,0.8136200821525874,0.2611368819438219,0.26638211620095853,0.2838359243554388,0.2959544730464735,0.2031678330940182,0.1714516264162915,1.0,0.7946527392865813,0.5901915369818009,0.2628720804048417,0.28450132170454406,0.2614979455643974,0.2599448703243509,0.25872102283565357,0.25728037698631,0.23958443051830094,0.7927036611304777,0.34568743565576676,0.34649702004570476,-0.34268507272062126,-0.08721511841228705,-0.02098208706447393,0.019825933859270835,0.050469078674985964,0.043458273701533184,-0.07777554002446993
Road Density,0.40390816844099525,0.035592294546563465,-0.10219343776478906,0.0060618282875272095,0.01575266529211812,0.009252293080451406,0.016584287224409976,-0.24706387762013904,-0.24651319037484712,-0.24375161907583157,-0.24752394406985437,-0.2537968539685092,-0.2597079273491254,-0.2651887678213701,-0.2682645417583043,-0.2702574139316992,-0.2720045026467068,0.10465619628592733,0.0764825146475709,0.09588557614245218,0.1177998333811708,-0.2563379133991996,0.07593342699963762,0.11580968143888726,-0.08921692960459413,0.009717069884973572,-0.2566978107497221,0.002393216639091631,-0.061735377244792576,-0.10532305965988688,0.13502754120133142,-0.09743924320549378,0.02503720132987056,0.0817286751479252,-0.014543951487579603,0.11257733047719418,0.0006817392437019028,0.04184465157104768,-0.06769865082890432,-0.26199614789691605,0.11257733047719418,0.11127546467842113,0.08269821897288639,0.12948973633486952,-0.20543442219146854,-0.02047783835651228,,,0.11447773853950292,0.10605619131266437,0.11807722163282391,0.13973513842074559,-0.07464789807496065,-0.3206148088347392,-0.8748742173539752,,-0.09308056653172506,0.032912452429863175,0.15937386264818446,-0.21575682671469923,0.09434174180753101,-0.3978351635299324,-0.8748742173539752,,-0.04757613963669948,0.26716413855006,-0.3093629938002691,-0.29555406899158587,-0.6161235832985873,-0.8276974460577783,,0.1347336601315943,-0.18196824306990894,0.03448671144952777,0.6023997994010096,-0.41165866324973294,-0.9940726509301112,,0.15331363595536007,0.038533932888620635,0.3083018702313485,-0.2804407855810626,0.05792009571491821,0.2571849747566575,-0.15393987190486894,0.006802357422351217,0.2395785702644741,0.028548016584846986,0.2548129677494025,-0.3320152085595072,-0.31905437326582503,0.08011412423202648,-0.3201758123784071,-0.36326678051193345,0.07035234167303979,-0.2862880941568458,-0.30454285373074186,0.6823180248064249,0.678003811361399,0.683500432261058,0.672236603786976,0.6471256529539309,0.6492307772971813,0.2539422808503497,0.26368129325706885,0.30553226215050494,0.3004862397394075,0.20748801248013443,0.16991448263673234,0.7946527392865813,1.0,0.3856403592685186,0.3136420258531783,0.33256954804888145,0.31071091097943176,0.30746976896872985,0.3049619727245782,0.3020442830068803,0.280745635809724,0.7413865776671399,0.42042727923003664,0.4198817476744201,-0.383145710493077,-0.26877303843922895,0.1413572246345526,0.16008995023501446,0.12155958197744264,0.11779983338117077,-0.14805720217421575
Urban percentage,-0.09879420981847462,-0.034504493272069475,-0.20672822411119332,-0.030288027108376185,0.0029923914071276355,-0.008009926786973754,0.006249698855275377,-0.02570810444759244,-0.029927106479308786,-0.03928762589373663,-0.05047438440456,-0.0629621992873654,-0.07435453088690355,-0.08522415128956051,-0.09372982919696414,-0.09935812375752949,-0.10200650474667798,-0.1561731879727635,-0.22713063230722974,-0.20222996343757654,-0.17859828324201096,0.036293453479151604,-0.2173529650985471,-0.2035579019439879,-0.20625075066247114,-0.17323437300383465,0.17066235257589027,-0.08065735722621577,-0.020593986129097457,0.019898300578529964,-0.22102410949307055,-0.19312019695025695,-0.048232216632857663,-0.14290200654473442,0.010117989225897593,-0.18112976046175805,-0.04889598888173063,0.0037432071067542774,-0.15545481048590856,0.026654263666440102,-0.18112976046175805,-0.20302655278183357,-0.21289453249428053,-0.11743217602603792,-0.3241110909887533,-0.07077877965958496,,,-0.18582413911342457,-0.20225792007462648,-0.2098457083338625,-0.06499088198758077,-0.29187251857851426,-0.1993592047247204,-0.8849376718347596,,-0.16412774900476398,0.14319705303750696,-0.0815592951820259,-0.10815452331769108,-0.09013218511358338,-0.20769940937294953,-0.8849376718347596,,0.06551981321868315,0.2623430014529875,0.10760403459551147,-0.3108852781768233,-0.11499623056845594,-0.8392007164487766,,0.34460830818683713,-0.47037656118447685,-0.16810827092900751,0.18514477523225872,-0.11193401965113309,-0.9932562489722753,,0.11165367833182498,-0.37764850936895555,0.4049420977540795,-0.31071762883303117,-0.20261124755962362,0.29925139129181283,-0.38684435254155064,0.14971905837583588,0.04785427508503171,-0.08834355752526088,0.20338439281658277,-0.016655340864243497,-0.16904315989381605,0.3709932209740741,-0.5219050199592963,-0.1620766937864736,0.4650350070929104,0.23087104960292648,-0.03386409909155625,0.6229612384357046,0.6279966077301025,0.6298167525793162,0.6312171561923644,0.5455716970203635,0.5644273628026413,0.1318714425793157,0.1371463259968617,0.12817220394735823,0.097518712756061,-0.12968924607389093,-0.1815207622244275,0.5901915369818009,0.3856403592685186,1.0,0.46554236567461704,0.44090883957147253,0.4643135375239588,0.46285097081578586,0.461650141471999,0.46018750465316377,-0.020602678816316347,0.7444393711929783,-0.10459275095087588,-0.10422780506824586,-0.3621538211690237,0.12110999443224153,-0.12663356102109882,-0.11782418432014463,-0.18038395016702238,-0.17859828324201096,-0.09779874463256549
2010_HDI,-0.14350709958698848,0.010399834561006047,-0.24420328958678825,-0.03940144469702909,0.0105617687071134,0.013175431711217813,0.0089070608180216,0.07481852318609665,0.059558387009408346,0.0706377642490434,0.07785701557015873,0.08023045614122774,0.07690502602456635,0.0705180955865273,0.06517456536336548,0.061431820079896095,0.06070145443032104,-0.3681263197957005,-0.30411206838982396,-0.24991234074261542,-0.1682874315746634,0.04087145319636588,-0.30053821042461615,-0.32310602913724673,-0.2822885045772467,-0.1522597876658961,0.41941189873351364,0.06682165508749312,0.25404290701506127,0.051316297879183695,-0.2577604125288647,-0.38338048550780457,-0.3077156386804328,-0.29581339789698774,0.07868527304385936,-0.16767053434231866,0.20454478025159314,0.23246477494517898,0.03463035903950197,0.01362952467551538,-0.16767053434231866,-0.17409889490113697,-0.16572764692633898,0.11577395325033138,-0.22139524304983876,0.07837838610852466,,,-0.1662387830799771,-0.17524329655850393,-0.16221952086404057,0.11168705304441388,-0.02596510057737866,-0.1288299943921106,-0.971071959924404,,-0.4100336180891816,0.055451283263845456,0.023035703740687457,-0.26788699104914415,0.06267226802728086,-0.21876967641318623,-0.971071959924404,,0.23471169147627544,0.5170434722083905,-0.12512403449175968,-0.006864033460614978,-0.44390022166033555,-0.9505199802496417,,0.32935542043576116,-0.4132424299944881,-0.040392026354202165,0.2179041165362922,-0.253855407515963,-0.9067901472183253,,0.15669682350470407,-0.5074489938156979,0.8132012685834595,-0.6874544663036223,-0.29511029323103205,0.5720031296181399,-0.6685221980487003,-0.02971828930456361,0.3363463035901886,-0.1750727125274975,0.4515219956702429,0.23140143421282566,0.07812007548237511,0.5889493498257512,-0.4979133976722986,0.06412547022058988,0.6196731174867374,0.10509766096852971,0.12586314204332924,0.48969983127125283,0.49942350218980974,0.5124207527081129,0.4858692716774165,0.4046206544623559,0.38400077108445446,0.7313567683054353,0.7372226580453103,0.7608055875838803,0.710818935922573,0.3480605136121162,0.2378154260389873,0.2628720804048417,0.3136420258531783,0.46554236567461704,1.0,0.9958817233431408,0.9998530275304878,0.9993652273540562,0.9987680592286748,0.9978320050368515,-0.09604560247793305,0.4356666486085168,-0.15270613536254443,-0.15395730958380335,-0.7049283780987412,-0.4759590977226266,0.06651805810028007,0.08941040313066015,-0.1630252069024718,-0.1682874315746634,-0.06906639621434689
2015_HDI,-0.10649885569685343,0.016462701156569046,-0.24945478226702134,-0.036643935926038006,0.013974637771051191,0.017708689333666348,0.011697715053639752,0.07025666776337997,0.05833236983655722,0.07303796550772276,0.08206753293835371,0.08527511688168268,0.08274669443026356,0.07727023785887642,0.07273947434030012,0.06967310328285684,0.06924429715178654,-0.3553586260516831,-0.29173041144921663,-0.2350322236868249,-0.15242658240717216,0.028821908063138973,-0.2887378872187975,-0.31282623082110794,-0.28623893279527235,-0.13268443582921108,0.40382558723565853,0.07034404724452804,0.2800696173537955,0.027349566638056537,-0.23556314700489933,-0.3760392148856547,-0.337258724440933,-0.287411920283124,0.08387371302717331,-0.15229919875668183,0.19298348492962827,0.22456702274972482,0.02403243596815401,0.0027023738733358183,-0.15229919875668183,-0.15821496947758776,-0.14897553159039037,0.12161680741708834,-0.21891313072191337,0.0783783882753411,,,-0.14997041748988876,-0.15932138978966956,-0.14475988764156647,0.11752882154253831,-0.016126394791326135,-0.12882999856045832,-0.9710719631351313,,-0.3769847057841573,0.06283061302623075,0.01905298698720121,-0.27139929485766223,0.07263215644625949,-0.21876968320468226,-0.9710719631351313,,0.21782590450227682,0.49268666399503835,-0.13303972153446317,-0.004544414083812744,-0.44390021982381256,-0.9505199899208941,,0.3173925148479352,-0.408383038146041,-0.03562245716807868,0.22299547241128165,-0.2538554103305325,-0.9067901098730483,,0.15674589341580258,-0.48245190141856076,0.8243292289852353,-0.7050469189112613,-0.28979095881695943,0.5772163424195298,-0.6684534806975632,-0.04946601444240826,0.3516692081606324,-0.18008800068059042,0.4628544638288365,0.22842884906043578,0.09312262152028479,0.5390526545526168,-0.47263489268795933,0.0724371898993394,0.5640446765054865,0.07125063047360843,0.13596861177635539,0.5080495790267385,0.5172735807983144,0.5309928468501928,0.5054868249533235,0.431288165445813,0.4091836141133301,0.7727212933488304,0.7791521208180497,0.8061950218142581,0.7613102331203057,0.4076684819229226,0.30012164632631866,0.28450132170454406,0.33256954804888145,0.44090883957147253,0.9958817233431408,1.0,0.9955656895236166,0.9948985104683228,0.9941676611835469,0.9930820909235135,-0.07267131975298684,0.43841711032590536,-0.11464260783847313,-0.11611166381540108,-0.7141653422831125,-0.5166680832491737,0.07081251498885527,0.09857853689183028,-0.1470020150727669,-0.1524265824071722,-0.07655998436163262
2005_HDI,-0.14510125211603958,0.010192889468893834,-0.2442032621706144,-0.039401437150623775,0.010478064199671977,0.01307399513482586,0.008835524095553231,0.07407491281485687,0.058820949034810666,0.06996754084946065,0.0772300438765914,0.0796207766850431,0.07628423619091171,0.06987558439086726,0.06452903363949923,0.060802464103590956,0.060097857230073166,-0.3690229913154597,-0.30493824829926747,-0.25010037000763996,-0.16957856631742232,0.049732795078621814,-0.3009345824808462,-0.3242179454421047,-0.2840427711003822,-0.15581348025353406,0.4236506191221307,0.06658073419623477,0.25216582247629354,0.05677454275499512,-0.25952769594698233,-0.3848360134722457,-0.30537535758663414,-0.297694395213377,0.08051977818612063,-0.16894332808382098,0.20382441246199662,0.23233855484537147,0.03308670775109332,0.022165650307470256,-0.16894332808382098,-0.1755480037539724,-0.16727207231040458,0.11277270330909234,-0.22145803551197957,0.07837839480313659,,,-0.1675759022380511,-0.17661969301834768,-0.16379012164182183,0.10947433092070988,-0.02603728935965046,-0.12883000701236716,-0.9710720063016193,,-0.4115439981055607,0.05706782063126731,0.023027830892816396,-0.2626525694937776,0.06260136845717684,-0.21876969834431892,-0.9710720063016193,,0.2347403031886222,0.5167703540484551,-0.11443128704627185,-0.006891711311409307,-0.44390021579115824,-0.950520055315997,,0.33459637593641484,-0.41429271215891006,-0.046101406576498145,0.21780409344534177,-0.2538554028771475,-0.9067900071722703,,0.14635796719645205,-0.5083898151259748,0.8118959434937322,-0.6848759507552435,-0.30297385511515185,0.5640656290774456,-0.6684456329120289,-0.03850268216867173,0.32705282600950253,-0.183902812860809,0.44214051747602046,0.2312068087078797,0.07744661282070388,0.5898539732431254,-0.4996958764581283,0.06353729667000305,0.6202460228320281,0.11224036804536375,0.1251224747984206,0.4880391041041492,0.49777514964780456,0.510786014460974,0.4842706861451233,0.40283700294160435,0.38213911470346146,0.7337573435985645,0.7387800789329354,0.7627948436403252,0.7135508683162722,0.349694486432003,0.23950773337320022,0.2614979455643974,0.31071091097943176,0.4643135375239588,0.9998530275304878,0.9955656895236166,1.0,0.9998290693263826,0.9994718062312673,0.9988126039329309,-0.09764918969687916,0.43387668576761834,-0.15458483873627907,-0.15583826690802657,-0.7011339279908813,-0.4701112906877973,0.06192079786245627,0.08455390850291364,-0.16450174443844334,-0.16957856631742238,-0.05421406931105334
2000_HDI,-0.14676629933314186,0.00996789557678723,-0.2442032634889272,-0.0394014342824001,0.010385212158758317,0.012961478002575173,0.008756168055529224,0.07325145412386816,0.05800930471753547,0.06922388712395101,0.07652867187477279,0.07893556853054516,0.07558733673626959,0.06915674631727924,0.06380808459660726,0.06009990047463122,0.059422830192251426,-0.369868490982949,-0.3057185766501024,-0.25021389229531177,-0.17090384485235285,0.059183665367296474,-0.3012544139487837,-0.3252971600725858,-0.2858283406804363,-0.1595719540199115,0.4280289468107108,0.06630118905194124,0.2500598319804943,0.06262378228525972,-0.26134302231603185,-0.3862813617533344,-0.3027465271472019,-0.2996139091143313,0.08245229007020326,-0.17025028859405678,0.20294309658090354,0.23210582222781773,0.03136267611970519,0.03127006581563487,-0.17025028859405678,-0.17704290791350843,-0.16887059373874744,0.10943996323976196,-0.22150237803062053,0.07837840632671192,,,-0.16895177195428016,-0.17803311337199712,-0.1654130465535871,0.10699681319824444,-0.026088250808948003,-0.12882999526252237,-0.9710720018886927,,-0.4130137409314166,0.05883461970699731,0.023056559943411558,-0.256725706086032,0.06255132347137128,-0.2187696911437107,-0.9710720018886927,,0.23471268847755133,0.5163004112622167,-0.10288551448425393,-0.0069112613504141935,-0.4439002133807665,-0.9505200539016885,,0.3401618285723627,-0.4152692903045208,-0.05220602505444079,0.2177334892755228,-0.25385540258782746,-0.9067899850983084,,0.13526708786958339,-0.5092279824977579,0.8102319371946617,-0.6818936602898952,-0.3112744042511571,0.5554000435625384,-0.6681433097330862,-0.047867061943355785,0.317015872200173,-0.19327333093916363,0.4319728305236781,0.23092074181413577,0.07669970104550525,0.5906267076936992,-0.501435926007565,0.06288646543653124,0.6206503210785181,0.11983527022433248,0.12428865047819229,0.4861041554253802,0.4958503667398495,0.508872453611348,0.48240585933074237,0.40080086700615053,0.38002755936812743,0.7360878097919874,0.7401948624745065,0.7646865548342358,0.7162684528178777,0.3513602097295088,0.24126875249897978,0.2599448703243509,0.30746976896872985,0.46285097081578586,0.9993652273540562,0.9948985104683228,0.9998290693263826,1.0,0.9999017767066948,0.9995420156168521,-0.0993331339580148,0.43181983191405615,-0.15655318152083686,-0.1578084389127311,-0.6968455779126833,-0.46369710223672433,0.05698204594443822,0.07933168592666663,-0.16603428167029788,-0.17090384485235285,-0.038047750185510536
1995_HDI,-0.14798939117928242,0.009796382419775774,-0.24420326926644514,-0.039401442947188205,0.010313190914987828,0.01287422054577184,0.008694609629413106,0.07261322036013129,0.0573835904724489,0.0686464507416282,0.07598000527973012,0.07839722395566369,0.07504023974752597,0.06859398350359124,0.06324444058815486,0.05955079632127081,0.05889435798985099,-0.3704249282382224,-0.30623196282516,-0.25023742053137155,-0.17185998424630905,0.06625866789320704,-0.30142129725252664,-0.32603018198037914,-0.28710577010467925,-0.16236500586817396,0.43120567511903873,0.06607605058673388,0.24840828746426918,0.06702640847547789,-0.26265486013094547,-0.38729040988383234,-0.3006821654165273,-0.30099114892924594,0.08388203081393408,-0.1711937085579741,0.20219901601153162,0.231860409399774,0.03001022676265739,0.038085044284138767,-0.1711937085579741,-0.17812717158808758,-0.1700339478104987,0.10685616052482567,-0.2215172235461536,0.07837840005854974,,,-0.16994696292674438,-0.17905322062440768,-0.16659165508689475,0.10506318167459532,-0.02610529395056426,-0.1288299930690547,-0.9710719770798308,,-0.4140143005182154,0.060193998574745805,0.023109343763455244,-0.25204879774328975,0.06253462674867913,-0.21876968413382444,-0.9710719770798308,,0.23465363586138183,0.5158236143486326,-0.09415779451475657,-0.006917810742075703,-0.44390021669074914,-0.9505200140341363,,0.3443201916150545,-0.4158995163580887,-0.056785148051005485,0.2177099836510271,-0.2538554082505778,-0.9067900582332482,,0.1269198119375092,-0.5097398347301015,0.8087955819292938,-0.6794981598453598,-0.31742779340087424,0.5487728833543022,-0.6677623870974038,-0.0548731642952527,0.30941437614836265,-0.20025485218435274,0.4242477999794575,0.2306513770688843,0.07612020063386521,0.5910709231422389,-0.5026259042785755,0.062382542827812804,0.620808016631319,0.12550496270533848,0.12363349932078736,0.4845409547613999,0.49429267224855006,0.5073209593520467,0.4808981331664989,0.39918308860004675,0.37835890046555126,0.7376721964528975,0.7410807123016038,0.7659436160284185,0.7181693003588449,0.3525572081104592,0.24255985929498197,0.25872102283565357,0.3049619727245782,0.461650141471999,0.9987680592286748,0.9941676611835469,0.9994718062312673,0.9999017767066948,1.0,0.9998677247079272,-0.10057573143957925,0.4301763795975959,-0.15800347881383847,-0.1592596975428076,-0.6934657278599334,-0.45876968254640904,0.05325909665456952,0.07539173040398563,-0.16715283127838024,-0.17185998424630902,-0.02568345675575557
1990_HDI,-0.14935035211267145,0.00959962935130947,-0.24420329363353097,-0.0394014435166855,0.01022959806642523,0.012773179558117367,0.00862308574612112,0.07186498082018347,0.05665391228634786,0.06796773070567454,0.07532780654072377,0.07775212287147963,0.07438383470661994,0.06791950596995677,0.06256873091783206,0.05889208365113177,0.0582584631037692,-0.37097671883959943,-0.30672426345649567,-0.250185773379377,-0.17289443015827713,0.0741958275036045,-0.30151862984420363,-0.32676418784597455,-0.2884794419880973,-0.1654962193134796,0.43463738217128295,0.06580506072886405,0.2464420081280069,0.07205163248616471,-0.26409335719192306,-0.38836692162173003,-0.29821155265748944,-0.30248107037980926,0.0854654367095869,-0.17221674303997955,0.20119623095733297,0.23146951885226133,0.028319235558408012,0.04571668229066918,-0.17221674303997955,-0.1793114207055777,-0.17131113001732282,0.10384572140334634,-0.22147647138765544,0.0783783806427847,,,-0.17102785243100987,-0.1801563367670957,-0.16787481956453998,0.10280771090893136,-0.026058419007350273,-0.12882999570168766,-0.9710719479588619,,-0.4150097021501069,0.0618556120634237,0.023277068276173214,-0.24643747017243828,0.06258066609305134,-0.21876967441372197,-0.9710719479588619,,0.234574926217779,0.5151467192386322,-0.08427656824002745,-0.006899852969764574,-0.4439002239994097,-0.9505199597163709,,0.34910004865326416,-0.41648762281502927,-0.062012877391533786,0.21777496692713155,-0.2538554113943212,-0.906790190555,,0.11750961433817914,-0.5101830593492225,0.8069640857893341,-0.6766223765837455,-0.3242607572818762,0.54117947988898,-0.6671585234590085,-0.06271559930127887,0.3007862912374686,-0.2080447965746911,0.41545379769202156,0.23028312059139155,0.07544389821130865,0.5914172161227084,-0.5038330603347664,0.061795754320410366,0.6208141582268186,0.1318485906862907,0.12286118390303243,0.4826571212680069,0.4924128665987158,0.5054471654170338,0.47908394598291054,0.3972655389049203,0.3763923780635939,0.7392798948231162,0.7418685344343313,0.7672019716324987,0.7202051354863238,0.35390073561871177,0.24402950158856615,0.25728037698631,0.3020442830068803,0.46018750465316377,0.9978320050368515,0.9930820909235135,0.9988126039329309,0.9995420156168521,0.9998677247079272,1.0,-0.10195382232461947,0.4282121481430858,-0.15962340420345822,-0.16088015256241567,-0.6894754090756956,-0.4530802002266767,0.04904228118152834,0.07092755895590279,-0.16838384293417583,-0.17289443015827713,-0.01105382236493195
Population Count,0.13265106444961455,0.016864958575073682,0.26559742846816725,0.17709586662091636,0.08715209024601601,0.07749387860480954,0.08340611541203322,-0.3493160796735586,-0.34913777074701563,-0.3449059958818088,-0.3421089881662746,-0.34115920144521045,-0.3411024402077206,-0.3385849828088252,-0.3359883394709287,-0.3328262457453729,-0.3316100116121634,0.6845435069599523,0.8250033703222562,0.8135637625489656,0.9271478023776515,-0.025334997360540887,0.8258550351332639,0.8897321197794721,0.08398020452503273,0.07777145349475559,-0.43653636140834784,-0.12812453797689077,-0.33783541637297865,-0.1294015004902768,0.8821887515332167,0.21807884297644597,0.3341875780672039,0.3966176154441995,-0.03114591150120067,0.9221336442460978,-0.16758119563425683,-0.18050572205729057,-0.07342469504426224,-0.008343227721454698,0.9221336442460978,0.9201265802217776,0.9027055128253942,0.8763696049973787,0.5607771144088775,0.759517962682047,,,0.9203056669562221,0.9120168074718207,0.9231674013641749,0.91156701647976,0.7133404383232466,0.6906692676744395,0.9678663895422152,,0.14802989030911903,-0.07480634805195312,-0.08973512105986962,-0.04271376853899,0.47212281142921564,0.3652280549385166,0.9678663895422152,,-0.18253180936268346,-0.2250079781899675,-0.26146571332444307,-0.018825289641325706,0.1271132309516841,0.9753518302834617,,-0.05147460991265175,0.07095095291706605,0.4031066599086387,0.650729368336368,0.3771979477644817,0.7309556929075705,,0.055903011546507515,0.3158673185502862,-0.0801430934560834,0.09063492798461745,0.20134520986138227,-0.04069334221372557,0.1863105387263989,0.02424239025083749,0.029371339293427893,0.11301920943096654,0.009104153104664673,-0.42898810479448923,-0.3599487690209831,-0.25920284456445014,-0.11652165499724954,-0.38415246673065145,-0.2671576306867909,-0.2531917128248843,-0.24153390507674843,0.14147143665723072,0.13837781225675602,0.14401891011184154,0.15096834859308,0.17064512483428965,0.18311330952591975,-0.023476007272834665,-0.019548805774567052,0.007477312891433022,0.03196141347613535,0.08703845988483488,0.11262365213358044,0.23958443051830094,0.280745635809724,-0.020602678816316347,-0.09604560247793305,-0.07267131975298684,-0.09764918969687916,-0.0993331339580148,-0.10057573143957925,-0.10195382232461947,1.0,0.10860388490113655,0.13071893876830876,0.13298982869822756,-0.005815600366957836,0.04895686291867849,0.20200786764366838,0.19462856075513282,0.9033918273903044,0.9271478023776515,-0.0806190875189639
Population Density,0.045963051684548485,-0.005412632713865662,-0.17390255786335118,-0.020106793364708848,0.008901006177771464,0.005810519045176715,0.009186068350867493,-0.09419032637542722,-0.1022851915675552,-0.10355654280035624,-0.10941604256123191,-0.11847855463273997,-0.12764808318569876,-0.1362733609039526,-0.14305072205396266,-0.14727790509806477,-0.1489723733452976,-0.08254698384993549,-0.12254070156607526,-0.09393849300537761,-0.06776164652611671,-0.07076548678957013,-0.11651498155693192,-0.09946924187953057,-0.18781947876652194,-0.05981836230159288,0.10660796337386237,-0.05144779575619023,0.03157901240676466,-0.05805789132556448,-0.09166642636962458,-0.17747095515881126,-0.08761501122091081,-0.09218159647957849,-0.024829491574922844,-0.07084597141955684,-0.03516854476280771,0.008758922719654262,-0.12838254703047375,-0.08133147864039686,-0.07084597141955684,-0.08310966774752308,-0.08621915598974259,0.025464132303183923,-0.3834232135046956,-0.06040177026372284,,,-0.0730578936455275,-0.08436217011158045,-0.07022951252391778,0.03874152844584175,-0.2993744520951274,-0.21671558940054336,-0.8953908341818739,,-0.11389142809843296,0.11464496765603027,-0.02491137503266377,-0.23173513814884628,-0.07119566315798291,-0.23751407082798168,-0.8953908341818739,,0.03384313084677455,0.22982634502939442,-0.1656902548881299,-0.358013847278848,-0.3409198191426186,-0.8515297812639793,,0.23865843728131797,-0.3597565394963079,-0.09587848170703173,0.3755114729769858,-0.1913940013385924,-0.9900579638945598,,0.15049850889647573,-0.22139525180046607,0.40908722268832,-0.32922179981465866,-0.09718113515754176,0.31835505731916397,-0.32047743814259605,0.10262037404862057,0.16654375812506092,-0.03349233022786238,0.2566456990696503,-0.11347275896237526,-0.20149760668915506,0.2613897021672621,-0.4566413252613437,-0.2113621404154791,0.30177016069281654,0.0035019511977624875,-0.07649112731331562,0.7249747224138051,0.7243567284040093,0.7276280759764393,0.7254755067074709,0.6676101572837314,0.6786588898459649,0.2501067915674836,0.25714532578078875,0.2734273984949683,0.2715090354518231,0.08668017474283037,0.03944482421276421,0.7927036611304777,0.7413865776671399,0.7444393711929783,0.4356666486085168,0.43841711032590536,0.43387668576761834,0.43181983191405615,0.4301763795975959,0.4282121481430858,0.10860388490113655,1.0,0.05277233732468071,0.0522138183221138,-0.4058566374211714,-0.08527487520565995,-0.11580624485736858,-0.09846877905272232,-0.06828648716923098,-0.06776164652611673,-0.10859081868743692
Warning Level,0.9681513137117604,0.03473366608891996,0.01905458518820484,0.0035756387454909,-0.010623288172174304,-0.007746598934300628,-0.010705919754843063,-0.21907662611487333,-0.19430025219051167,-0.19316104951413174,-0.2049937227888191,-0.21689820079428965,-0.22138070415573727,-0.22127778147505997,-0.22078494551623878,-0.22116066410588708,-0.22466423553252932,0.2195538216456518,0.17473871226614032,0.1829435580141887,0.10568275766383717,-0.2961220554222892,0.1645064720758733,0.16377014711350968,-0.088458819482188,-0.028359576001716208,-0.4576668067306727,-0.0775165531192325,-0.1330948542535996,-0.05615866207903859,0.1906292875801994,0.10261958100063383,0.0902887782691338,0.2071427707861495,0.1271344204859802,0.09821823365734435,-0.22961276482510104,-0.15817396054474064,-0.22669667943559463,-0.29000342602228346,0.09821823365734435,0.09157435988904453,0.05756795692044885,-0.07661824179946265,-0.051790047573996204,-0.4074340042354984,,,0.10623844003622845,0.10684828633360388,0.07543725587128249,-0.06550702510908342,0.022940478002532322,-0.4867804915018397,-0.9035365888763062,,0.31480064388614937,0.1684642130696,0.1904873551984735,0.0351531593661741,0.06265708064355847,-0.34775335966987986,-0.9035365888763062,,-0.16847534998847694,-0.12591795313161705,-0.14228795426337662,0.022446821755274175,-0.4984234594116789,-0.8610190447356351,,0.0037953301308933786,0.14680458500795682,0.06397440591992355,-0.04865963328546817,-0.013896236151113517,-0.9882967855897573,,-0.07151290306667153,0.43520987638113695,-0.10981219598845275,0.04579273951323729,0.15864219830685572,-0.1444565870533674,0.23354381403154603,-0.21908875916489876,0.012541229421831855,-0.007673775973414202,-0.0582127558936559,-0.4618793513564682,-0.3297335424702156,-0.3696651408675752,0.0401927289439739,-0.38058948194866454,-0.41502933206868275,-0.37683767401685087,-0.34787075289739144,0.22768860438223118,0.22266229823645123,0.22506654557184616,0.22231326149377753,0.29386659903451,0.2894116166205825,0.12950330426054976,0.13471568536952494,0.15134923866613928,0.16809294023197216,0.3191966805865481,0.33856838463230254,0.34568743565576676,0.42042727923003664,-0.10459275095087588,-0.15270613536254443,-0.11464260783847313,-0.15458483873627907,-0.15655318152083686,-0.15800347881383847,-0.15962340420345822,0.13071893876830876,0.05277233732468071,1.0,0.9999908916646859,0.03130886595522153,-0.2030084464643268,0.2248253902762999,0.23937525700861548,0.10592148145730283,0.1056827576638372,-0.09892785202566154
Danger Level,0.9682269099062395,0.03485480800767049,0.019192402761303625,0.0038049453781916075,-0.0104790815895477,-0.007486294944078679,-0.01060978044839745,-0.22005237934540656,-0.19420925419505644,-0.19254812591674544,-0.20410895495320922,-0.21585795865488094,-0.22023212551435684,-0.22006097499784222,-0.21949089220496765,-0.21981495720985936,-0.22327791657097534,0.2184494005036695,0.17650218510463028,0.1849797601196767,0.10763191571418389,-0.2963886990256829,0.166791016539115,0.1650691819622062,-0.08834862367757586,-0.032221129429508374,-0.4578284250873229,-0.07722612632166943,-0.1319368582400972,-0.05390313017986565,0.19177804493122616,0.10235339742328103,0.08953936569022188,0.20575237817615377,0.13031057852725725,0.10020029980190384,-0.2302939756242646,-0.15726686535638928,-0.23885695074867297,-0.2904447796306885,0.10020029980190384,0.09317636561168816,0.05838965255822929,-0.0760012433732728,-0.05187131654391496,-0.4052369024954475,,,0.10804421728963952,0.10848267657992132,0.07685089427543251,-0.06587940987132208,0.024984915407435863,-0.4870367383106442,-0.9064447853533659,,0.31589351017173534,0.16904163676571274,0.19402686069489528,0.03493165536901291,0.06672106273965353,-0.3495465934888538,-0.9064447853533659,,-0.1689299447362625,-0.12626243220375805,-0.1461361420980763,0.02162492299044944,-0.5015286135621196,-0.8644509329790023,,0.007156709254486883,0.1513393835038088,0.0631098759809059,-0.04457728778624649,-0.016952978478489228,-0.9873959021014184,,-0.07370276404772433,0.4412281876493526,-0.10743477835548566,0.042019837519417076,0.15850573596968723,-0.14305568689738873,0.23372416664204518,-0.2233443517228745,0.01187360548706046,-0.011857209441966155,-0.05759723108758016,-0.4616580099628616,-0.3277500021155882,-0.3709498291135162,0.04042084773891021,-0.37897607299904046,-0.41615073924060964,-0.377853199182884,-0.34631473526869516,0.22610469116627832,0.22105442764624925,0.22351323874320062,0.2207362859896185,0.29283612694222666,0.2882427830473363,0.12790232965745094,0.13323824066628973,0.150475718516847,0.16763862192478232,0.3270987471931084,0.34749976872002125,0.34649702004570476,0.4198817476744201,-0.10422780506824586,-0.15395730958380335,-0.11611166381540108,-0.15583826690802657,-0.1578084389127311,-0.1592596975428076,-0.16088015256241567,0.13298982869822756,0.0522138183221138,0.9999908916646859,1.0,0.02801708626477822,-0.20415690962212876,0.22644905545504349,0.2410115421328546,0.10767819069871133,0.10763191571418389,-0.09938467732338131
Latitude,0.03769492689621058,0.007129465468549838,0.3674234727983893,0.05892291271396296,-0.016104094753931292,-0.008870277130990836,-0.01714098372423147,-0.07130591023368267,-0.0653904326244414,-0.08514092861551871,-0.10175177002343355,-0.10826899947646186,-0.10958706173782103,-0.1073171765609853,-0.10474155595873849,-0.10441076948729017,-0.10705014704198398,0.4172083589053071,0.3183209948929488,0.2570667934640312,0.1200604383790395,0.21334263726398037,0.30594668328585073,0.2574275267907939,0.24914153533910996,-0.08723592756006017,-0.30106981629700885,-0.10944996323632734,-0.3070111295399981,0.23829962431462598,0.21887790193585321,0.47021210259501195,0.34120070923919016,0.3475643603182701,0.2747765967320512,0.12350960901543943,-0.18712374869158063,-0.2480701707769094,0.04278957041680225,0.24285215233302748,0.12350960901543943,0.13193205434308083,0.10955873374050715,-0.04841074920710176,0.18142185864176213,-0.09011100244018674,,,0.12191917238037303,0.1350817620331234,0.08415824782995424,-0.09903472496134093,-0.035502676005722836,0.009836086449240835,0.4843230980932715,,0.2880240077750631,0.028142804524625746,0.06526549827489218,0.11208732512905774,-0.20453074530297366,0.07477058803921265,0.4843230980932715,,-0.0960992534071663,-0.386037303848501,0.1336916598514814,0.18647451422050973,0.3258624147018843,0.40363811247669085,,-0.2054918365504659,0.37146970568560694,-0.1451587683217233,-0.6435358961726431,0.17273082686991592,0.88752130382846,,-0.32242926978211284,0.6907670943783465,-0.9378844843719348,0.9399534464780036,0.2912946758772437,-0.8389238741188305,0.8716009975364268,-0.021654223890426545,-0.5135624008400628,0.13861371518554458,-0.6962502430420558,-0.31670010714934405,-0.22280479630984792,-0.3793772778117838,0.47871279229873975,-0.1904183593314319,-0.38164112122123467,0.20317328526959402,-0.3227716196239021,-0.3725327211594048,-0.37813414267058726,-0.39434296985531114,-0.37440273611977504,-0.2605557414217057,-0.2408111014343367,-0.36257101541045117,-0.3760372019944605,-0.4520509785376263,-0.39442337377279646,0.01585821821723468,0.129323918437535,-0.34268507272062126,-0.383145710493077,-0.3621538211690237,-0.7049283780987412,-0.7141653422831125,-0.7011339279908813,-0.6968455779126833,-0.6934657278599334,-0.6894754090756956,-0.005815600366957836,-0.4058566374211714,0.03130886595522153,0.02801708626477822,1.0,0.560550864933114,-0.23870454734912583,-0.27042433363352397,0.11740034974338592,0.1200604383790395,0.21842377639350716
Longitude,-0.18843635144997187,-0.030595852199476525,0.03506791083601996,0.010058414030728246,-0.006251005338819855,-0.012138013904731931,-0.0038945011053841748,-0.17358262088977133,-0.1928094203334707,-0.22110029564587091,-0.2402878665611455,-0.2508155638474643,-0.2570983510027944,-0.2613595088235592,-0.2658577750910228,-0.26881416081557713,-0.2707444082228079,0.2733564766230484,0.14819530013586865,0.10635704994452065,0.060848256108192125,0.5081886102530072,0.14668931288862713,0.16075750834416228,0.14205047194917259,-0.08714874973072505,0.008827657215472596,-0.10989076110305525,-0.33844859403909877,0.10240109725696188,0.1307543701843568,0.19287847236706032,0.32515160189641734,0.18434551332789006,0.03149414681248264,0.06613576642204343,-0.08962541339393118,-0.12095245307489634,0.00619757722987161,0.5200601960826198,0.06613576642204343,0.0578560384337859,0.05153488605839034,-0.11197841953242245,-0.06814050062168094,0.2455707032908027,,,0.05561800997994758,0.04722146767202629,0.02882308537690733,-0.04512247669625202,-0.10446604982595796,-0.3575037195377079,0.981176826769876,,-0.011740893653604707,-0.032130968663818225,-0.194713614853144,0.19751043777907787,-0.06509516155331893,-0.6241985232003879,0.981176826769876,,-0.05125575014445505,-0.1988797964116581,0.27444651328078745,-0.05510662154346792,-0.5320144725702867,0.9611170131194066,,0.03721535077429086,-0.05330637059401796,0.0988197322849901,-0.23716355008600706,-0.30104998462948634,0.9118631193986739,,-0.4928221264262433,0.03978826050136769,-0.5571669956743667,0.5673368052510663,-0.23537841092244235,-0.647494319120053,0.31866220094040715,-0.15666615887110585,-0.7787746242613055,-0.2594500918706581,-0.6976200291544656,-0.2906782739183831,-0.3691333913465944,0.04818668846015913,-0.23438743726503664,-0.3172901004222718,0.07625147266046323,0.5721033915197846,-0.29931288034492887,-0.21260599204682246,-0.21464307871094526,-0.23191935599432761,-0.20932064575488976,-0.22584499709527045,-0.20202150802117017,-0.4528858597058507,-0.47154434110557997,-0.575303520335241,-0.5695459349418925,-0.49398128404861585,-0.444907167476665,-0.08721511841228705,-0.26877303843922895,0.12110999443224153,-0.4759590977226266,-0.5166680832491737,-0.4701112906877973,-0.46369710223672433,-0.45876968254640904,-0.4530802002266767,0.04895686291867849,-0.08527487520565995,-0.2030084464643268,-0.20415690962212876,0.560550864933114,1.0,-0.36006972961476635,-0.39172615568662106,0.052541455503441845,0.060848256108192125,0.2868194204364843
Level_Entries,0.19480613316126258,-0.12922916844202104,0.2080971225247287,0.04056271404402786,0.003481970356989577,-0.004431341259007232,0.005720844389348667,-0.03794457559635185,-0.03864910617701406,-0.04889937314725252,-0.06052923647135692,-0.0684307931923289,-0.07188815007497613,-0.0740777237785617,-0.07543768484010258,-0.0761072390585012,-0.0763093701690674,0.27885402746693844,0.23773056751353605,0.21811960438845304,0.2010131495919194,-0.31684015002576316,0.23255250227618693,0.2795487736006818,0.12268662394905035,0.08246677459843439,-0.3829647682524895,-0.225283964131103,-0.24012423906328423,-0.11531683381262985,0.2913043809781167,0.1901793642717175,0.18651382848351292,0.27413275194210823,-0.024520709509351826,0.19404018178500923,-0.26142480034460647,-0.2651277120360203,-0.16645106199222298,-0.3083280462872145,0.19404018178500923,0.19791646210808161,0.1801619091763509,0.07928270237800085,0.022254889636085858,-0.5612825151231199,,,0.20508147641420096,0.198169783363378,0.21699632217724465,0.09163652309832851,-0.009402783366260438,-0.4158734156273044,0.12860000933651813,,0.18751823420081049,0.009380240625856014,0.15263875791506817,0.04859061016774689,-0.027837995690235047,-0.14835068284769704,0.12860000933651813,,-0.07991237262954866,-0.04598764407468412,-0.20736194374874253,-0.10793444481764156,-0.07905545199821941,0.08183692357666644,,0.014662942683551198,0.14578369905651187,0.16449060855042982,0.3259866826091721,-0.27661265994576734,0.39224588375448377,,0.3299688870914087,0.10127198137292175,0.12543039904654563,-0.1612761764335981,0.2960548644721905,0.3075745107394866,-0.009625153634902014,0.1713379046631643,0.3969145128667345,0.2806831240175691,0.3584445166329944,-0.144481401851726,-0.1063822963779293,-0.01349960211117561,-0.005556349676529161,-0.13128457260371085,-0.03287924880288165,-0.408383582377234,-0.043796575777138254,0.006851956239122626,0.0071773170620675515,0.013905357732412653,-0.0063729471397005145,0.0095825483652188,-0.001493971765558994,-0.0038191194007039303,0.008693604702578071,0.06575504133630783,0.03861917097075081,0.07081289375402938,0.04195975423742192,-0.02098208706447393,0.1413572246345526,-0.12663356102109882,0.06651805810028007,0.07081251498885527,0.06192079786245627,0.05698204594443822,0.05325909665456952,0.04904228118152834,0.20200786764366838,-0.11580624485736858,0.2248253902762999,0.22644905545504349,-0.23870454734912583,-0.36006972961476635,1.0,0.9758420738513994,0.17452055117914386,0.2010131495919194,-0.24431964695672995
Streamflow_Entries,0.21114957913036797,-0.1226576878549541,0.20385509982716613,0.0411205618105318,0.008587331105870446,0.00419037325134485,0.009311462894528357,-0.04358049259581657,-0.042289947432758615,-0.05091645409776177,-0.06277772280385388,-0.07176029039424142,-0.07593744823878495,-0.07891759339275614,-0.08070556483463752,-0.08178264613514552,-0.08237213752414625,0.2723425388749932,0.23515681684196768,0.22252664761827448,0.1922017801040975,-0.33950780163646976,0.2347106338227592,0.2682655613689148,0.10457407238367906,0.05154893515935892,-0.3981139593690351,-0.22549863322941266,-0.2353510180550496,-0.08554745531438078,0.281275090620194,0.2014632368410017,0.18497729040949093,0.2569564498522753,0.0021772936129496757,0.18491978090242925,-0.2686779617840747,-0.27180533767143666,-0.1693204633358757,-0.32994134468708225,0.18491978090242925,0.18958080429743557,0.16805513089489582,0.07166535279669149,0.024642208383115732,-0.5898881769461531,,,0.19722550353699111,0.1927325476108846,0.20030284354251082,0.07350817317483371,0.010423510839958051,-0.39896657855305223,0.016227221980636544,,0.19668145463196826,0.022525528196594126,0.13338200020857002,0.044841098704843305,-0.008329092070410965,-0.10716101237843678,0.016227221980636544,,-0.0684528616500475,-0.0701373740464238,-0.1536063686413367,-0.05890103699063132,-0.05894246666639308,-0.030479896858977742,,0.004193761726498755,0.14854082281155595,0.13192961111695978,0.31940335255225394,-0.2901448932525615,0.30166281972846926,,0.36520132729106297,0.11601713712465755,0.15343659447986224,-0.18349773509058445,0.31557021009038244,0.34062238625268987,-0.02011819571296196,0.19587289095793295,0.43353126315831947,0.30206402767002327,0.395060770336423,-0.1667432257852878,-0.12371859820352878,-0.009639635440976591,-0.0295062084430351,-0.15177728753501885,-0.03533645244649853,-0.44627814950572336,-0.04996862474330194,0.044997942039211425,0.04548134794472237,0.052649568632548265,0.0342101065264289,0.051915662750420345,0.03977376066010909,0.039953800871477825,0.05333810519199048,0.11263098157489324,0.08976767334555849,0.11956133477920165,0.08630193270199643,0.019825933859270835,0.16008995023501446,-0.11782418432014463,0.08941040313066015,0.09857853689183028,0.08455390850291364,0.07933168592666663,0.07539173040398563,0.07092755895590279,0.19462856075513282,-0.09846877905272232,0.23937525700861548,0.2410115421328546,-0.27042433363352397,-0.39172615568662106,0.9758420738513994,1.0,0.16627767067127466,0.19220178010409747,-0.2558591453502624
Source Catchment Area,0.11872767460469781,0.032553983856008134,0.43744910818771554,0.18478448756369217,0.056265410244922036,0.05528374825131564,0.052180165583810334,-0.29303752460399934,-0.29365769516929957,-0.29368987496955756,-0.2924993416146306,-0.28990942853450336,-0.28829562391381974,-0.2855087046568517,-0.2828640651857565,-0.27990072567730184,-0.2787534032636822,0.7003981952139796,0.8612403996643802,0.8325186358780274,0.9742028700108291,-0.03328475185348672,0.8553106529236663,0.8991818069833739,0.13142455456187416,0.04773191621551585,-0.41585514075539065,-0.3482163792564049,-0.34470962632162655,-0.06644885874337451,0.8707822708473781,0.26655626024653056,0.34951104162391733,0.41525659464193965,0.02957839115811325,0.9736821885472422,-0.13085416100462402,-0.22067336245889377,-0.006156084259833512,-0.01461824907393077,0.9736821885472422,0.9722989227060342,0.9624540634063415,0.9311561299881346,0.8143052890407395,0.8470086029359843,,,0.9738279641307601,0.9692828702834928,0.960327891476036,0.8978150601109127,0.8576665719551737,0.7930730581361408,0.9676098555513377,,0.14248914857506567,-0.07342444148551933,-0.1055944271051973,-0.06267940665486495,0.41514787028782085,0.4375321787907967,0.9676098555513377,,-0.1629265504990389,-0.24454577254000162,-0.2602587398599346,0.19143771282175884,0.24566969145705958,0.9426066821883003,,-0.07992522180893372,0.10068771423927386,0.44660802842967734,0.3010294501477269,0.3908882633772193,0.9315166621922746,,0.07864903559558581,0.37155822697509455,-0.1952782235912255,0.20345707227432708,0.28401580089893114,-0.09671027099234764,0.2907768924321805,0.08031305163875585,0.021262697252653635,0.19590185129190285,-0.02401371833758877,-0.3970160289902646,-0.3289378304000142,-0.22969367984258854,-0.011706917170665323,-0.34118379313970026,-0.24567748020546806,-0.23953695625472035,-0.23656609368746714,-0.0035473191537223176,-0.00580819327588207,-0.0036247762298772046,0.002297074655401125,0.03614032154262861,0.045384669186176875,-0.07035429984830305,-0.06701199206568927,-0.053558781418236785,-0.026013353276598362,0.07469292884363123,0.10519048139778397,0.050469078674985964,0.12155958197744264,-0.18038395016702238,-0.1630252069024718,-0.1470020150727669,-0.16450174443844334,-0.16603428167029788,-0.16715283127838024,-0.16838384293417583,0.9033918273903044,-0.06828648716923098,0.10592148145730283,0.10767819069871133,0.11740034974338592,0.052541455503441845,0.17452055117914386,0.16627767067127466,1.0,0.9742028700108291,-0.07161001635181725
Catchment Area,0.10932587485062546,0.012346121514860786,0.4309193356166494,0.18518711785433747,0.059838915697255336,0.0581524996827755,0.05569783361433463,-0.2982591518637028,-0.29761081638189024,-0.29700749833449247,-0.29555713576613946,-0.293598053372033,-0.29269822629283426,-0.289897388981559,-0.28721715140106285,-0.284279015488167,-0.2833314292506839,0.7123660986941577,0.8857436445537546,0.8582617733363515,1.0,-0.017518484261244745,0.8806611100500128,0.9244090295254946,0.13638073930063874,0.03268170629275844,-0.41989794605779157,-0.1231859248686805,-0.34688288966588277,-0.05528080056296985,0.8957658509317005,0.2566878321387629,0.36741983238301607,0.42254801749471765,0.04243576424210429,0.9994607505980462,-0.1413836802755212,-0.17297352955126966,-0.022021384257103604,0.001301480258758723,0.9994607505980462,0.9983531400842589,0.9897847619518594,0.9561550416401153,0.8432026642775313,0.8436683960695801,,,0.9993578512291187,0.995413380436656,0.9876462739949234,0.9244534664617097,0.9003070223254019,0.7824514734640218,0.9670796339537304,,0.14884096135978517,-0.07251846227055168,-0.10754670061815508,-0.05764910396012818,0.45211932352646395,0.4266021090890441,0.9670796339537304,,-0.16305710861304853,-0.25142478063435636,-0.26355544589696284,0.2149230440958304,0.23504279111744142,0.9426782978142033,,-0.0712938194080118,0.10506206720691007,0.4675863867344914,0.32729490780214043,0.3762926669705299,0.9273717834400375,,0.06951335232464106,0.3716327308312619,-0.19478141698566456,0.20452667028695445,0.27550368883289844,-0.10082868257003845,0.2897770794372683,0.07284482813319079,0.014281168453185911,0.18611747415967056,-0.03076657643490821,-0.4023883471092111,-0.33389551020571634,-0.23356425956134325,-0.0183877451635136,-0.3461234149344763,-0.24877097674982548,-0.23561672715544504,-0.23841085019471367,-0.007643724558642933,-0.009982357019720226,-0.006869262003000151,-0.001074524439559101,0.032721886094678736,0.042373595533304595,-0.07804233320577633,-0.07539272462410794,-0.059210056605419864,-0.03145322233893636,0.07106945820320204,0.10287296202937708,0.043458273701533184,0.11779983338117077,-0.17859828324201096,-0.1682874315746634,-0.1524265824071722,-0.16957856631742238,-0.17090384485235285,-0.17185998424630902,-0.17289443015827713,0.9271478023776515,-0.06776164652611673,0.1056827576638372,0.10763191571418389,0.1200604383790395,0.060848256108192125,0.2010131495919194,0.19220178010409747,0.9742028700108291,1.0,-0.0621300094543779
Area variation (%),-0.08647963746819047,-0.008966478307100257,-0.12368195346176727,-0.036602084044577654,-0.0041248257073772335,-0.0046313299690056795,-0.00364178494835574,-0.04964100430313937,-0.049735465863330296,-0.04806082727070837,-0.04661869406921935,-0.04627807435269106,-0.046411975331033285,-0.047373350750951365,-0.04741023616237217,-0.047107188686201854,-0.04630968669778687,-0.040435543256618495,-0.03199254930970512,-0.0011652903001086803,-0.0621300094543779,0.39450352479339784,-0.010039276874097187,-0.04549753844037122,-0.07445974126196897,-0.16324847755218455,0.1608418633856378,-0.024324921489344026,-0.11844686885259127,0.2807915732642769,-0.09119151139726894,-0.09781941890542675,0.14825260278505592,-0.08965337347370406,0.07203234882135685,-0.06264532899909069,-0.09072781466999477,-0.04053351039800706,-0.1298247781533507,0.36510697666369385,-0.06264532899909069,-0.07099829093107209,-0.07399808840437064,-0.08487823369968865,-0.1262151070313106,-0.007652915254638002,,,-0.06513409993703317,-0.06466645443918766,-0.07220209472273192,-0.0634629620185295,-0.09670437299265715,-0.010465986940587282,0.2777390035380281,,-0.05808061292892578,0.11915145275192897,0.05286615872907288,0.16363332578645948,-0.11150678228781087,-0.008052669274839748,0.2777390035380281,,-0.002176872871035869,-0.0428365767226609,0.29932047541161366,0.0450988233909069,-0.18434681571857678,0.28985232586482834,,0.29637635988251426,-0.005891540210765894,-0.20562435649059801,-0.08823070992182484,-0.050769844907370854,0.148173115791593,,-0.4873245105736626,0.005669692509492743,-0.11119029721142343,0.1716600395589441,-0.3316938569141446,-0.40704323395599057,0.05851836430711475,-0.4046835339539585,-0.4361124290458306,-0.38924582865978047,-0.46466459558005,-0.03604705917908978,-0.04275044950763291,0.008767237049394628,-0.04475817567242278,-0.039588508438992275,-0.01245543167815361,0.2509813490457976,-0.03983806870136274,-0.10760092050442385,-0.10760267723502921,-0.10772879787833164,-0.10352460387100479,-0.10677686192200633,-0.10862204520801082,0.07025461217251094,0.022847975733725934,0.05289695849608671,0.10185736538594065,0.07949120875224207,0.08635279184073436,-0.07777554002446993,-0.14805720217421575,-0.09779874463256549,-0.06906639621434689,-0.07655998436163262,-0.05421406931105334,-0.038047750185510536,-0.02568345675575557,-0.01105382236493195,-0.0806190875189639,-0.10859081868743692,-0.09892785202566154,-0.09938467732338131,0.21842377639350716,0.2868194204364843,-0.24431964695672995,-0.2558591453502624,-0.07161001635181725,-0.0621300094543779,1.0
